platform,date,user,content,likes,shares,comments,source_url,sentiment_label,sentiment_score
facebook,1745950044,ecuadoravisos,"Lista de útiles escolares del Ministerio de Educación, región Costa Galápagos 2025 ",3,4,0,https://www.facebook.com/reel/1889392615159525/,neutral,0.8907062411308289
facebook,1745894036,ecuadoravisos,Como saber a qué partido político estoy afiliado en Ecuador ,1,13,0,https://www.facebook.com/reel/1362345361484695/,neutral,0.8756239414215088
facebook,1745863504,ecuadoravisos,Denunciar llamadas de cobro o spam ゚,0,2,0,https://www.facebook.com/reel/1318935149218328/,negative,0.5382848381996155
facebook,1745847759,ecuadoravisos,Vacantes para guardias de seguridad privada en Ecuador - SICOSEP ,7,1,0,https://www.facebook.com/reel/3621675278138318/,neutral,0.6665156483650208
facebook,1745648972,ecuadoravisos,"Inscríbete en las becas ""Because he is nice"" hasta el 30 de abril ",1,0,0,https://www.facebook.com/reel/648739371358833/,neutral,0.5351730585098267
facebook,1745646899,ecuadoravisos,Aprende inglés totalmente gratis con los cursos de la embajada de Estados Unidos en Ecuador ,9,0,0,https://www.facebook.com/reel/678223691611338/,neutral,0.6926520466804504
facebook,1745635105,ecuadoravisos,Denuncia las llamadas telefónicas de cobranza o promociones no solicitas.,0,0,0,https://www.facebook.com/reel/1378901633423895/,neutral,0.5617071986198425
facebook,1745634943,ecuadoravisos,¿Cuánto tiempo tarda en desaparecer una deuda en el Buró de Crédito?,0,0,0,https://www.facebook.com/reel/1017711173825949/,neutral,0.7605379819869995
facebook,1745634723,ecuadoravisos,"La embajada de Estados Unidos en Ecuador, te invita a aprender con sus cursos de inglés en línea gratis.",0,0,0,https://www.facebook.com/ecuadoravisos/posts/pfbid0F827ksbdLQtfEUmLLRoeNmWGU9LprTQfuL6r3zJ4uAqppM7ZcZW39BtnJjcXi6Zxl,positive,0.5051196217536926
facebook,1745632058,ecuadoravisos,Inscribirse para el bono de adultos mayores o de la tercera edad en el MIES ,16,2,3,https://www.facebook.com/reel/1428207005004671/,neutral,0.8825527429580688
facebook,1745631608,ecuadoravisos,Inscríbete en el Acuartelamiento Militar Voluntario en Ecuador ,2,0,0,https://www.facebook.com/reel/1319610476007219/,neutral,0.887252688407898
facebook,1745631369,ecuadoravisos,Vacantes de KFC en abril 2025 ,6,1,0,https://www.facebook.com/reel/695180909638676/,neutral,0.8472316265106201
facebook,1744156867,ecuadoravisos,"Postula a las becas de inglés ""Because he is nice"" de la Senescyt.",2,0,0,https://www.facebook.com/ecuadoravisos/posts/pfbid02uz1KzWfzXHdm7q7hzsf9KNX7fY2rbYkyXEbkrbkoJ21haNCodNW87HJgX6t1oWAMl,neutral,0.48513051867485046
facebook,1743999006,ecuadoravisos,Postúlate al Programa de Becas Guillermo Lasso Mendoza.,1,0,0,https://www.facebook.com/ecuadoravisos/posts/pfbid02cXX61aXRc8vvT497hswb85AZpae1BoV6FfvNNaXgiwtTeFdCqDh1EYbPVvTRqeUxl,neutral,0.8771750926971436
facebook,1743559808,ecuadoravisos,Inscríbete en la Educación a Distancia Virtual 2025 para culminar tu bachillerato.,1,0,0,https://www.facebook.com/ecuadoravisos/posts/pfbid02t879nGzfHpsnCAcmjBseX3LVxR7coQzQQUUCmajfgVqrRHPHyh8annQ42rXLVh3Gl,neutral,0.7410119771957397
facebook,1743112047,ecuadoravisos,Inscríbete en el SERVICIO MILITAR VOLUNTARIO ⬇️,4,4,1,https://www.facebook.com/ecuadoravisos/posts/pfbid02zLPdess9yzEEyWumTn1q8MQYF2gYL3S2xcQSucWRWMtFdz2UyPtDSwhq7foxTtCml,neutral,0.8958004713058472
facebook,1743102370,ecuadoravisos,Accede al CRÉDITO VIOLETA de BanEcuador ⬇️,5,0,1,https://www.facebook.com/ecuadoravisos/posts/pfbid0wUB34QREba7s2qSBuVNMR5Vf2yKSwwkU2EPc6qrQiugNHcQb4XNB3BGwBHGFovPFl,negative,0.7995928525924683
facebook,1742883620,ecuadoravisos,"Regístrate al bono ""Incentivo Emprende"" para impulsar tu emprendimiento afectado por las lluvias.",1,0,0,https://www.facebook.com/ecuadoravisos/posts/pfbid02FcXHCYgeCyYTm2rd38XJTKCTAfKZCSAqJCtR1VGiWWVFzznguLbb8wp3fnWT51b9l,neutral,0.6267053484916687
facebook,1742883134,ecuadoravisos,"Accede al crédito hipotecario del BIESS ""Vivienda Premier"".",1,0,0,https://www.facebook.com/ecuadoravisos/posts/pfbid0nm5T2JQgjDsBCAbDhMxXfe16w5yD6xyDPimTG6AGMAUeWYw5cEYCwjX8VJjEqCjtl,neutral,0.7717304229736328
facebook,1745964695,ladefensaec,"NO HABRÁ DÓLAR POR BARRIL PARA ESMERALDAS: NOBOA VETÓ LA LEY El presidente vetó totalmente el proyecto que destinaba $1 por cada barril de petróleo industrializado a Esmeraldas, Sucumbíos y Santa Elena. El Ejecutivo argumenta impacto fiscal y errores técnicos en la propuesta legislativa. La Asamblea rechazó el veto y calificó la decisión como un acto de abandono a las provincias productoras. 📲Te lo contamos. ",2,8,2,https://www.facebook.com/reel/2064226170719669/,negative,0.8387710452079773
facebook,1745945791,ladefensaec,"💬 EL HORROR QUE VIVIERON LOS 4 DE LAS MALVINAS Durante la noche del 27 y la madrugada del 28 de abril de 2025, se realizó la segunda reconstrucción del caso Las Malvinas, que duró más de ocho horas. Los detalles revelados son estremecedores: golpes, humillaciones y violencia física y psicológica cometida presuntamente por miembros de las Fuerzas Armadas contra menores de edad. Una historia que no debe quedar en silencio. 📌 Además en este episodio: 🔹 ¿Qué le queda políticamente a Augusto Verduga tras las filtraciones? 🔹 ¿Por qué Daniel Noboa vetó la ley de participación de rentas del Estado? 🔹 Dializadoras bajo advertencia: el Ministro de Salud lanza una alerta pública. 🎙️ Invitado: ▪ Jorge Luis Hidalgo, especialista energético – Tema: Las fallas del Ministerio de Energía y la falta de escucha técnica 💬 ¿Se investigará hasta el final o habrá más silencio institucional? 🎥 ¡Conéctate ahora! ",1,3,1,https://www.facebook.com/reel/1017252366662272/,negative,0.6982948184013367
facebook,1745927795,ladefensaec,"VERDUGA RESPONDE A LUISA Augusto Verduga niega haber grabado conversaciones del caso Ligados. Habla de material obtenido de forma ilegal de parte de Fiscalía y acusa a actores de la Revolución Ciudadana de dejarlo solo y acusarlo en lugar de solidarizarse. Esto tras la declaración de . 📌 “Supongo que para muchos ya soy un fusible quemado... La deslealtad no está en mi ADN”, dice. ¿Crónica de una fractura anunciada? ",22,4,21,https://www.facebook.com/reel/24410784655178354/,negative,0.8658385276794434
facebook,1745889840,ladefensaec,"ALCALDES EN LA CUERDA FLOJA: CRISIS MUNICIPAL EN ECUADOR Pabel Muñoz, Aquiles Álvarez, John Vinueza, Luis Chonillo y Darío Macas enfrentan procesos legales, pedidos de remoción y fiscalizaciones que desnudan una profunda crisis institucional en Quito, Guayaquil, Riobamba, Durán y Machala. Los protagonistas del poder local hoy tambalean. Mira el video completo en LA DEFENSA y entérate de qué está en juego en cada ciudad. ",12,7,0,https://www.facebook.com/reel/1854372128674300/,negative,0.8031330108642578
facebook,1745885758,ladefensaec,"🔴 LAS FALENCIAS DEL REGLAMENTO DE GODOY ▶️Sobre las deficiencias en la propuesta de reglamento para la selección de jueces constitucionales, la vocal de la Judicatura, Solanda Goyes, explica que falta, para empezar, el perfil del juez que delinean las competencias que tendría un magistrado especializado en materia constitucional. ▶️Goyes también señala que en el reglamento se deben establecer calificaciones no solo por el título de abogado y la maestría en derecho constitucional, sino también por la experiencia específica. ▶️Asimismo, la vocal reprochó que en la propuesta no existen parámetros que evalúen la probidad notoria de los postulantes y que garantice la paridad de género. Si estas debilidades no se corrigen, advierte Goyes, el Consejo de la Judicatura podría incurrir en nulidades posteriores, tal como ocurrió en la época de Wilman Terán. Encuentra toda la entrevista aquí 🔽 ",2,1,0,https://www.facebook.com/reel/608783865510230/,neutral,0.4858253300189972
facebook,1745876916,ladefensaec,"LUISA VS. VERDUGA: LIGADOS DIVIDE AL CORREÍSMO En entrevista, Luisa González calificó a Augusto Verduga de “maquiavélico”, recordando los audios del caso Ligados donde la llamaban “la Rana René”. Mientras Verduga promete responder, su hermano Abraham y la exasesora de Jorge Glas, Soledad Padilla, ya lanzaron sus propios dardos. 🔻 La Revolución Ciudadana se sacude desde adentro. Hoy Verduga es el “desleal”. Mañana, ¿quién más? 📺 Mira el análisis completo en LA DEFENSA. ",23,8,14,https://www.facebook.com/reel/704834452065283/,negative,0.4995518624782562
facebook,1745868977,ladefensaec,"⚠️ CONFIRMAN MUERTE POR FIEBRE AMARILLA EN ECUADOR Un joven de Loja, de 26 años, falleció tras contagiarse en zona de minería ilegal en frontera con Perú. El ministro de Salud habla de un caso aislado y anuncia brigadas de vacunación en los puntos de ingreso al país. Mira los síntomas y cómo prevenir. ",0,1,0,https://www.facebook.com/ladefensaec/posts/pfbid0WSE47Arfm9qrgHrXPGxyfiyBh86z5RSbTxe3p2oPdScTQompZFfDjEBiU5r4ecrrl,negative,0.8180908560752869
facebook,1745859051,ladefensaec,"💬 LUISAGATE: “VERDUGA ES MAQUIAVÉLICO”, DICE LUISA La excandidata presidencial Luisa González reaparece en medios para sostener la teoría de fraude y, además, responder a las conversaciones filtradas de Augusto Verduga, al que calificó de “maquiavélico y desleal”. Su hermano, Abraham Verduga, salió a defenderlo públicamente, dejando al descubierto nuevas fracturas dentro del correísmo. 📌 Además en este episodio: 🔹 Primer fallecido en Ecuador por fiebre amarilla en 2025. 🔹 Víctor Valdivieso, exalcalde de La Libertad, investigado por enriquecimiento ilícito. 🎙️ Invitada: ▪ Solanda Goyes, vocal del Consejo de la Judicatura – Tema: Las objeciones a Mario Godoy en el sistema judicial 💬 ¿El correísmo enfrenta su crisis interna más profunda? 🎥 ¡Conéctate ahora! ",4,0,1,https://www.facebook.com/reel/686508983787817/,negative,0.5494307279586792
facebook,1745703157,ladefensaec,"👍”LOS LIGADOS” ENTRE OPERADORES, TIMADORES Y BRONCAS INTERNAS👎 ❌Para evitar la destitución de la Liga Azul en el TCE, la RC habría ingeniado una serie de maniobras y cabildeos con Andrés Arauz, Luisa González, Sonia Vera, Santiago Díaz y David Carrillo, sin embargo, ese plan fracasó. 🟣 Paralelamente, Augusto Verduga, exconsejero correísta, se quejó con Arauz de que Mario Godoy, presidente de la Judicatura designado con los votos de los “ligados”, ya ni siquiera les respondía el teléfono y “está entregado al gobierno”. 🎯 Además, la asambleísta electa del correísmo, Ana Yela Duarte, acusó a su compañera de bancada, Ana María Raffo, de presuntamente cobrar diezmos a un asesor. Esta disputa se trasladó a la justicia, a través de querella presentada contra Yela Duarte por calumnia. En este informe detallado, lo cuenta todo 🔽",7,2,3,https://www.facebook.com/reel/9796608307063939/,negative,0.7245287895202637
facebook,1745682770,ladefensaec,"ALCALDES EN JAQUE: EL 2025 LOS PONE CONTRA LAS CUERDAS Cinco alcaldes, cinco crisis, una misma pregunta: ¿caen por errores propios o por cacería política? En LA DEFENSA te contamos todo. 👉 Desliza para conocer los casos de Pabel Muñoz en Quito, Aquiles Álvarez en Guayaquil, John Vinueza en Riobamba, Luis Chonillo en Durán y Darío Macas en Machala. ",16,9,16,https://www.facebook.com/ladefensaec/posts/pfbid02NmXBrggE1V16NZrkKG1XrK2qBvYVWmGKZsgdfeFi53ksPaRrSUk9w9sBBrxBNHVFl,neutral,0.5255091786384583
facebook,1745640164,ladefensaec,"“NOS ROBAN DESDE DENTRO DEL IESS Y NADIE RESPONDE” Víctor Hugo Flores, perjudicado, denuncia en LA DEFENSA que empleados públicos corruptos roban a los afiliados con apoyo oficial y amparo en la ley. Aunque enviaron cartas a Presidencia y se reunieron con Eduardo Peña en enero, los descuentos ilegales siguen. La respuesta del Gobierno: “Vayan a la justicia ordinaria.” 📢 Ahora, anuncian movilizaciones. Porque el robo no es aislado: ya suman más de cien casos. ",49,54,14,https://www.facebook.com/reel/700457322326013/,negative,0.8853359818458557
facebook,1745621348,ladefensaec,"🔴 ESTO PASA EN ESMERALDAS Este 25 de abril, a las 6:44 AM, un temblor con epicentro a 9 km del cantón provocó daños estructurales, cortes de energía y personas heridas. Las autoridades activaron protocolos de emergencia y suspendieron actividades en la ciudad. Desliza para conocer el detalle de la situación. ",1,1,0,https://www.facebook.com/ladefensaec/posts/pfbid0bFuuUCjVKM4ddtPDb5D9krvVCezUqvWngR21CcSAFpDiAbVJUS467s74BJVsCqFdl,negative,0.7726820707321167
facebook,1745616726,ladefensaec,"“¿QUÉ LE IMPORTA A QUÉ EDAD NOS MURAMOS?”: JUBILADOS RESPONDEN A EDUARDO PEÑA Víctor Hugo Flores, perjudicado del IESS, rechaza en LA DEFENSA las declaraciones del ministro que sugieren reformar normas por aumento en la expectativa de vida. “Estamos en contra de todo lo que pretenda mermar nuestros beneficios como jubilados. Así de simple.” 📢 La dignidad no se negocia. 🎥 Entrevista completa: ",6126,7338,1115,https://www.facebook.com/reel/991524723101208/,negative,0.8427351117134094
facebook,1745599449,ladefensaec,"💬 ALCALDÍAS EN LA CUERDA FLOJA Y EL DETRÁS DE LAS DENUNCIAS Durán, Guayaquil, Riobamba y Machala enfrentan un momento político crítico. Pedidos de remoción, denuncias por malversación y conflictos de gestión se acumulan, pero detrás de cada proceso hay estrategias políticas, pugnas territoriales y cálculos electorales que exigen una lectura más profunda. Un análisis especial sobre lo que no siempre se dice en público. 📌 Además en este programa: 🔹 ¿Qué queda después de denegar las renuncias de RC? 🔹 ¿Amenaza o narrativa? Una mirada a “los peligros” de Noboa. 🔹 Otro susto en Esmeraldas: lo que se sabe hasta ahora del temblor. 🎙️ Invitado: ▪ Bismark Arana, analista político – Tema: Alcaldías en crisis y el trasfondo electoral 💬 ¿Cuánto de lo que vemos en estas denuncias es justicia y cuánto es estrategia? 🎥 ¡Conéctate ahora! ",82,22,6,https://www.facebook.com/reel/1365947634458905/,neutral,0.5134215950965881
facebook,1745593386,ladefensaec,"UN ILUSTRE DESCONOCIDO Para Verónica Sarauz, el presidente Daniel Noboa era un ilustre desconocido que, si no fuera por el caso Villavicencio, “jamás hubiera aparecido en el espacio político de este país”. Además, Sarauz enfatizó que Noboa “está desubicado” por haber afirmado, en 2023, que Villavicencio “tenía pesadillas con él”. ",11,7,8,https://www.facebook.com/reel/1251745383626222/,negative,0.8164101839065552
facebook,1745580111,ladefensaec,"CNE ENTIERRA EL FANTASMA DE FRAUDE No hubo tinta mágica, ni actas alteradas, ni fórmulas ocultas: el CNE desestimó todas las impugnaciones de la Revolución Ciudadana y RETO. Revisaron 1.875 actas. Encontraron... nada. 👀 La posesión presidencial está prevista para el 24 de mayo. ¿Se cae algo antes? Difícil. Pero en este país, nunca digas nunca. 🎯 Al correísmo aún le queda el TCE. Mira el programa de hoy. ",363,77,94,https://www.facebook.com/reel/1202727164694644/,negative,0.8447502851486206
facebook,1745545797,ladefensaec,"LA FRASE QUE ENCENDIÓ LA CALDERA DEL IESS Eduardo Peña, presidente del IESS, abrió el paraguas antes de que llueva. Insinuó que hay que repensar la edad de jubilación porque vivimos más. Dijo que antes se morían a los 60 y hoy hay que pagar pensiones hasta los 80. Resultado: pánico generalizado y trending topic asegurado. El IESS salió a aclarar (con torpeza de vocero novato) que “no se va a elevar la edad de jubilación”… por ahora. ",16,13,3,https://www.facebook.com/reel/704871618599260/,negative,0.8331558704376221
facebook,1745529072,ladefensaec,"DOS MINISTROS DE NOBOA PONEN SU CARGO A DISPOSICIÓN Edgar Lama, ministro de Salud, e Ivonne Núñez, ministra de Trabajo, anunciaron que ponen su cargo a disposición del presidente. Las salidas se dan en medio de una crisis sanitaria y una serie de controversias políticas que marcan el inicio del segundo periodo de Noboa. 🎥 Mira el video en LA DEFENSA ",5,2,0,https://www.facebook.com/reel/1039184978145989/,neutral,0.5661736726760864
facebook,1745513906,ladefensaec,"💬 ELECCIONES 2025: CNE ENTIERRA EL FRAUDE QUE DENUNCIA RC El Consejo Nacional Electoral ha negado 1.875 reclamaciones presentadas por Reto y la RC tras la segunda vuelta. La presidenta Diana Atamaint aseguró que las elecciones fueron transparentes. Reto anunció que llevará sus denuncias a instancias internacionales, pero la brecha para sostener el discurso de fraude se cierra. 📌 Además en este episodio: 🔹 Eduardo Peña, ministro de Gobierno, se equivoca al hablar de los jubilados. 🔹 Renuncias en el gabinete: Ministros de Salud y Trabajo dejan el gobierno. 🔹 Otro lío en el CPCCS: roces internos y decisiones cuestionadas. 🎙️ Invitados: ▪ Verónica Sarauz, viuda de Fernando Villavicencio – Tema: Informe parlamentario del caso Villavicencio ▪ Víctor Hugo Flores, jubilado afectado por el BIESS – Tema: Reclamos por presunta estafa a jubilados 💬 ¿Se termina el discurso del fraude o solo cambia de escenario? 🎥 ¡Conéctate ahora! ",1,0,0,https://www.facebook.com/reel/3953199741558339/,negative,0.6056850552558899
facebook,1745511127,ladefensaec,"🚨 AYERVE VS ROSERO: OTRA PUGNA EN EL CPCCS ⚖️ El consejero suplente del CPCCS, Óscar Ayerve, presentó una acción de protección para dejar sin efecto la posesión de David Rosero como consejero principal. 🗣️ Según Ayerve, el art. 15 de la LOSEP prohíbe que un funcionario destituido, como lo fue Rosero en enero de 2023, retorne a la misma institución de la que fue cesado. 🤔 Al efecto, la Asamblea Nacional formuló una consulta a la Procuraduría, que aclaró que dicha prohibición no aplica para las autoridades que posesiona el Parlamento. ¿Quién se quedará con la séptima vocalía? Lo sabremos luego de la audiencia del próximo martes 29 de abril. En este informe, explica esta bronca 🔽 ",3,2,0,https://www.facebook.com/reel/691597609985977/,negative,0.6370398998260498
facebook,1745494402,ladefensaec,"🔴 LOS GENERADORES DE PROGEN NI SIQUIERA ESTÁN INSTALADOS El asambleísta de la RC, , contó que los generadores comprados a la empresa PROGEN no han sido debidamente instalados ni puestos a prueba, pues falta que se coloquen algunos componentes. Barreto reveló que ni siquiera se ha completado la construcción de la obra civil, por lo que preocupa la lentitud con la que avanzan los trabajos en la Central de Quevedo. ",8,9,1,https://www.facebook.com/reel/2082787132148911/,negative,0.8376781940460205
facebook,1745460691,ladefensaec,"ESCÁNDALO EN COLOMBIA Álvaro Leyva, excanciller de Gustavo Petro, le escribe una carta al presidente… y lo acusa de adicto: ➡️ Habla de “consumo de droga” en París y de que es enfermo mental. ➡️ Insinúa un entorno de manipulación. El presidente de Colombia se desmarca. ",3,0,3,https://www.facebook.com/reel/1344525533426384/,negative,0.9245874285697937
facebook,1745448066,ladefensaec,"LASSO SE SALVÓ: FISCALÍA PIDE ARCHIVO EN EL CASO FLOPEC La investigación por presunto peculado contra el expresidente Lasso, Danilo Carrera y otros implicados podría quedar en nada. La Fiscalía asegura que no hay elementos suficientes, pese al informe de Contraloría que estimó un perjuicio de $6,1 millones al Estado. La decisión final está en manos de la jueza Daniella Camacho. 🎥 Mira el video completo ",3,1,1,https://www.facebook.com/reel/566644919298688/,negative,0.7349574565887451
facebook,1745446990,ladefensaec,🔴 DURÁN: CHONILLO EN LA MIRA Luis Chonillo lleva 8 meses gobernando a distancia. Desde agosto de 2024 no está en el país. La ciudad arde con más de 220 hechos este año y una red ilícita que infiltró hasta el Municipio. Ahora enfrenta un pedido de remoción por abandono del cargo. El Municipio dice que su teletrabajo fue aprobado. Él dice que se fue por seguridad. Te contamos. ,2,0,0,https://www.facebook.com/reel/654589490536581/,negative,0.709180474281311
facebook,1745426978,ladefensaec,"💬 LASSO SALE LIBRADO DE ACUSACIÓN DE PECULADO La Fiscalía General del Estado, liderada por Diana Salazar, ha solicitado el archivo de la investigación por peculado contra el expresidente Guillermo Lasso, en el caso Flopec. La decisión ha generado una ola de reacciones. 📌 Además en este episodio: 🔹 El alcalde de Durán, Luis Chonillo, responde a los intentos de destitución. 🔹 Leonidas Iza reaparece y deja claro: está en contra del presidente Daniel Noboa. 🎙️ Invitados: ▪ Lenín Barreto, asambleísta de la Revolución Ciudadana – Tema: El futuro del campo Sacha ▪ Óscar Ayerve, consejero del CPCCS – Tema: Elección del nuevo vocal del Consejo 💬 ¿Cierre de caso o blindaje institucional? 🎥 ¡Conéctate ahora! ",0,0,0,https://www.facebook.com/reel/1052074430308524/,neutral,0.49809888005256653
facebook,1745340210,ladefensaec,"💬 ALCALDES DE RIOBAMBA Y DURÁN, EN LA MIRA Dos municipios en crisis. El alcalde de Riobamba, John Vinueza, ha sido vinculado al caso Altares, una investigación por presunta asociación ilícita, cohecho y tráfico de influencias. En Durán, Luis Chonillo enfrenta un pedido de remoción en medio de tensiones institucionales. ¿Qué hay detrás de ambos procesos? 📌 Además en este episodio: 🔹 Omar Maluk y Tomislav Topic protagonizan la batalla tras las encuestas: acusaciones, metodologías y spin electoral. 🎙️ Invitado: ▪ Luis Altamirano, excomandante del Ejército – Tema: Las compras del Ministerio de Defensa bajo la gestión de Giancarlo Loffredo 💬 ¿Crisis municipal o movimientos de poder político? 🎥 ¡Conéctate ahora! ",1,0,0,https://www.facebook.com/reel/1634183620547592/,negative,0.6903777122497559
tiktok,1739153846,andrearuvi,Or Abraham en Ecuador 😍 🇪🇨 🇪🇨,44778,10426,656,https://v45.tiktokcdn-us.com/b4e842be1b8235d2c49407f0fa8fabf5/697c6656/video/tos/useast2a/tos-useast2a-pve-0068/oct7lQJDnBY3BuCFEGuVdAIfEB6pfqZQaREcGM/?a=1233&bti=NXYpNDs8QGo6OjZAOm00NTAuYCMxNDNg&ch=0&cr=13&dr=0&er=0&lr=all&net=0&cd=0%7C0%7C0%7C&cv=1&br=2178&bt=1089&cs=0&ds=6&ft=73kDHDyjNb6VQQUnU~d-sdKWBuXqYloyJT-~hWLrK&mime_type=video_mp4&qs=0&rc=MzRoPDpnaGhpNmY7NzQ6N0BpajQ7cHU5cm1veDMzNzczM0BhMjAuMTEyXzAxXi1jNGNgYSNqMWtzMmQ0cWhgLS1kMTZzcw%3D%3D&vvpl=1&l=20260130020451347FEB487F4D1F039EDE&btag=e0008d000,positive,0.7313733696937561
tiktok,1738860264,hernanulloa89,ELECCIONES ECUADOR 2025 🇪🇨 COMPARTIR❗️,9178,11622,1460,https://v45.tiktokcdn-us.com/eb790aee85b3162bdafab60fee7656b1/697c680f/video/tos/useast2a/tos-useast2a-ve-0068c003/oESQJI61QAZ8B6s2RFf4OnDBpfphcEEnL9djhk/?a=1233&bti=NXYpNDs8QGo6OjZAOm00NTAuYCMxNDNg&ch=0&cr=13&dr=0&er=0&lr=all&net=0&cd=0%7C0%7C0%7C&cv=1&br=2130&bt=1065&cs=0&ds=6&ft=73kDHDyjNb6VQQUnU~d-sdKWBuXqYloyJT-~hWLrK&mime_type=video_mp4&qs=0&rc=ZTg0NGhnZjozOTg6PDs1O0BpM3V1cXA5cnJoeDMzNzczM0BgYC8vYzI2NS8xLzMuMmEzYSM0NC5iMmRzYGZgLS1kMTZzcw%3D%3D&vvpl=1&l=20260130020451347FEB487F4D1F039EDE&btag=e000a5000,neutral,0.8058131337165833
tiktok,1744592555,andypauloficial,Resultados elecciones Ecuador 2025 🇪🇨 ,1236,298,117,https://v45.tiktokcdn-us.com/e299563eadf3734273b12005322d0729/697c664d/video/tos/useast2a/tos-useast2a-ve-0068c002/osyvSiJABeMIfbmnC4c2iEX2fuseWYeg8AgAAK/?a=1233&bti=NXYpNDs8QGo6OjZAOm00NTAuYCMxNDNg&ch=0&cr=13&dr=0&er=0&lr=all&net=0&cd=0%7C0%7C0%7C&cv=1&br=954&bt=477&cs=0&ds=6&ft=73kDHDyjNb6VQQUnU~d-sdKWBuXqYloyJT-~hWLrK&mime_type=video_mp4&qs=0&rc=ZmhoNDZmN2ZkaTxoZDhpaUBpajZncHc5cmg4eTMzNzczM0AwLjIwYF8uXzYxNl8tLTYxYSMxZF9tMmRjb3JgLS1kMTZzcw%3D%3D&vvpl=1&l=20260130020451347FEB487F4D1F039EDE&btag=e0008d000,neutral,0.905777096748352
tiktok,1739140095,joche5dj,"Daniel Noboa presidente del Ecuador, una campaña que gracias a la mayoría de ecuatorianos puso un granito de arena para ayudar 🇪🇨 ",10424,451,752,https://v45.tiktokcdn-us.com/f11aba6a37556c11de185bbdb893cb31/697c6635/video/tos/useast2a/tos-useast2a-ve-0068c002/o4BEKfSS9QCRDfDIgwtEAdBJWBqFQ2hlntmAc9/?a=1233&bti=NXYpNDs8QGo6OjZAOm00NTAuYCMxNDNg&ch=0&cr=13&dr=0&er=0&lr=all&net=0&cd=0%7C0%7C0%7C&cv=1&br=1600&bt=800&cs=0&ds=6&ft=73kDHDyjNb6VQQUnU~d-sdKWBuXqYloyJT-~hWLrK&mime_type=video_mp4&qs=0&rc=ZTM3Zzg6N2ZkZWg4OWQ6OUBpanA0N3A5cjpseDMzNzczM0A0MDVhNWIuXzMxLi0yYDQyYSNmcWtkMmRjZ2hgLS1kMTZzcw%3D%3D&vvpl=1&l=20260130020451347FEB487F4D1F039EDE&btag=e000bd000,positive,0.7866256833076477
tiktok,1738789024,xavi21guerrero,Mejor Ponte Al Día 🇪🇨 😄,34813,14884,1127,https://v45.tiktokcdn-us.com/781f297c16e0f68e62b9333f5810e08b/697c663b/video/tos/useast2a/tos-useast2a-pve-0068/osKEXf9jeQhRDnBEQXjEAWBJ0BoFIQwPnHCqYO/?a=1233&bti=NXYpNDs8QGo6OjZAOm00NTAuYCMxNDNg&ch=0&cr=13&dr=0&er=0&lr=all&net=0&cd=0%7C0%7C0%7C&cv=1&br=954&bt=477&cs=0&ds=6&ft=73kDHDyjNb6VQQUnU~d-sdKWBuXqYloyJT-~hWLrK&mime_type=video_mp4&qs=0&rc=aDc7Zmg7NzZpODVlOzNkZkBpajppa2s5cjh3eDMzNzczM0AzNDNeMmEyXjQxLV82XzEyYSNfcHFuMmRrLmVgLS1kMTZzcw%3D%3D&vvpl=1&l=20260130020451347FEB487F4D1F039EDE&btag=e000bd000,neutral,0.5691407918930054
tiktok,1732733155,amarusalas593,"🔴 | Luisa González lidera la intención de voto para Presidenta de Ecuador 🇪🇨, según última encuesta. ¿Ya sabes por quién vas a votar? ",8583,588,2800,https://v45.tiktokcdn-us.com/ed7364515cb21c031dea70eff4437e34/697c6681/video/tos/alisg/tos-alisg-pve-0037c001/ocQPnnB0XHBEEUSQXIdpoiBzOQQ0aiIZAdNz4/?a=1233&bti=NXYpNDs8QGo6OjZAOm00NTAuYCMxNDNg&ch=0&cr=13&dr=0&er=0&lr=all&net=0&cd=0%7C0%7C0%7C&cv=1&br=1542&bt=771&cs=0&ds=6&ft=73kDHDyjNb6VQQUnU~d-sdKWBuXqYloyJT-~hWLrK&mime_type=video_mp4&qs=0&rc=N2Q1Nzk5PDM7OTZlNjRmOUBpM2pvZG05cjxwdzMzNzczM0BjXjRgLy8uNjUxYTUuMmEyYSM0Yi5uMmQ0YzBgLS1kMTZzcw%3D%3D&vvpl=1&l=20260130020451347FEB487F4D1F039EDE&btag=e00095000,neutral,0.5119357109069824
tiktok,1737715355,eldespertarecuatoriano, 🇪🇨,87,9,7,https://v45.tiktokcdn-us.com/729fde7a9dfff8fd88ca93d62c1813b0/697c6631/video/tos/no1a/tos-no1a-ve-0068-no/oEkTyG2iNZvEl5uiNaqw4IYbBEEZBiouIBAAI/?a=1233&bti=Ojs2NGYpQHM6OjZALjU2OmQvcCMxNDNg&ch=0&cr=13&dr=0&er=0&lr=all&net=0&cd=0%7C0%7C0%7C&cv=1&br=358&bt=179&cs=0&ds=6&ft=73kDHDyjNb6VQQUnU~d-sdKWBuXqYloyJT-~hWLrK&mime_type=video_mp4&qs=0&rc=N2dlOGZnNzQ4Zmc5aDQ1ZEBpMzs1OXA5cjhweDMzbzczNUBiMTJiYjQ2Nl8xMmFhYTMzYSNsMWlwMmRrcTZgLS1kMTFzcw%3D%3D&vvpl=1&l=20260130020451347FEB487F4D1F039EDE&btag=e000b5000,neutral,0.6244810819625854
tiktok,1744574151,ju4n1t069, uador2025,31,0,0,https://v45.tiktokcdn-us.com/e89f2b5416df5c917b8c9d8fbb8727a8/697c6633/video/tos/useast5/tos-useast5-pve-0068-tx/oUMRAJegSToLc6fkIXC1iAQO4MmZ8eAfMAKsfQ/?a=1233&bti=NXYpNDs8QGo6OjZAOm00NTAuYCMxNDNg&ch=0&cr=13&dr=0&er=0&lr=all&net=0&cd=0%7C0%7C0%7C&cv=1&br=3978&bt=1989&cs=0&ds=6&ft=73kDHDyjNb6VQQUnU~d-sdKWBuXqYloyJT-~hWLrK&mime_type=video_mp4&qs=0&rc=Ozo7PDo5NjQ8ZjhpZTppaEBpajo8N3Y5cjk0eTMzZzczNEAuYy1iMTFiXi8xYTMtY19eYSNwZzVtMmRrX3JgLS1kMS9zcw%3D%3D&vvpl=1&l=20260130020451347FEB487F4D1F039EDE&btag=e000bd000,neutral,0.4797412157058716
tiktok,1763330795,alejandra.zc,Decretado JAJAJA 😗 ,7703,483,201,https://v45.tiktokcdn-us.com/747e2c1384cfcd47e0a5c0b68d7071e6/697c662d/video/tos/alisg/tos-alisg-pve-0037c001/ocakDBPEREqAvUXfycIQKXDpYwfFEB4kBgAqSG/?a=1233&bti=NXYpNDs8QGo6OjZAOm00NTAuYCMxNDNg&ch=0&cr=13&dr=0&er=0&lr=all&net=0&cd=0%7C0%7C0%7C&cv=1&br=2342&bt=1171&cs=0&ds=6&ft=73kDHDyjNb6VQQUnU~d-sdKWBuXqYloyJT-~hWLrK&mime_type=video_mp4&qs=0&rc=Z2dlNGg5OTw5NDM2NTRpNEBpajRpa3M5cmg3NzMzODczNEBgMC4vNjRfNTExMC9gXjE0YSNzMTZeMmQ0aWFhLS1kMTFzcw%3D%3D&vvpl=1&l=20260130020451347FEB487F4D1F039EDE&btag=e000b5000,positive,0.5353356003761292
tiktok,1739112579,jeyjoenoficial,ya saben bendiciones ,14,1,0,https://v45.tiktokcdn-us.com/5dd0034e8962df360b58e5557a5994ee/697c6635/video/tos/useast2a/tos-useast2a-ve-0068c001/oY2CeIDyFFp5UwoFnjFtACPIf6pIESQfgPXk8E/?a=1233&bti=NXYpNDs8QGo6OjZAOm00NTAuYCMxNDNg&ch=0&cr=13&dr=0&er=0&lr=all&net=0&cd=0%7C0%7C0%7C&cv=1&br=5192&bt=2596&cs=0&ds=6&ft=73kDHDyjNb6VQQUnU~d-sdKWBuXqYloyJT-~hWLrK&mime_type=video_mp4&qs=0&rc=N2RoO2RoaDhpZzw1ODo2NEBpajw3c3c5cmhleDMzNzczM0A2LmJiXzUxXi0xLzQ0LWMzYSNqczJjMmRjc2hgLS1kMTZzcw%3D%3D&vvpl=1&l=20260130020451347FEB487F4D1F039EDE&btag=e000bd000,positive,0.7812254428863525
tiktok,1739665377,tvdigitalguaraca2,"ATENCIÓN || El excandidato presidencial de Pachakutik, Leonidas Iza, que quedó en tercer lugar en las elecciones con el 5,23% , más de 535 mil votos, en X d3nunció que el gobierno de Daniel Noboa adeuda cinco meses de pagos a miles de familias proveedoras del Estado del sector de la Economía Popular y Solidaria = =s ⁃ ",11,0,3,https://v45.tiktokcdn-us.com/2ffe14e9dfb8ef149eebf7b8bae1558b/697c662d/video/tos/useast5/tos-useast5-ve-0068c004-tx/o8dEaXGeQElIk1YCaiUDfHQjeaAFPNlAjTRPIA/?a=1233&bti=NXYpNDs8QGo6OjZAOm00NTAuYCMxNDNg&ch=0&cr=13&dr=0&er=0&lr=all&net=0&cd=0%7C0%7C0%7C&cv=1&br=836&bt=418&cs=0&ds=6&ft=73kDHDyjNb6VQQUnU~d-sdKWBuXqYloyJT-~hWLrK&mime_type=video_mp4&qs=0&rc=ZWlnNmg2NTU1OWQ4NDNnO0BpM2duM2w5cjlseDMzZzczNEA0NS8zX2FhXzAxNS9iYDBhYSMxMy5lMmRrc2xgLS1kMS9zcw%3D%3D&vvpl=1&l=20260130020451347FEB487F4D1F039EDE&btag=e000b5000,neutral,0.6541286706924438
tiktok,1744819546,ecuadorenlupa, ,60,15,6,https://v45.tiktokcdn-us.com/4a249e102c1d7aabbc8d806ed7ee4a07/697c667a/video/tos/useast5/tos-useast5-ve-0068c003-tx/oEd6WQAgKIHnhNJfAQAbR1gfejif9KcQYGUMfL/?a=1233&bti=NXYpNDs8QGo6OjZAOm00NTAuYCMxNDNg&ch=0&cr=13&dr=0&er=0&lr=all&net=0&cd=0%7C0%7C0%7C&cv=1&br=622&bt=311&cs=0&ds=6&ft=73kDHDyjNb6VQQUnU~d-sdKWBuXqYloyJT-~hWLrK&mime_type=video_mp4&qs=0&rc=ODo8OTplNTM7ZjZnZ2doaUBpMzlkN285cnV3eTMzZzczNEAvNjNhLjYuXzIxY14uYDQtYSMvNWYxMmRrNXNgLS1kMS9zcw%3D%3D&vvpl=1&l=20260130020451347FEB487F4D1F039EDE&btag=e00095000,negative,0.3472995162010193
tiktok,1744635624,estebitanrrv, 🇪🇨 ,13,0,1,https://v45.tiktokcdn-us.com/461ce9f3ed7cb8b9fe7775a952cb8712/697c6657/video/tos/useast2a/tos-useast2a-ve-0068c002/oMemiH0IMIVeEnPsGAAgjRGegAKfL6G9lzeKLJ/?a=1233&bti=NXYpNDs8QGo6OjZAOm00NTAuYCMxNDNg&ch=0&cr=13&dr=0&er=0&lr=all&net=0&cd=0%7C0%7C0%7C&br=564&bt=282&cs=0&ds=6&ft=73kDHDyjNb6VQQUnU~d-sdKWBuXqYloyJT-~hWLrK&mime_type=video_mp4&qs=0&rc=ZjU7Nmc4PDtlOmU4ZGU3O0BpajxlPHg5cnhqeTMzNzczM0A1Xi5eXi5iNWIxYV4xLTEzYSNpL15lMmRjNnJgLS1kMTZzcw%3D%3D&vvpl=1&l=20260130020451347FEB487F4D1F039EDE&btag=e0008d000,neutral,0.6244810819625854
tiktok,1743982478,erickpalacios960," podría perder sus derechos políticos, tras la denuncia por violencia de género. ",35453,5198,3097,https://v45.tiktokcdn-us.com/789d36c11da6905992ea77eca1e37200/697c66c6/video/tos/useast2a/tos-useast2a-pve-0068/ocynf04LdAlzgRsHQQFA8HJDZf9Nu3wEBEBXmI/?a=1233&bti=NXYpNDs8QGo6OjZAOm00NTAuYCMxNDNg&ch=0&cr=13&dr=0&er=0&lr=all&net=0&cd=0%7C0%7C0%7C&cv=1&br=1486&bt=743&cs=0&ds=6&ft=73kDHDyjNb6VQQUnU~d-sdKWBuXqYloyJT-~hWLrK&mime_type=video_mp4&qs=0&rc=ZzY5ZTU3OjgzaTNmNTZlZUBpMzlxcXM5cjlqeTMzNzczM0AtXy0tY14vXzYxMTUxYWAuYSNkYmhwMmRjcG1gLS1kMTZzcw%3D%3D&vvpl=1&l=20260130020451347FEB487F4D1F039EDE&btag=e00095000,negative,0.8272112011909485
tiktok,1744915758,estebitanrrv, 🇪🇨,13,0,0,https://v45.tiktokcdn-us.com/6adb1d9d2ddaceca73677f8264dadb30/697c66f7/video/tos/useast2a/tos-useast2a-ve-0068c001/owBHAmVAnFY81EUgQoEDosfCIJfpQlOFBJCbdR/?a=1233&bti=NXYpNDs8QGo6OjZAOm00NTAuYCMxNDNg&ch=0&cr=13&dr=0&er=0&lr=all&net=0&cd=0%7C0%7C0%7C&br=2332&bt=1166&cs=0&ds=6&ft=73kDHDyjNb6VQQUnU~d-sdKWBuXqYloyJT-~hWLrK&mime_type=video_mp4&qs=0&rc=ZjdnNWc2NDNpZDc7PGdkOEBpamR2O245cnBuMzMzNzczM0BeXmEzMzUvNmIxYGEvMC4uYSNkcWhhMmRzZi1hLS1kMTZzcw%3D%3D&vvpl=1&l=20260130020451347FEB487F4D1F039EDE&btag=e0009d000,neutral,0.6244810819625854
tiktok,1739139994,kchradio, 🔴‼️ ¡CIERRE DE LA JORNADA ELECTORAL! 🔴‼️🇪🇨 La presidenta del CNE Diana Atamaint informó que fue una jornada histórica para el país 🔴 ¿HAY SEGUNDA VUELTA? 🤔 ¿Gana Luisa González o Daniel Noboa? 🤔 ,10061,766,1034,https://v45.tiktokcdn-us.com/f75269f15f4dae8b0d06bdb831c9d003/697c6675/video/tos/useast2a/tos-useast2a-ve-0068c001/oEkR8qECXHNBVpJ7EJrUKpQQDfAlFBg3rBenSI/?a=1233&bti=NXYpNDs8QGo6OjZAOm00NTAuYCMxNDNg&ch=0&cr=13&dr=0&er=0&lr=all&net=0&cd=0%7C0%7C0%7C&cv=1&br=794&bt=397&cs=0&ds=6&ft=73kDHDyjNb6VQQUnU~d-sdKWBuXqYloyJT-~hWLrK&mime_type=video_mp4&qs=0&rc=PGRkaWUzOjw3ZmhpOzxlOkBpM3VpPHg5cm9seDMzNzczM0BfNjUtNl8zNV8xYjNiMC81YSNtXzIwMmQ0aWhgLS1kMTZzcw%3D%3D&vvpl=1&l=20260130020451347FEB487F4D1F039EDE&btag=e00095000,neutral,0.76255863904953
tiktok,1737745556,eldespertarecuatoriano, 🇪🇨,4107,1321,1254,https://v45.tiktokcdn-us.com/155e3cd8185e907d650d0fb3b8370e03/697c6641/video/tos/no1a/tos-no1a-ve-0068c001-no/oYDiA5mJOFqCeIeQIPEDzJfhEF5qAL3ULITp4j/?a=1233&bti=NXYpNDs8QGo6OjZAOm00NTAuYCMxNDNg&ch=0&cr=13&dr=0&er=0&lr=all&net=0&cd=0%7C0%7C0%7C&cv=1&br=1172&bt=586&cs=0&ds=6&ft=73kDHDyjNb6VQQUnU~d-sdKWBuXqYloyJT-~hWLrK&mime_type=video_mp4&qs=0&rc=N2c3M2VoZmgzaTM3NThnOEBpajl5OHM5cnR4eDMzbzczNUAxMmMvNDRfXjUxXzNhYV9iYSNkZTNzMmRjMjZgLS1kMTFzcw%3D%3D&vvpl=1&l=20260130020451347FEB487F4D1F039EDE&btag=e000bd000,neutral,0.6244810819625854
tiktok,1724851690,lamanabaec,Respuesta a 🧄🧿🥚 🇪🇨 ,458,6,0,https://v45.tiktokcdn-us.com/33515d8d9b7ebcd73a1344cf3b5f03cf/697c665f/video/tos/useast8/tos-useast8-pve-0068-tx2/o89PliZdWstV8RsBEgZiE1ABIQ4L1Z8rJAvBL/?a=1233&bti=NXYpNDs8QGo6OjZAOm00NTAuYCMxNDNg&ch=0&cr=13&dr=0&er=0&lr=all&net=0&cd=0%7C0%7C0%7C&cv=1&br=3142&bt=1571&cs=0&ds=6&ft=73kDHDyjNb6VQQUnU~d-sdKWBuXqYloyJT-~hWLrK&mime_type=video_mp4&qs=0&rc=aTg5OjRkNjo2Ozs7ODU5aUBpM2ZudXI5cjRsdTMzaTczNEA0NTRiXmIuNjYxMTEvNTUuYSNya2NgMmRrXjRgLS1kMTJzcw%3D%3D&vvpl=1&l=20260130020451347FEB487F4D1F039EDE&btag=e0008d000,neutral,0.8414516448974609
tiktok,1744458857,claudiaaponte861, ,9,1,0,https://v16m.tiktokcdn-us.com/ffd871a1fc32f4f51c8c9f8516daf475/697c66c7/video/tos/useast2a/tos-useast2a-pve-0068/owIrhRBnlf6VniHNwZvBJQQEJGBfApzkEETsiS/?a=1233&bti=NXYpNDs8QGo6OjZAOm00NTAuYCMxNDNg&ch=0&cr=13&dr=0&er=0&lr=all&net=0&cd=0%7C0%7C0%7C&br=2006&bt=1003&cs=0&ds=6&ft=74~WHDCnNhHVQc6Gpq8ksd3WBuXqYl57vVN~hWLrK&mime_type=video_mp4&qs=0&rc=NjY2ZDo2NjM6ODo8Zzc5ZUBpajlqdWo5cm44eTMzNzczM0A1MjQ0My40NjIxXjFhNi5iYSNgYi1tMmRzNHFgLS1kMTZzcw%3D%3D&vvpl=1&l=202601300204562137103DBA738C036AAD&btag=e00090000,negative,0.3472995162010193
tiktok,1739235394,visionariasec,"La próxima Asamblea tendrá 151 legisladores. Y ya está visto que la Revolución Ciudadana y Acción Democrática Nacional (ADN) se pelean por quién logrará la mayor cantidad de curules. Al momento la cosa está peleada y al cierre de esta nota, RC remontó y lleva la delantera pero todo puede cambiar. Lo que no cambiará es que Lucio Gutiérrez no entró Salazar ",8280,660,433,https://v16m.tiktokcdn-us.com/7b281b3d3581d304b08b5458c9353a8c/697c6685/video/tos/useast2a/tos-useast2a-pve-0068/oMRoGQLMzCg90SuqAyiioABYC1AIKPYEI1fJkV/?a=1233&bti=NXYpNDs8QGo6OjZAOm00NTAuYCMxNDNg&ch=0&cr=13&dr=0&er=0&lr=all&net=0&cd=0%7C0%7C0%7C&cv=1&br=1984&bt=992&cs=0&ds=6&ft=74~WHDCnNhHVQc6Gpq8ksd3WBuXqYl57vVN~hWLrK&mime_type=video_mp4&qs=0&rc=OjdoZjk1NmhnZTQ8O2kzOUBpM2xybmw5cmZkeDMzNzczM0AtNC0uMjYvNS4xNF40MTUxYSMzZmFuMmRjLWlgLS1kMTZzcw%3D%3D&vvpl=1&l=202601300204562137103DBA738C036AAD&btag=e00090000,neutral,0.5354546904563904
tiktok,1739139813,luischango2110,🇪🇨 ,29,1,0,https://v16m.tiktokcdn-us.com/a2cb211c810931e51ab9bedeb9bd0a8f/697c662e/video/tos/useast2a/tos-useast2a-pve-0068/oo2EKlmADIqu8plQAzFDSxjeXCfqPfCQEGgMIU/?a=1233&bti=NXYpNDs8QGo6OjZAOm00NTAuYCMxNDNg&ch=0&cr=13&dr=0&er=0&lr=all&net=0&cd=0%7C0%7C0%7C&cv=1&br=324&bt=162&cs=0&ds=6&ft=74~WHDCnNhHVQc6Gpq8ksd3WBuXqYl57vVN~hWLrK&mime_type=video_mp4&qs=0&rc=ODtpNmk5OjtoZ2Y7OWc3NkBpM2U8NGw5cjpseDMzNzczM0BiNjUuYGIvNmExYTIxY2MwYSNzZ2RkMmRraGhgLS1kMTZzcw%3D%3D&vvpl=1&l=202601300204562137103DBA738C036AAD&btag=e000b0000,neutral,0.6244810819625854
tiktok,1739134752,lapostaec,"¡Ya votó el 55% del padrón! ¡Último llamado para ir a votar! A las 17:00, cuando se cierren las urnas, las actas de resultados serán procesadas y cargadas en el sistema informático, informa Diana Atamaint, presidenta del Consejo Nacional Electoral. Pro.",1190,17,146,https://v16m.tiktokcdn-us.com/96c66f591393b87a1bc1a58ce888ff91/697c6651/video/tos/useast2a/tos-useast2a-pve-0068/o4PwSfSdxCeQiALj9CMIFl4gEUIBgqetR4LGI4/?a=1233&bti=NXYpNDs8QGo6OjZAOm00NTAuYCMxNDNg&ch=0&cr=13&dr=0&er=0&lr=all&net=0&cd=0%7C0%7C0%7C&cv=1&br=932&bt=466&cs=0&ds=6&ft=74~WHDCnNhHVQc6Gpq8ksd3WBuXqYl57vVN~hWLrK&mime_type=video_mp4&qs=0&rc=ZztpNjs5PDVpZjU0OzVkOUBpM2k0bnk5cjlreDMzNzczM0AwXmBiNjI2Ni0xLjEzNC8xYSNiM15fMmQ0YmhgLS1kMTZzcw%3D%3D&vvpl=1&l=202601300204562137103DBA738C036AAD&btag=e00088000,neutral,0.5990360975265503
tiktok,1739192088,belencastroreal,"🎥 Resumen de la jornada electoral de ayer: dos reportes en vivo desde, Ifema, Madrid, donde capturamos los momentos decisivos y el sentir de la ciudadanía. Pueden encontrar la cobertura completa en Youtube y página web de Expreso ",77,8,12,https://v16m.tiktokcdn-us.com/83dbb473fa9c618330ba971f32c6db95/697c6685/video/tos/useast2a/tos-useast2a-ve-0068c003/os93QIIGC0eKTflg7eeTihiImaLfmMAp9ZJnUA/?a=1233&bti=NXYpNDs8QGo6OjZAOm00NTAuYCMxNDNg&ch=0&cr=13&dr=0&er=0&lr=all&net=0&cd=0%7C0%7C0%7C&cv=1&br=2284&bt=1142&cs=0&ds=6&ft=74~WHDCnNhHVQc6Gpq8ksd3WBuXqYl57vVN~hWLrK&mime_type=video_mp4&qs=0&rc=ZTRlZTM5OTk2aWllOTo7Z0Bpamp0N3k5cnV5eDMzNzczM0AyMV8yM181XmExMTNjNDFfYSNsZ29xMmQ0YWhgLS1kMTZzcw%3D%3D&vvpl=1&l=202601300204562137103DBA738C036AAD&btag=e00090000,neutral,0.8464672565460205
tiktok,1739162510,anacaceres2001,🇪🇨💙🙏✨ 🇪🇨 💛💙❤️ 🇪🇨🇪🇨,67014,12763,5044,https://v16m.tiktokcdn-us.com/0351c52e34911d9d86211c3096f2914c/697c6683/video/tos/useast5/tos-useast5-ve-0068c001-tx/o8EJESmfX6eIWGERcgqn3QF6SuyDZygDAvlVpB/?a=1233&bti=Ojs2NGYpQHM6OjZALjU2OmQvcCMxNDNg&ch=0&cr=13&dr=0&er=0&lr=all&net=0&cd=0%7C0%7C0%7C&cv=1&br=1734&bt=867&cs=0&ds=6&ft=74~WHDCnNhHVQc6Gpq8ksd3WBuXqYl57vVN~hWLrK&mime_type=video_mp4&qs=0&rc=OjM8Nzc4ZGc4OjY7Zmc6PEBpM3hndWw5cjpxeDMzZzczNEBiNV8yMi0xXmIxYS4tL14xYSM2YzJxMmQ0cWhgLS1kMS9zcw%3D%3D&vvpl=1&l=202601300204562137103DBA738C036AAD&btag=e00090000,positive,0.5312934517860413
tiktok,1726063644,lamanabaec,Respuesta a 🇪🇨 se hace la vistima claro que tus colegas estan felices lo tuyo no es periodismo es ataque,235,1,21,https://v16m.tiktokcdn-us.com/73e3e08e3efaa3261dd48edccebd29e0/697c6637/video/tos/useast8/tos-useast8-ve-0068c003-tx2/ow3ExCBniCnf4ph0RRVKABNEp5vIEVQfAmZbui/?a=1233&bti=NXYpNDs8QGo6OjZAOm00NTAuYCMxNDNg&ch=0&cr=13&dr=0&er=0&lr=all&net=0&cd=0%7C0%7C0%7C&cv=1&br=2474&bt=1237&cs=0&ds=6&ft=74~WHDCnNhHVQc6Gpq8ksd3WBuXqYl57vVN~hWLrK&mime_type=video_mp4&qs=0&rc=OTs1ZWRnOztlZzc0N2lkN0BpMzp2cHM5cnlzdTMzaTczNEBhYmFfMTJhNV8xLzUyM2JeYSMyb3FoMmRzbGRgLS1kMTJzcw%3D%3D&vvpl=1&l=202601300204562137103DBA738C036AAD&btag=e000b8000,neutral,0.36858102679252625
tiktok,1744475554,debate_de_mentes,Por un Ecuador🇪🇨 Mejor Mi apoyo al presidente 🇪🇨 ,43,0,2,https://v16m.tiktokcdn-us.com/382ce08e2818ba5bedc4db773605c9cf/697c662d/video/tos/useast8/tos-useast8-ve-0068c001-tx2/o4O6hOAfPAIX5UnoDBIzZaAtliiqiCVw4qCE1x/?a=1233&bti=NXYpNDs8QGo6OjZAOm00NTAuYCMxNDNg&ch=0&cr=13&dr=0&er=0&lr=all&net=0&cd=0%7C0%7C0%7C&cv=1&br=620&bt=310&cs=0&ds=6&ft=74~WHDCnNhHVQc6Gpq8ksd3WBuXqYl57vVN~hWLrK&mime_type=video_mp4&qs=0&rc=NmU7ZDw2NmU1OTtpNGY8NkBpamh1OWs5cjQ8eTMzaTczNEAuXmAvMzUwXmIxYy0tNDEvYSNqLTZwMmQ0NnFgLS1kMTJzcw%3D%3D&vvpl=1&l=202601300204562137103DBA738C036AAD&btag=e000b0000,positive,0.5424740314483643
tiktok,1677082949,andresbonilla.ec,¿POR QUIEN VOTARAS? ,6485,339,3161,https://v16m.tiktokcdn-us.com/1049312998151174415ea03856919b9c/697c667f/video/tos/useast2a/tos-useast2a-pve-0068/oMG2RyjhjIJFExBAQBef9bAhUtzQddAagQN4XS/?a=1233&bti=NXYpNDs8QGo6OjZAOm00NTAuYCMxNDNg&ch=0&cr=13&dr=0&er=0&lr=all&net=0&cd=0%7C0%7C0%7C&br=1084&bt=542&cs=0&ds=6&ft=74~WHDCnNhHVQc6Gpq8ksd3WBuXqYl57vVN~hWLrK&mime_type=video_mp4&qs=0&rc=PGVpZTc6Z2dpNWdmNGlpNUBpajlvbjM6Zmo3aTMzNzczM0AyMWFhYTQzNmMxYDRfL19iYSNlaGlicjQwLW9gLS1kMTZzcw%3D%3D&vvpl=1&l=202601300204562137103DBA738C036AAD&btag=e00090000,neutral,0.6346105933189392
tiktok,1739066445,pabloartg,Mañana las elecciones jaja ,9036,1543,38,https://v16m.tiktokcdn-us.com/298acd632877662bfb9a8cbb405634e8/697c6642/video/tos/useast2a/tos-useast2a-ve-0068c004/ogFpLP1nqA7RB8TgElrA9RGBJeQfI29iEv8QQD/?a=1233&bti=NXYpNDs8QGo6OjZAOm00NTAuYCMxNDNg&ch=0&cr=13&dr=0&er=0&lr=all&net=0&cd=0%7C0%7C0%7C&cv=1&br=4816&bt=2408&cs=0&ds=6&ft=74~WHDCnNhHVQc6Gpq8ksd3WBuXqYl57vVN~hWLrK&mime_type=video_mp4&qs=0&rc=PDZmZDM5ZGg7M2Q2ZTdoOkBpM3h0d2w5cm4zeDMzNzczM0AuMDJeYGBfXjMxMWI0NmI0YSNjZWNvMmRzaGhgLS1kMTZzcw%3D%3D&vvpl=1&l=202601300204562137103DBA738C036AAD&btag=e000b8000,neutral,0.6920032501220703
tiktok,1739060638,espososrevolucionarios,Esa sonrisa falsa!!!! ,76348,6030,4610,https://v16m.tiktokcdn-us.com/5faeb923b19148c3b8d18661efb33e9e/697c66cd/video/tos/useast2a/tos-useast2a-ve-0068c003/oQU3QeJPGKmeLG7ijnI9e9IdnJIEeYPAeWMrpA/?a=1233&bti=NXYpNDs8QGo6OjZAOm00NTAuYCMxNDNg&ch=0&cr=13&dr=0&er=0&lr=all&net=0&cd=0%7C0%7C0%7C&cv=1&br=1988&bt=994&cs=0&ds=6&ft=74~WHDCnNhHVQc6Gpq8ksd3WBuXqYl57vVN~hWLrK&mime_type=video_mp4&qs=0&rc=ZjNnNWkzNGk6Ojg3PDU6O0BpMzxmNnk5cmZ5eDMzNzczM0AzMzEwYDEyX2ExNWEwNTAxYSNgcnNjMmRjXmdgLS1kMTZzcw%3D%3D&vvpl=1&l=202601300204562137103DBA738C036AAD&btag=e00090000,negative,0.9170500636100769
tiktok,1741882602,estebitanrrv,🇪🇨🇪🇨🇪🇨🇪🇨😍 🇪🇨 🇪🇨 ,4,1,0,https://v16m.tiktokcdn-us.com/63e1ee33daeefb2979e60cbe48239e64/697c667f/video/tos/useast2a/tos-useast2a-ve-0068c001/ooeNTO3ACQCIEeguJCGYSPEQpIKbnBjxgLeIzl/?a=1233&bti=Ojs2NGYpQHM6OjZALjU2OmQvcCMxNDNg&ch=0&cr=13&dr=0&er=0&lr=all&net=0&cd=0%7C0%7C0%7C&br=1878&bt=939&cs=0&ds=6&ft=74~WHDCnNhHVQc6Gpq8ksd3WBuXqYl57vVN~hWLrK&mime_type=video_mp4&qs=0&rc=OmUzNzdoOjVpNTY0Ozs2OUBpM2ZndGw5cnhqeTMzNzczM0AwX142Yi4zNWAxM2IzY2AxYSNjcl5hMmRzMzZgLS1kMTZzcw%3D%3D&vvpl=1&l=202601300204562137103DBA738C036AAD&btag=e00090000,positive,0.5508702397346497
tiktok,1744938961,ecuadorenlupa, ,21,4,2,https://v16m.tiktokcdn-us.com/ab454ce24b9fb0941ccc325a1665fe18/697c669d/video/tos/useast5/tos-useast5-pve-0068-tx/o8JfaFSYAeFRpDlJIMTD2WFHIaEEAo8SggBDQc/?a=1233&bti=NXYpNDs8QGo6OjZAOm00NTAuYCMxNDNg&ch=0&cr=13&dr=0&er=0&lr=all&net=0&cd=0%7C0%7C0%7C&cv=1&br=632&bt=316&cs=0&ds=6&ft=74~WHDCnNhHVQc6Gpq8ksd3WBuXqYl57vVN~hWLrK&mime_type=video_mp4&qs=0&rc=NDxmZzxpPGZpN2k8NjRkZEBpMzdobWw5cmd0MzMzZzczNEAyLTE0NmFfNjIxNDNhMjZeYSNnMmRpMmRrNi1hLS1kMS9zcw%3D%3D&vvpl=1&l=202601300204562137103DBA738C036AAD&btag=e00090000,negative,0.3472995162010193
tiktok,1744686684,ecuadorenlupa, ,19,4,5,https://v16m.tiktokcdn-us.com/a3c2692e694a657d898b4c90ac60cf3d/697c66aa/video/tos/useast5/tos-useast5-pve-0068-tx/owI69zjC3A3FowI1xxEAriiBNzBwgfQurPpQnp/?a=1233&bti=NXYpNDs8QGo6OjZAOm00NTAuYCMxNDNg&ch=0&cr=13&dr=0&er=0&lr=all&net=0&cd=0%7C0%7C0%7C&cv=1&br=732&bt=366&cs=0&ds=6&ft=74~WHDCnNhHVQc6Gpq8ksd3WBuXqYl57vVN~hWLrK&mime_type=video_mp4&qs=0&rc=Ozk1aGZoNmRlODlpNzw3OEBpajM5d2s5cmp2eTMzZzczNEA0M15gMDVfNi0xLTNeNDMtYSNoNGJpMmQ0bnJgLS1kMS9zcw%3D%3D&vvpl=1&l=202601300204562137103DBA738C036AAD&btag=e00090000,negative,0.3472995162010193
tiktok,1744557742,lavalecal,Hay poder en el nombre de Jesús. • • • • • • #,26,0,2,https://v16m.tiktokcdn-us.com/d08949ff5cb7036138844239f1d0ad3c/697c662f/video/tos/useast8/tos-useast8-ve-0068c004-tx2/oc0KqzQRIiRsjLCIe1PI7BrCeEk2qcVfAAoijj/?a=1233&bti=NXYpNDs8QGo6OjZAOm00NTAuYCMxNDNg&ch=0&cr=13&dr=0&er=0&lr=all&net=0&cd=0%7C0%7C0%7C&cv=1&br=4820&bt=2410&cs=0&ds=6&ft=74~WHDCnNhHVQc6Gpq8ksd3WBuXqYl57vVN~hWLrK&mime_type=video_mp4&qs=0&rc=NzQzaDczZDQ2ZDRkZjM6OEBpamtrZ205cjh3eTMzaTczNEBeY2A2YDU1X14xXi1jMzU1YSM1bGloMmRjXnFgLS1kMTJzcw%3D%3D&vvpl=1&l=202601300204562137103DBA738C036AAD&btag=e000b0000,positive,0.5367275476455688
tiktok,1744603041,auxipantap, ,41,4,1,https://v16m.tiktokcdn-us.com/5f39c67c73802a67a70f83b25a755182/697c6632/video/tos/useast8/tos-useast8-ve-0068c004-tx2/ogDF8EfiiAf6nbJVsEBORmA4R5IXi7EQB67kh8/?a=1233&bti=NXYpNDs8QGo6OjZAOm00NTAuYCMxNDNg&ch=0&cr=13&dr=0&er=0&lr=all&net=0&cd=0%7C0%7C0%7C&cv=1&br=842&bt=421&cs=0&ds=6&ft=z_ChWP.I2h3jVlHt8agfuWTHRpM5Sz0tHV67TGbL&mime_type=video_mp4&qs=0&rc=Zjo4OTo1ZDNoZjY4Ozg7aEBpanZoaHQ5cmc7eTMzaTczNEAzNmEyLi5fX2ExMmIvX2FjYSMxYWNqMmRzYnJgLS1kMTJzcw%3D%3D&vvpl=1&l=20260130020459D7035105F4FAAA03A71F&btag=e000b0000,negative,0.3472995162010193
tiktok,1743813823,jvinicio.tv,Entrevista a Daniel Noboa y Rafael Correa 🇪🇨 🇪🇨🩵,20084,2970,1933,https://v16m.tiktokcdn-us.com/ab2ae4cb8b49828ce8d539d67afde800/697c671c/video/tos/useast2a/tos-useast2a-ve-0068c002/oM9vQJ2FjDAOfLSSiHF9BRngHEEQ7B88INfygE/?a=1233&bti=NXYpNDs8QGo6OjZAOm00NTAuYCMxNDNg&ch=0&cr=13&dr=0&er=0&lr=all&net=0&cd=0%7C0%7C0%7C&cv=1&br=630&bt=315&cs=0&ds=6&ft=z_ChWP.I2h3jVlHt8agfuWTHRpM5Sz0tHV67TGbL&mime_type=video_mp4&qs=0&rc=Ozk8ZGczN2k1Zjs7NTw1Z0Bpand0PHg5cnI6eTMzNzczM0BfXi4xMmEtNTMxMjRhYl41YSNxMWBlMmRza2xgLS1kMTZzcw%3D%3D&vvpl=1&l=20260130020459D7035105F4FAAA03A71F&btag=e00098000,neutral,0.8944244980812073
tiktok,1738294772,madostv,Últimos resultados de diferentes encuestas presidenciales ,370,56,216,https://v16m.tiktokcdn-us.com/9fde5e6b169ba9e02f5f8dd2402f405b/697c6660/video/tos/alisg/tos-alisg-v-37c810-sg/oEHVxW6UZMQEBi0Eq5yiEJviSRcCBPZAAcAEA/?a=1233&bti=Ojs2NGYpQHM6OjZALjU2OmQvcCMxNDNg&ch=0&cr=13&dr=0&er=0&lr=all&net=0&cd=0%7C0%7C0%7C&cv=1&br=1306&bt=653&cs=0&ds=4&ft=z_ChWP.I2h3jVlHt8agfuWTHRpM5Sz0tHV67TGbL&mime_type=video_mp4&qs=13&rc=Mzo7OXQ5cmw3eDMzNzczM0BpMzo7OXQ5cmw3eDMzNzczM0BicmBuMmRrNmJgLS1kMTZzYSNicmBuMmRrNmJgLS1kMTZzcw%3D%3D&vvpl=1&l=20260130020459D7035105F4FAAA03A71F&btag=e00048000,neutral,0.8790848851203918
tiktok,1744671922,ximetapia61,Decepción total 🙁. 🇪🇨,30,0,12,https://v16m.tiktokcdn-us.com/b36efa583e81369408e238b44c16b093/697c664d/video/tos/useast8/tos-useast8-ve-0068c004-tx2/o8fArBisLLBERqAMioKjiv9EfwVQ3nEElxIRp5/?a=1233&bti=NXYpNDs8QGo6OjZAOm00NTAuYCMxNDNg&ch=0&cr=13&dr=0&er=0&lr=all&net=0&cd=0%7C0%7C0%7C&br=2050&bt=1025&cs=0&ds=2&ft=z_ChWP.I2h3jVlHt8agfuWTHRpM5Sz0tHV67TGbL&mime_type=video_mp4&qs=0&rc=PDo7aDg6Ozg8NTxpMzZnN0BpamY5ZGo5cjtzeTMzaTczNEBgNi02NDRjX2MxXjMzX2A0YSNpM2JoMmRzL3JgLS1kMTJzcw%3D%3D&vvpl=1&l=20260130020459D7035105F4FAAA03A71F&btag=e00088000,negative,0.9470758438110352
tiktok,1743862236,munichdigital," Al presidente Daniel Noboa Azin prefiere que le digan ""muñeco de cartón"" y no ""rana rene"". ",124,14,11,https://v16m.tiktokcdn-us.com/01dce98dba4ee82c4a68a2cf532f35ea/697c66db/video/tos/useast2a/tos-useast2a-ve-0068c003/oYo8CUxiIkMvI5PTOoQEZERfIAnz56BC2ZggiA/?a=1233&bti=NXYpNDs8QGo6OjZAOm00NTAuYCMxNDNg&ch=0&cr=13&dr=0&er=0&lr=all&net=0&cd=0%7C0%7C0%7C&cv=1&br=1894&bt=947&cs=0&ds=6&ft=z_ChWP.I2h3jVlHt8agfuWTHRpM5Sz0tHV67TGbL&mime_type=video_mp4&qs=0&rc=aTYzODs4ODQ7NzVpZ2g3ZkBpanY3bXQ5cnNteTMzNzczM0AuXzM0NS4zX14xYDFeYWMxYSM2ZTRnMmRrZmxgLS1kMTZzcw%3D%3D&vvpl=1&l=20260130020459D7035105F4FAAA03A71F&btag=e00090000,neutral,0.5331279039382935
tiktok,1738605329,lapistaec,Alguien le cree a cuando asegura que el 9 de febrero existirán transparentes y sin cortes de energía. planea el fraude y Atamaint lo sabe. ,3,0,2,https://v16m.tiktokcdn-us.com/d804cdbf04a31dba6bd8492023b59b0d/697c664b/video/tos/useast2a/tos-useast2a-ve-0068c002/ocBgWi5QFEA0NirCOk1f2yHxNXBlAIoJhzIIAg/?a=1233&bti=NXYpNDs8QGo6OjZAOm00NTAuYCMxNDNg&ch=0&cr=13&dr=0&er=0&lr=all&net=0&cd=0%7C0%7C0%7C&cv=1&br=706&bt=353&cs=0&ds=6&ft=z_ChWP.I2h3jVlHt8agfuWTHRpM5Sz0tHV67TGbL&mime_type=video_mp4&qs=0&rc=OTwzaGgzNTo5Nzc4aDM2aEBpamg8cnM5cjlqeDMzNzczM0AuMjQzLzEtXmAxL2EyNjZhYSNmYjMxMmRzMmRgLS1kMTZzcw%3D%3D&vvpl=1&l=20260130020459D7035105F4FAAA03A71F&btag=e00088000,negative,0.8293108940124512
tiktok,1744818746,ecuadorenlupa, ,31,2,7,https://v16m.tiktokcdn-us.com/9b250ee5c5bcfd286fdfd79b8e3e52bb/697c669c/video/tos/useast5/tos-useast5-ve-0068c003-tx/osIGsIMiQcAelIPfgf6AeukRQKLLu0fG66anTE/?a=1233&bti=NXYpNDs8QGo6OjZAOm00NTAuYCMxNDNg&ch=0&cr=13&dr=0&er=0&lr=all&net=0&cd=0%7C0%7C0%7C&cv=1&br=638&bt=319&cs=0&ds=6&ft=z_ChWP.I2h3jVlHt8agfuWTHRpM5Sz0tHV67TGbL&mime_type=video_mp4&qs=0&rc=aTQ6PGZkZjZpZjxlNjZkZ0BpanFybWs5cnZ3eTMzZzczNEBiMmE2YzFfXmExNjU2MV9iYSNfZW4xMmRzL3NgLS1kMS9zcw%3D%3D&vvpl=1&l=20260130020459D7035105F4FAAA03A71F&btag=e00090000,negative,0.3472995162010193
tiktok,1744689894,ecuadorenlupa, ,12,0,1,https://v16m.tiktokcdn-us.com/e6e6d1c96fbda80ad5087e7513266303/697c6699/video/tos/useast5/tos-useast5-ve-0068c002-tx/oUDZIpv81BAv2wEtx3i7BIzQzCrwTA4fErvA9i/?a=1233&bti=NXYpNDs8QGo6OjZAOm00NTAuYCMxNDNg&ch=0&cr=13&dr=0&er=0&lr=all&net=0&cd=0%7C0%7C0%7C&cv=1&br=706&bt=353&cs=0&ds=6&ft=z_ChWP.I2h3jVlHt8agfuWTHRpM5Sz0tHV67TGbL&mime_type=video_mp4&qs=0&rc=Ojc5aTkzOTRoZWRkNDs5Z0Bpam1oZnU5cm93eTMzZzczNEAvXl5iXi1eXi0xLV8wXjQvYSNrajJyMmRrZ3JgLS1kMS9zcw%3D%3D&vvpl=1&l=20260130020459D7035105F4FAAA03A71F&btag=e00090000,negative,0.3472995162010193
tiktok,1738816868,locoramirin97, Presidenta del Ecuador 😍🇪🇨 Gonzalez 🇪🇨,4214,289,494,https://v16m.tiktokcdn-us.com/ea81e36eb93fe3693302fa07549a5051/697c663a/video/tos/useast2a/tos-useast2a-pve-0068/oE3k2lB7IiA2EEA0zQikyPCBgyhIfIZkzLWqoh/?a=1233&bti=NXYpNDs8QGo6OjZAOm00NTAuYCMxNDNg&ch=0&cr=13&dr=0&er=0&lr=all&net=0&cd=0%7C0%7C0%7C&cv=1&br=2008&bt=1004&cs=0&ds=6&ft=z_ChWP.I2h3jVlHt8agfuWTHRpM5Sz0tHV67TGbL&mime_type=video_mp4&qs=0&rc=NmRpZGY8NWc6Zzs8aDozNkBpajQ5bGw5cnc2eDMzNzczM0BhNWBeLTVeNS8xXi5eXzIwYSNtNm9vMmRzamZgLS1kMTZzcw%3D%3D&vvpl=1&l=20260130020459D7035105F4FAAA03A71F&btag=e000b8000,positive,0.6215119957923889
tiktok,1742494237,estebitanrrv, 🇪🇨🇪🇨🇪🇨🇪🇨😍 🇪🇨 🇪🇨 ,3,0,0,https://v16m.tiktokcdn-us.com/703639c39dce240ef51cf615a64d5010/697c675a/video/tos/useast2a/tos-useast2a-pve-0068/oM0cjK0mPISYIxCeWCuLEPlIEoGQfSAmDgebmd/?a=1233&bti=NXYpNDs8QGo6OjZAOm00NTAuYCMxNDNg&ch=0&cr=13&dr=0&er=0&lr=all&net=0&cd=0%7C0%7C0%7C&br=1340&bt=670&cs=0&ds=6&ft=z_ChWP.I2h3jVlHt8agfuWTHRpM5Sz0tHV67TGbL&mime_type=video_mp4&qs=0&rc=Zzc6ZTRpODg8OTo5aDg5OUBpM241cXk5cjs4eTMzNzczM0AwYmJjYzJiXzExXjMxLjA2YSNuYWFjMmRjNmJgLS1kMTZzcw%3D%3D&vvpl=1&l=20260130020459D7035105F4FAAA03A71F&btag=e000a0000,positive,0.5508702397346497
tiktok,1763325363,shalomsanchez_17,SAL DE HAY MARIAAA🗣️🔥 | 🇪🇨 ,235910,52585,533,https://v16m.tiktokcdn-us.com/3b30c45ca1802d92236b1b97213a22b5/697c667f/video/tos/alisg/tos-alisg-pve-0037c001/owABQceabOpEfB8K4EDj9IhXcGNREVFgatiEyg/?a=1233&bti=NXYpNDs8QGo6OjZAOm00NTAuYCMxNDNg&ch=0&cr=13&dr=0&er=0&lr=all&net=0&cd=0%7C0%7C0%7C&cv=1&br=2054&bt=1027&cs=0&ds=6&ft=z_ChWP.I2h3jVlHt8agfuWTHRpM5Sz0tHV67TGbL&mime_type=video_mp4&qs=0&rc=Zzw8Ojc5NWg1ZTs1PGRnOkBpM3g4bnY5cnI2NzMzODczNEBgMzReXzYvNWAxLjYxXzQvYSNtcS8wMmRjXmFhLS1kMWBzcw%3D%3D&vvpl=1&l=20260130020459D7035105F4FAAA03A71F&btag=e00090000,neutral,0.48146891593933105
tiktok,1725028414,lamanabaec, con clarita Transparencia para que vean quien miente 🇪🇨 ,95,3,7,https://v16m.tiktokcdn-us.com/75d4044fd649334b9e03ea3dd8c2ce8f/697c663b/video/tos/useast8/tos-useast8-ve-0068c003-tx2/o0kERA4g6qQZnEENroFfICAxf2D3fbITjBDzIM/?a=1233&bti=NXYpNDs8QGo6OjZAOm00NTAuYCMxNDNg&ch=0&cr=13&dr=0&er=0&lr=all&net=0&cd=0%7C0%7C0%7C&cv=1&br=2034&bt=1017&cs=0&ds=6&ft=z_ChWP.I2h3jVlHt8agfuWTHRpM5Sz0tHV67TGbL&mime_type=video_mp4&qs=0&rc=aGlpaDlnPDU8NWU3aGU4N0BpanlpdnM5cm13dTMzaTczNEAyL2I1XmJjNi0xMGE0Yl82YSNhbGZoMmQ0YzVgLS1kMTJzcw%3D%3D&vvpl=1&l=20260130020459D7035105F4FAAA03A71F&btag=e000b8000,neutral,0.4842199981212616
tiktok,1738558593,victorcalahorrano,La Victoria de LuisaG en Quito es inminente 🇪🇨 ,15376,1304,1293,https://v16m.tiktokcdn-us.com/cc7837348677c109ffdd0c62087405fc/697c6966/video/tos/useast2a/tos-useast2a-pve-0068/oM31ORbSZEtxTUZCAuBxihWE4TBiP6CgLFQBI/?a=1233&bti=Ojs2NGYpQHM6OjZALjU2OmQvcCMxNDNg&ch=0&cr=13&dr=0&er=0&lr=all&net=0&cd=0%7C0%7C0%7C&cv=1&br=4162&bt=2081&cs=0&ds=6&ft=z_ChWP.I2h3jVlHt8agfuWTHRpM5Sz0tHV67TGbL&mime_type=video_mp4&qs=0&rc=PGY1OWc1ZDU6M2Q1NTxmPEBpM2t4dm85cmg3eDMzNzczM0BjY14wX2ItXzAxYF9fMDBgYSMub2JgMmQ0X2RgLS1kMTZzcw%3D%3D&vvpl=1&l=20260130020459D7035105F4FAAA03A71F&btag=e000a8000,neutral,0.6527141332626343
tiktok,1738983854,showandtellwithrc, ,6,0,0,https://v16m.tiktokcdn-us.com/d5c6d2e67f31cf80e982fc80e55bdb22/697c6634/video/tos/useast8/tos-useast8-pve-0068-tx2/owQIKePEmPfDiCPyAtqbYfEtFIAjyKT7Twbw8I/?a=1233&bti=NXYpNDs8QGo6OjZAOm00NTAuYCMxNDNg&ch=0&cr=13&dr=0&er=0&lr=all&net=0&cd=0%7C0%7C0%7C&cv=1&br=1398&bt=699&cs=0&ds=6&ft=z_ChWP.I2h3jVlHt8agfuWTHRpM5Sz0tHV67TGbL&mime_type=video_mp4&qs=0&rc=MzlkNzk6Zzw4M2VkNmY2ZEBpM3l4NHc5cmVmeDMzaTczNEAwLjJhMmI1Xi8xNDQ0MjEvYSNsb3BwMmRjY2dgLS1kMTJzcw%3D%3D&vvpl=1&l=20260130020459D7035105F4FAAA03A71F&btag=e000b0000,negative,0.3472995162010193
tiktok,1739111582,micethlajones5,no más es que les digo ,26,0,1,https://v16m.tiktokcdn-us.com/beed8ef2ef9384a74f8f9caf041de3b7/697c6667/video/tos/useast2a/tos-useast2a-ve-0068c003/oUhife8HIfUuALMKuAIguAKeLVboJQG5iRaeMt/?a=1233&bti=NXYpNDs8QGo6OjZAOm00NTAuYCMxNDNg&ch=0&cr=13&dr=0&er=0&lr=all&net=0&cd=0%7C0%7C0%7C&cv=1&br=1920&bt=960&cs=0&ds=6&ft=z_ChWP.I2h3jVlHt8agfuWTHRpM5Sz0tHV67TGbL&mime_type=video_mp4&qs=0&rc=NmY8OzM6NGU5O2c0aGY5M0BpM2U0eXg5cnRleDMzNzczM0BhXl8xLmM1XmMxNDQ0LmEyYSNea201MmRra2hgLS1kMTZzcw%3D%3D&vvpl=1&l=20260130020459D7035105F4FAAA03A71F&btag=e00088000,neutral,0.5962769389152527
tiktok,1737339060,portonoticiasec,El también tuvo frases célebres que causaron 🫣🫣🫣 ,10072,2990,381,https://v16m.tiktokcdn-us.com/68507d9db380fba943dc55e3868dfae1/697c6651/video/tos/useast2a/tos-useast2a-pve-0068/oQLNRnCRjKgEEsgFBAE33m7fZf2QzFIDQPJBUa/?a=1233&bti=NXYpNDs8QGo6OjZAOm00NTAuYCMxNDNg&ch=0&cr=13&dr=0&er=0&lr=all&net=0&cd=0%7C0%7C0%7C&cv=1&br=1256&bt=628&cs=0&ds=6&ft=z_ChWP.I2h3jVlHt8agfuWTHRpM5Sz0tHV67TGbL&mime_type=video_mp4&qs=0&rc=Zjg6ZmRlPDM3OzVnNWYzZUBpM3F2Zm05cnB0eDMzNzczM0AxLS01Li1fX2ExLy00NWI1YSNeczAxMmRjcTNgLS1kMTZzcw%3D%3D&vvpl=1&l=20260130020459D7035105F4FAAA03A71F&btag=e00088000,positive,0.5673428177833557
tiktok,1736886906,jimmy.luzarraga,¿Quien es Pedro Granja? . . ,3238,262,212,https://v16m.tiktokcdn-us.com/d56381df9774dd13556963379cd38b6b/697c6679/video/tos/alisg/tos-alisg-pve-0037c001/o4ER0wIN18AzDkD5BQfsFoAJgkQNSLfaBshnlE/?a=1233&bti=NXYpNDs8QGo6OjZAOm00NTAuYCMxNDNg&ch=0&cr=13&dr=0&er=0&lr=all&net=0&cd=0%7C0%7C0%7C&cv=1&br=1168&bt=584&cs=0&ds=6&ft=z_ChWP.I2h3jVlHt8agfuWTHRpM5Sz0tHV67TGbL&mime_type=video_mp4&qs=0&rc=O2g6OGk1NDs3M2RlNjw6M0BpMzk8OXQ5cjlmeDMzNzczM0BiL2IuMzJeNS0xLy01XzUxYSNvbWNuMmRrZjBgLS1kMTZzcw%3D%3D&vvpl=1&l=20260130020459D7035105F4FAAA03A71F&btag=e00090000,neutral,0.7519057989120483
tiktok,1739121548,j.stalin028,🇪🇨 ,18,0,2,https://v16m.tiktokcdn-us.com/1394c3d9084391a6caa7e13ab081e836/697c6638/video/tos/useast8/tos-useast8-pve-0068-tx2/ogqCUqtAVcqGleLZgG9jyreRI2ILRxIPAQ6Ipe/?a=1233&bti=NXYpNDs8QGo6OjZAOm00NTAuYCMxNDNg&ch=0&cr=13&dr=0&er=0&lr=all&net=0&cd=0%7C0%7C0%7C&cv=1&br=4430&bt=2215&cs=0&ds=6&ft=z_ChWP.I2h3jVlHt8agfuWTHRpM5Sz0tHV67TGbL&mime_type=video_mp4&qs=0&rc=NWdpZjU5Omc7O2g0PDw6ZEBpanVvb2w5cmdoeDMzaTczNEA1YjFgNC5iXmMxLzMzYGAvYSNiNmpzMmRjMWhgLS1kMTJzcw%3D%3D&vvpl=1&l=20260130020459D7035105F4FAAA03A71F&btag=e000b0000,neutral,0.6244810819625854
tiktok,1744431539,libertariaec,Cosas de baúl de recuerdos que vale la pena recordar en estas elecciones en Ecuador 🗳️ ,49812,10513,965,https://v16m.tiktokcdn-us.com/cf8488ffe7ffbc79348150525f47b9a6/697c66b9/video/tos/useast2a/tos-useast2a-ve-0068c002/oYvRIJhtdBAc6NG0FPizBRnQ7ELQvBNfE6fk5i/?a=1233&bti=NXYpNDs8QGo6OjZAOm00NTAuYCMxNDNg&ch=0&cr=13&dr=0&er=0&lr=all&net=0&cd=0%7C0%7C0%7C&cv=1&br=706&bt=353&cs=0&ds=6&ft=z_ChWP.I2h3jVlHt8agfuWTHRpM5Sz0tHV67TGbL&mime_type=video_mp4&qs=0&rc=Z2g6N2k2ZjU5O2U4OjU1NEBpamk7bW05cmh4eTMzNzczM0AvXi9iYV4wXjAxYDJgMDMuYSNka2NqMmRzZXBgLS1kMTZzcw%3D%3D&vvpl=1&l=20260130020459D7035105F4FAAA03A71F&btag=e00090000,positive,0.8379489183425903
tiktok,1738715493,wilopradoec,😱🔴 Luisa González candidata a la Presidencia de la República por el movimiento Revolución Ciudadana. ,90315,5675,11942,https://v16m.tiktokcdn-us.com/80918ca433601a98a34a8da2c79ade7f/697c6bd0/video/tos/useast2a/tos-useast2a-ve-0068c003/oYSiIQfIG2mdrJsCAIe2AEkuKLuifeKiGegMVi/?a=1233&bti=NXYpNDs8QGo6OjZAOm00NTAuYCMxNDNg&ch=0&cr=13&dr=0&er=0&lr=all&net=0&cd=0%7C0%7C0%7C&cv=1&br=1810&bt=905&cs=0&ds=6&ft=z_ChWP.I2h3jVlHt8agfuWTHRpM5Sz0tHV67TGbL&mime_type=video_mp4&qs=0&rc=ODg6ODxlMzw8NzplOTk4NEBpMzRmbnk5cnFkeDMzNzczM0A2NWAxNl5iX18xMzA2X14uYSM1Xl9fMmRzb2VgLS1kMTZzcw%3D%3D&vvpl=1&l=20260130020459D7035105F4FAAA03A71F&btag=e000a8000,neutral,0.6152979731559753
tiktok,1725453125,lamanabaec,Respuesta a 🇪🇨 ,127,6,13,https://v16m.tiktokcdn-us.com/208b4db3456774227ac02a6e598c67d5/697c6641/video/tos/useast8/tos-useast8-ve-0068c004-tx2/ocOQVIpiAAGfEw0VRFfoFmDBxI2ZoEEhphG1gw/?a=1233&bti=Ojs2NGYpQHM6OjZALjU2OmQvcCMxNDNg&ch=0&cr=13&dr=0&er=0&lr=all&net=0&cd=0%7C0%7C0%7C&cv=1&br=4016&bt=2008&cs=0&ds=6&ft=arR-Iqx4m3FPD12MFkDs3wUpCHTKaeF~O5&mime_type=video_mp4&qs=0&rc=OzRlOGk1NGY5OWVpOTo3NkBpM2RnOHQ5cmc4dTMzaTczNEAzNDIvYjNiXjMxYmNeNjM0YSNuLi1gMmRjMGBgLS1kMTJzcw%3D%3D&vvpl=1&l=20260130020503A47BBC3288043D046132&btag=e000b8000,neutral,0.824722170829773
tiktok,1737387455,jagg1973, ,31,0,7,https://v16m.tiktokcdn-us.com/6856ccb458298d2e376a5a52f9acdb26/697c663c/video/tos/useast5/tos-useast5-ve-0068c002-tx/oAEHkQdIGNfhNC2JAIe4AngHfLlbDPHIHU6jgc/?a=1233&bti=Ojs2NGYpQHM6OjZALjU2OmQvcCMxNDNg&ch=0&cr=13&dr=0&er=0&lr=all&net=0&cd=0%7C0%7C0%7C&cv=1&br=2078&bt=1039&cs=0&ds=6&ft=arR-Iqx4m3FPD12MFkDs3wUpCHTKaeF~O5&mime_type=video_mp4&qs=0&rc=NmloOTxoZWY8M2VlMzZoNkBpajdnb285cmU5eDMzZzczNEAzMTVjNGAzX2MxMy4yNjAzYSNyc2oxMmRrbDRgLS1kMS9zcw%3D%3D&vvpl=1&l=20260130020503A47BBC3288043D046132&btag=e000b0000,negative,0.3472995162010193
tiktok,1736386282,betopilataxi,Maneja tu serenidad. ,11,1,0,https://v16m.tiktokcdn-us.com/e3df209458bedc9257eb747b1a2a003f/697c6651/video/tos/alisg/tos-alisg-pve-0037c001/oMDDWEpgQIJfiF2IzSUfzHhvDUI8CjgbfOQyAC/?a=1233&bti=Ojs2NGYpQHM6OjZALjU2OmQvcCMxNDNg&ch=0&cr=13&dr=0&er=0&lr=all&net=0&cd=0%7C0%7C0%7C&br=2064&bt=1032&cs=0&ds=6&ft=arR-Iqx4m3FPD12MFkDs3wUpCHTKaeF~O5&mime_type=video_mp4&qs=0&rc=NWY5OztmM2dnNDs8ZWZmO0BpM3Nocm45cjtsdzMzNzczM0BeNTRfNS8xNi8xYjQzMWNeYSNzaGBqMmRrNXNgLS1kMTZzcw%3D%3D&vvpl=1&l=20260130020503A47BBC3288043D046132&btag=e00088000,neutral,0.5101910829544067
tiktok,1742921417,hernanulloa89,Al país 🗣️🇪🇨# 🇪🇨 ,3202,2420,487,https://v16m.tiktokcdn-us.com/97398f49ac6b1bd7d396017ead6f43bc/697c6803/video/tos/useast2a/tos-useast2a-pve-0068/oofvg5NCBgnrGfeK3ffiWY4JiEgmIPT4AAgt8M/?a=1233&bti=Ojs2NGYpQHM6OjZALjU2OmQvcCMxNDNg&ch=0&cr=13&dr=0&er=0&lr=all&net=0&cd=0%7C0%7C0%7C&cv=1&br=1956&bt=978&cs=0&ds=6&ft=arR-Iqx4m3FPD12MFkDs3wUpCHTKaeF~O5&mime_type=video_mp4&qs=0&rc=Zjc1MzgzMzw5Z2U3Omk4ZUBpM3hkM3E5cjVneTMzNzczM0AyLTVeLTYyX2MxYV9hNjYxYSNibWdnMmRzcGVgLS1kMTZzcw%3D%3D&vvpl=1&l=20260130020503A47BBC3288043D046132&btag=e000a0000,neutral,0.6332836151123047
tiktok,1739742356,estebitanrrv, 🇪🇨,5,0,0,https://v16m.tiktokcdn-us.com/b1a57ea83a562787e6c3a7693312766d/697c6668/video/tos/useast2a/tos-useast2a-ve-0068c004/oEGwyKeHgafLPLKIvUvCAnSgIZICXQ2gjseXS1/?a=1233&bti=Ojs2NGYpQHM6OjZALjU2OmQvcCMxNDNg&ch=0&cr=13&dr=0&er=0&lr=all&net=0&cd=0%7C0%7C0%7C&br=1516&bt=758&cs=0&ds=6&ft=arR-Iqx4m3FPD12MFkDs3wUpCHTKaeF~O5&mime_type=video_mp4&qs=0&rc=NGg8OztnaGlpaWg3aWdlPEBpM2l0NnU5cnY4eDMzNzczM0BjMy81NTEzXjExMDI0YGEtYSNsamByMmRzZW1gLS1kMTZzcw%3D%3D&vvpl=1&l=20260130020503A47BBC3288043D046132&btag=e00088000,neutral,0.6244810819625854
tiktok,1742250985,estebitanrrv, 🇪🇨 🇪🇨 🇪🇨🇪🇨🇪🇨🇪🇨😍,13,0,0,https://v16m.tiktokcdn-us.com/6084ab44964ec4b7638eff73788c5616/697c6646/video/tos/useast2a/tos-useast2a-ve-0068c002/o4UOCgJDnBR7VScFECyKGAQXEBXxf25QmRIemM/?a=1233&bti=Ojs2NGYpQHM6OjZALjU2OmQvcCMxNDNg&ch=0&cr=13&dr=0&er=0&lr=all&net=0&cd=0%7C0%7C0%7C&cv=1&br=1032&bt=516&cs=0&ds=6&ft=arR-Iqx4m3FPD12MFkDs3wUpCHTKaeF~O5&mime_type=video_mp4&qs=0&rc=NGY7OzdkMzo8NjRnO2k7M0BpM2Rodnc5cjZkeTMzNzczM0AwXi5hNGIuXzMxNWIyYjJiYSNpcG1pMmQ0NGBgLS1kMTZzcw%3D%3D&vvpl=1&l=20260130020503A47BBC3288043D046132&btag=e000b8000,positive,0.5505896806716919
tiktok,1738558889,katheryncchachita2, 🇪🇨,11,0,4,https://v16m.tiktokcdn-us.com/f2adfa66b1b2aac657c815ad888bc530/697c6635/video/tos/useast8/tos-useast8-pve-0068-tx2/ocERFGEg1SjSoNDqBAfDFfAVG2ITaq4lEEonTE/?a=1233&bti=Ojs2NGYpQHM6OjZALjU2OmQvcCMxNDNg&ch=0&cr=13&dr=0&er=0&lr=all&net=0&cd=0%7C0%7C0%7C&cv=1&br=1264&bt=632&cs=0&ds=6&ft=arR-Iqx4m3FPD12MFkDs3wUpCHTKaeF~O5&mime_type=video_mp4&qs=0&rc=PGVnOztpPDM6ODw2Ozo7ZUBpam1wbnQ5cjw3eDMzaTczNEAxMjRjLjExNmIxLjZgMl82YSMuaGRzMmRjb2RgLS1kMTJzcw%3D%3D&vvpl=1&l=20260130020503A47BBC3288043D046132&btag=e000b0000,neutral,0.6244810819625854
tiktok,1739127089,latinanoticias,"Luisa González, candidata presidencial de Ecuador, emitió su voto. # ",374,13,5,https://v16m.tiktokcdn-us.com/d14313391fb3057e994ec9b1b3a91d9a/697c666c/video/tos/useast2a/tos-useast2a-ve-0068c001/osAkErMeMeIZVIK1JhGR9BLfeUJoAAJgdWekRi/?a=1233&bti=Ojs2NGYpQHM6OjZALjU2OmQvcCMxNDNg&ch=0&cr=13&dr=0&er=0&lr=all&net=0&cd=0%7C0%7C0%7C&cv=1&br=2522&bt=1261&cs=0&ds=6&ft=arR-Iqx4m3FPD12MFkDs3wUpCHTKaeF~O5&mime_type=video_mp4&qs=0&rc=NjtoaWVpNzQ1NDQ2aWk2PEBpanM0bmw5cmdpeDMzNzczM0AxM2BgNmFfNV4xLmBgNmFjYSMucjZfMmRjZGhgLS1kMTZzcw%3D%3D&vvpl=1&l=20260130020503A47BBC3288043D046132&btag=e00090000,neutral,0.8269199728965759
tiktok,1734558813,adri__123,ES AHORA O NUNCA 🇪🇨🇪🇨🇪🇨 🇪🇨 🇪🇨 Correa Delgado González cazador político Luis 🇪🇨,59055,2731,6628,https://v16m.tiktokcdn-us.com/354319aa32db454a6dcc595a86c733ed/697c66a7/video/tos/alisg/tos-alisg-pve-0037/o8GbQhDQoEnIFSytnJfBVXYu3eHMqqCTAEBkxI/?a=1233&bti=Ojs2NGYpQHM6OjZALjU2OmQvcCMxNDNg&ch=0&cr=13&dr=0&er=0&lr=all&net=0&cd=0%7C0%7C0%7C&br=1186&bt=593&cs=0&ds=2&ft=arR-Iqx4m3FPD12MFkDs3wUpCHTKaeF~O5&mime_type=video_mp4&qs=0&rc=OTY7NWk4Zzw6M2RkNjQ6aEBpMzppcHg5cnBkeDMzNzgzM0BiLjA0Yy1eXy8xLTQtMGMvYSNmMW5fMmQ0ajBgLS1kLzZzcw%3D%3D&vvpl=1&l=20260130020503A47BBC3288043D046132&btag=e00090000,neutral,0.5030200481414795
tiktok,1744508310,conciencianews,Tensión en Ecuador ante decreto de estado de excepción en varias provincias a tan solo unas horas del inicio de las elecciones presidenciales. 🇪🇨 ,2820,592,335,https://v16m.tiktokcdn-us.com/d633042ab4893afdd83ce013a6ec1b52/697c6749/video/tos/useast2a/tos-useast2a-ve-0068c001/oUiPC2eQQd9WifKA3ghA9xgejiW2MCBGI8PiyS/?a=1233&bti=NXYpNDs8QGo6OjZAOm00NTAuYCMxNDNg&ch=0&cr=13&dr=0&er=0&lr=all&net=0&cd=0%7C0%7C0%7C&cv=1&br=588&bt=294&cs=0&ds=6&ft=arR-Iqx4m3FPD12MFkDs3wUpCHTKaeF~O5&mime_type=video_mp4&qs=0&rc=Z2VkMzY7NDZnMzs3OTVkOUBpM3B1M2o5cm1reTMzNzczM0A0YGEuMDUvNmExNTAwMWItYSNfNWpuMmRrNXFgLS1kMTZzcw%3D%3D&vvpl=1&l=20260130020503A47BBC3288043D046132&btag=e00098000,neutral,0.5708508491516113
tiktok,1744593121,estebitanrrv, 🇪🇨 ,19,0,0,https://v16m.tiktokcdn-us.com/1a63de41008582a2fb73039aad7c3701/697c6637/video/tos/useast2a/tos-useast2a-pve-0068/oYBmAYbf5iHk3EjHIniB1Of0EdVoQB4cBJ8NdR/?a=1233&bti=Ojs2NGYpQHM6OjZALjU2OmQvcCMxNDNg&ch=0&cr=13&dr=0&er=0&lr=all&net=0&cd=0%7C0%7C0%7C&cv=1&br=1066&bt=533&cs=0&ds=6&ft=arR-Iqx4m3FPD12MFkDs3wUpCHTKaeF~O5&mime_type=video_mp4&qs=0&rc=M2g8aWlkOmk4M2llODM5O0BpM3U0cW85cjk5eTMzNzczM0A0YGJhLTIuNmIxMzYvYF9gYSNubjRvMmRzLnJgLS1kMTZzcw%3D%3D&vvpl=1&l=20260130020503A47BBC3288043D046132&btag=e000b0000,neutral,0.6244810819625854
tiktok,1724934740,lamanabaec, con 🇪🇨 ,216,3,36,https://v16m.tiktokcdn-us.com/13d2eb52fd3772ef85d5fb0a484a7593/697c6698/video/tos/useast8/tos-useast8-ve-0068c001-tx2/oYTUJBNIVQiDisZfCA0QzqzoaXIQaAO7iE6AQ5/?a=1233&bti=Ojs2NGYpQHM6OjZALjU2OmQvcCMxNDNg&ch=0&cr=13&dr=0&er=0&lr=all&net=0&cd=0%7C0%7C0%7C&cv=1&br=2532&bt=1266&cs=0&ds=6&ft=arR-Iqx4m3FPD12MFkDs3wUpCHTKaeF~O5&mime_type=video_mp4&qs=0&rc=ZjgzO2Q6N2VlODY4PDVlOUBpam08Zm45cmY5dTMzaTczNEBfMWBiYS1eXzUxNTAvLWI1YSNeLXNeMmRzYTVgLS1kMTJzcw%3D%3D&vvpl=1&l=20260130020503A47BBC3288043D046132&btag=e00090000,neutral,0.6261632442474365
tiktok,1739148626,wilopradoec,😱🔴 En vivo análisis del proceso electoral Presidenciales 2025. ,2925,41,150,https://v16m.tiktokcdn-us.com/e478d34711a22f1f84d7c4187f674b66/697c6676/video/tos/useast2a/tos-useast2a-ve-0068c003/osB2EpZBi8cToBA9NQFQl2QIs8Nvq6i4SUEWr/?a=1233&bti=Ojs2NGYpQHM6OjZALjU2OmQvcCMxNDNg&ch=0&cr=13&dr=0&er=0&lr=all&net=0&cd=0%7C0%7C0%7C&cv=1&br=3096&bt=1548&cs=0&ds=6&ft=arR-Iqx4m3FPD12MFkDs3wUpCHTKaeF~O5&mime_type=video_mp4&qs=0&rc=ODo4NjY6OWRoNDc6aDk4ZEBpMzg2aXY5cjRueDMzNzczM0BfMTA2MC9gNV4xNjA0MDBfYSNwYGFiMmRrbmhgLS1kMTZzcw%3D%3D&vvpl=1&l=20260130020503A47BBC3288043D046132&btag=e00090000,neutral,0.9072115421295166
tiktok,1733975029,jcrespog90, busquemos mas candidatos señores no nos enfoquemos en Luisa y Noboa,11,0,0,https://v16m.tiktokcdn-us.com/51903d5206bdd66f53d576abd34dce46/697c667d/video/tos/useast5/tos-useast5-ve-0068c001-tx/ogfpjOLVt1fQIb9UHARqkRb8h1eAjXgMAtkCEL/?a=1233&bti=Ojs2NGYpQHM6OjZALjU2OmQvcCMxNDNg&ch=0&cr=13&dr=0&er=0&lr=all&net=0&cd=0%7C0%7C0%7C&cv=1&br=612&bt=306&cs=0&ds=6&ft=arR-Iqx4m3FPD12MFkDs3wUpCHTKaeF~O5&mime_type=video_mp4&qs=0&rc=PDtnPGc1OzxlOjxlOTMzOEBpanNvZXQ5cnY4dzMzZzczNEBeMC5hMWAuXjYxNjJfLy0zYSMtanMyMmQ0amFgLS1kMS9zcw%3D%3D&vvpl=1&l=20260130020503A47BBC3288043D046132&btag=e00090000,negative,0.6801576614379883
tiktok,1744598034,.rebeldement3," de la Internacional Antifacista Capítulo - Ecuador ante el Mega fraude Electoral y el ataque neofascista de Daniel Noboa. este fraude electoral no es un simple acto de corrupción, sino la imposición violenta de un régimen neofascista, que ha sido diseñado desde el extranjero con métodos propios de las dictaduras más oscuras del siglo XX. .",4,0,0,https://v16m.tiktokcdn-us.com/48283f090b9ed45e3ecfde2449249931/697c6638/video/tos/useast2a/tos-useast2a-ve-0068c002/oU4dSEzIjIVACS2f2vQg5KDP27oFECEHCgfO6f/?a=1233&bti=Ojs2NGYpQHM6OjZALjU2OmQvcCMxNDNg&ch=0&cr=13&dr=0&er=0&lr=all&net=0&cd=0%7C0%7C0%7C&cv=1&br=4964&bt=2482&cs=0&ds=6&ft=arR-Iqx4m3FPD12MFkDs3wUpCHTKaeF~O5&mime_type=video_mp4&qs=0&rc=aTo8PGU5PDc5O2k5NDxkZkBpMzxuaXU5cjQ6eTMzNzczM0AvYmA1MjJfXi0xL14uLmAyYSNecTEyMmQ0NHJgLS1kMTZzcw%3D%3D&vvpl=1&l=20260130020503A47BBC3288043D046132&btag=e000b0000,negative,0.9183942675590515
tiktok,1731699776,ivanandresfarah,Comenten si les tocó o no estar en mesa!!🇪🇨🗳️ ,62618,933,648,https://v45.tiktokcdn-us.com/7f1380627b57ba3ff1f6c0dfc0c3ae48/697c66a3/video/tos/alisg/tos-alisg-pve-0037c001/oMFLIyFNx3JRQ1k3BQDAENNpRtnQpBQEI6EffG/?a=1233&bti=Ojs2NGYpQHM6OjZALjU2OmQvcCMxNDNg&ch=0&cr=13&dr=0&er=0&lr=all&net=0&cd=0%7C0%7C0%7C&cv=1&br=1302&bt=651&cs=0&ds=6&ft=73kDHDyjNJsVQQUnU~d-sdvWBuXqYlsNQE-~hWLrK&mime_type=video_mp4&qs=0&rc=Mzg6NmU3Ojk0ZDkzOjdkaUBpM292aG45cm50djMzNzczM0AwYzMzNF9iXzQxNWAvNTY2YSNta3NvMmRjM29gLS1kMTZzcw%3D%3D&vvpl=1&l=20260130020509777A35E7D66F2C0382FF&btag=e00095000,neutral,0.8316047191619873
tiktok,1737870588,robertinotarot,Predicción tarot elecciones presidenciales en Ecuador 2025 🇪🇨 🇪🇨❤️ ,6300,438,1449,https://v45.tiktokcdn-us.com/eb4d07335ace1d30b3c1331141681c3b/697c6698/video/tos/useast2a/tos-useast2a-ve-0068c002/ocMCUdPVgzjfIpNIL5AijQIGVgVSKfyCQTeqXM/?a=1233&bti=Ojs2NGYpQHM6OjZALjU2OmQvcCMxNDNg&ch=0&cr=13&dr=0&er=0&lr=all&net=0&cd=0%7C0%7C0%7C&cv=1&br=1064&bt=532&cs=0&ds=6&ft=73kDHDyjNJsVQQUnU~d-sdvWBuXqYlsNQE-~hWLrK&mime_type=video_mp4&qs=0&rc=ZWQ7aWYzO2RkaGZmNmc6Z0BpM2lub205cmd2eDMzNzczM0A0NmIxMzUvNjMxM15gYy9fYSNobV4uMmQ0a15gLS1kMTZzcw%3D%3D&vvpl=1&l=20260130020509777A35E7D66F2C0382FF&btag=e00095000,neutral,0.8753622770309448
tiktok,1738901257,dianabravo169, 🤍🦋 💛💙❤️ esperemos no nos roben en las urnas 🥳🥳🥳,26,0,0,https://v45.tiktokcdn-us.com/a3ad4e26b54c54877460318e40defa7b/697c6651/video/tos/useast2a/tos-useast2a-ve-0068c003/oYwDEdBfIiAbEgBpMQiJjhEDB6YGfRLlnZxGQG/?a=1233&bti=Ojs2NGYpQHM6OjZALjU2OmQvcCMxNDNg&ch=0&cr=13&dr=0&er=0&lr=all&net=0&cd=0%7C0%7C0%7C&br=2018&bt=1009&cs=0&ds=1&ft=73kDHDyjNJsVQQUnU~d-sdvWBuXqYlsNQE-~hWLrK&mime_type=video_mp4&qs=0&rc=MzY6ZztoMzlmZDpmaWU2ZkBpMzlmOXQ5cnlyeDMzNzczM0AwNWFfMjMwNS4xYDAzXjNgYSMzMzZsMmRzYWZgLS1kMTZzcw%3D%3D&vvpl=1&l=20260130020509777A35E7D66F2C0382FF&btag=e000bd000,neutral,0.4546508491039276
tiktok,1739328636,wilopradoec,😱🔴 Delfin Quishpe le dice al país por quién votar para mejores días en el Ecuador. ,159090,27642,14063,https://v45.tiktokcdn-us.com/9b671906e18ccdc3765f64e79f78420d/697c66ab/video/tos/useast2a/tos-useast2a-pve-0068/oUQs3LuE8RRvQEJIYBFnADiDQeJ4JB4KfArE0t/?a=1233&bti=Ojs2NGYpQHM6OjZALjU2OmQvcCMxNDNg&ch=0&cr=13&dr=0&er=0&lr=all&net=0&cd=0%7C0%7C0%7C&cv=1&br=1378&bt=689&cs=0&ds=6&ft=73kDHDyjNJsVQQUnU~d-sdvWBuXqYlsNQE-~hWLrK&mime_type=video_mp4&qs=0&rc=ODY7ZWQzNGk6NjxlODw5N0BpMzt5dHA5cmczeDMzNzczM0AxNGFeMTIyNjUxNGNjXzE1YSNjaDNmMmRza2pgLS1kMTZzcw%3D%3D&vvpl=1&l=20260130020509777A35E7D66F2C0382FF&btag=e00095000,neutral,0.6568969488143921
tiktok,1743460338,estebitanrrv, 🇪🇨 🇪🇨 ,5,0,1,https://v45.tiktokcdn-us.com/846ea72c7fd482651656563337aca7a6/697c6687/video/tos/useast2a/tos-useast2a-ve-0068c003/oUfRQEZbawxuPRuWptBPIfCMQgFBBnAx6aDJCE/?a=1233&bti=Ojs2NGYpQHM6OjZALjU2OmQvcCMxNDNg&ch=0&cr=13&dr=0&er=0&lr=all&net=0&cd=0%7C0%7C0%7C&cv=1&br=1686&bt=843&cs=0&ds=6&ft=73kDHDyjNJsVQQUnU~d-sdvWBuXqYlsNQE-~hWLrK&mime_type=video_mp4&qs=0&rc=ZmQ6OGdmOWVpNjU1ZDVpN0Bpam43d3I5cnZreTMzNzczM0AtLjE1MzYuXjExMS1iMzUtYSNqbmwzMmRjYGlgLS1kMTZzcw%3D%3D&vvpl=1&l=20260130020509777A35E7D66F2C0382FF&btag=e00095000,neutral,0.614155650138855
tiktok,1738975500,jotacparati," , , , , , , , 🇪🇨💪💙 , , ",28395,10480,4053,https://v16m.tiktokcdn-us.com/9198ae88986b69d61f92752320748f74/697c66e4/video/tos/useast2a/tos-useast2a-pve-0068/osACgTLmX3PIeCSrlyGUaQHCSTqjI4LgehfII4/?a=1233&bti=Ojs2NGYpQHM6OjZALjU2OmQvcCMxNDNg&ch=0&cr=13&dr=0&er=0&lr=all&net=0&cd=0%7C0%7C0%7C&cv=1&br=2098&bt=1049&cs=0&ds=6&ft=H3YMyvShQBKUxsurIWl2K4yqYl1Z0SE1GbR_3Q7q8Z4ka&mime_type=video_mp4&qs=0&rc=NmY3OmZkOjw1M2dkaDo4aEBpMzh4eXM5cjNkeDMzNzczM0A2MzZgMy9fX2ExNF8wYDFfYSNmbmViMmRzYmdgLS1kMTZzcw%3D%3D&vvpl=1&l=2026013002051365D63EDF04DD5E038683&btag=e00090000,neutral,0.4986223578453064
tiktok,1733264183,elian1308,"48% ES EN PRIMERA VUELTA, EL DINERO DE LOS 3 PUNTOS DEL IVA SE LO ESTAN FERIANDO.🇪🇨 🇪🇨 ",28228,3293,2237,https://v16m.tiktokcdn-us.com/0ae57e6aea615e7bdcf0266aec9c9c6d/697c6760/video/tos/alisg/tos-alisg-pve-0037c001/o4NPl8opfAINLDd0QBIzr7ASgigkiC94V8XEa2/?a=1233&bti=Ojs2NGYpQHM6OjZALjU2OmQvcCMxNDNg&ch=0&cr=13&dr=0&er=0&lr=all&net=0&cd=0%7C0%7C0%7C&cv=1&br=1328&bt=664&cs=0&ds=6&ft=H3YMyvShQBKUxsurIWl2K4yqYl1Z0SE1GbR_3Q7q8Z4ka&mime_type=video_mp4&qs=0&rc=NDdnOWY8NjNnZTNpZjY1NEBpM3ZxdHA5cmxydzMzNzczM0A2L140MzAxNV4xMjMtYGBeYSM2ZW1eMmRzMDRgLS1kMTZzcw%3D%3D&vvpl=1&l=2026013002051365D63EDF04DD5E038683&btag=e00098000,negative,0.548671305179596
tiktok,1739054705,hechosec,Testimonios sobre lo ocurrido con en guayaquil. ,28251,2314,2108,https://v16m.tiktokcdn-us.com/c824a60db9231f92f63b566a9dc37f23/697c66fc/video/tos/useast2a/tos-useast2a-ve-0068c002/octRv9SRDItYMPs1AmFgJSRqSBffnnBQEwQyEp/?a=1233&bti=Ojs2NGYpQHM6OjZALjU2OmQvcCMxNDNg&ch=0&cr=13&dr=0&er=0&lr=all&net=0&cd=0%7C0%7C0%7C&cv=1&br=1666&bt=833&cs=0&ds=6&ft=H3YMyvShQBKUxsurIWl2K4yqYl1Z0SE1GbR_3Q7q8Z4ka&mime_type=video_mp4&qs=0&rc=aDk6Nmk5Omk2aWY0OzM4NEBpMzw2aHA5cnR3eDMzNzczM0BfNDRfXjY0XzIxLzBjLzMxYSMwMzYxMmRrbmdgLS1kMTZzcw%3D%3D&vvpl=1&l=2026013002051365D63EDF04DD5E038683&btag=e00098000,neutral,0.7673348784446716
tiktok,1739119942,marcelraven133,"Tenia ganas de hacer mame con el tema de Joe Hendry la verdad, tomarselo con humor xd ",27017,3243,314,https://v16m.tiktokcdn-us.com/c4a58456e759397f981e4c3e254e4004/697c6648/video/tos/useast2a/tos-useast2a-ve-0068c001/oANCgqQKXF9cABJFFnhDV7QC1EIifBfDEo3U5K/?a=1233&bti=Ojs2NGYpQHM6OjZALjU2OmQvcCMxNDNg&ch=0&cr=13&dr=0&er=0&lr=all&net=0&cd=0%7C0%7C0%7C&cv=1&br=2154&bt=1077&cs=0&ds=6&ft=H3YMyvShQBKUxsurIWl2K4yqYl1Z0SE1GbR_3Q7q8Z4ka&mime_type=video_mp4&qs=0&rc=ZWdkZTZoOjZlOjNpOzs2aEBpM3lldmo5cmpneDMzNzgzM0BhNjIyLzVjNi4xYjAyM2MwYSNicS1pMmRzbmhgLS1kLzZzcw%3D%3D&vvpl=1&l=2026013002051365D63EDF04DD5E038683&btag=e000b8000,neutral,0.4982931613922119
tiktok,1740015752,telmopunina,Opinión Personal con respecto a las declaraciones del sr Iza Salazar sobre la segunda vuelta electoral ,26935,4927,4661,https://v16m.tiktokcdn-us.com/8ebccfbff8d255897b9868edaf7ac661/697c66fe/video/tos/useast2a/tos-useast2a-pve-0068/oYzhks2byAZI0AiI5gcESLRQO2CDolfqBPiBiP/?a=1233&bti=Ojs2NGYpQHM6OjZALjU2OmQvcCMxNDNg&ch=0&cr=13&dr=0&er=0&lr=all&net=0&cd=0%7C0%7C0%7C&cv=1&br=1206&bt=603&cs=0&ds=6&ft=H3YMyvShQBKUxsurIWl2K4yqYl1Z0SE1GbR_3Q7q8Z4ka&mime_type=video_mp4&qs=0&rc=ZDo0aGVlO2kzNTQzZDxkOkBpanNnbnM5cnM7eDMzNzczM0AuXy01YzZfXmMxLzM1LmEyYSM0bGRhMmRjY29gLS1kMTZzcw%3D%3D&vvpl=1&l=2026013002051365D63EDF04DD5E038683&btag=e00098000,neutral,0.8641552329063416
tiktok,1739320683,radiodinamicaecu, || La candidata Luisa González respondió a Daniel Noboa. . . . . . . . . 🇪🇨 🇪🇨❤ 🇪🇨 🇪🇨 🇪🇨 ,26929,1287,1720,https://v16m.tiktokcdn-us.com/c96f8e7168257e945fa5533a0f59a091/697c6657/video/tos/useast2a/tos-useast2a-ve-0068c001/oUX0WQSDPC7yeF5FEC1e5AIIICUrfVQgXjEXCN/?a=1233&bti=Ojs2NGYpQHM6OjZALjU2OmQvcCMxNDNg&ch=0&cr=13&dr=0&er=0&lr=all&net=0&cd=0%7C0%7C0%7C&cv=1&br=1540&bt=770&cs=0&ds=6&ft=H3YMyvShQBKUxsurIWl2K4yqYl1Z0SE1GbR_3Q7q8Z4ka&mime_type=video_mp4&qs=0&rc=NTpmOWY4aTM8NjllZWZnOEBpang8NXM5cjZ4eDMzNzczM0AyYjYyYF4zXi0xMDQ2Ni0wYSNfbXEvMmRjbmlgLS1kMTZzcw%3D%3D&vvpl=1&l=2026013002051365D63EDF04DD5E038683&btag=e00088000,neutral,0.6621205806732178
tiktok,1744589465,rataelcorrea,RAFAEL CORREA HOY.. ,26732,37669,1349,https://v16m.tiktokcdn-us.com/4c218ec0e1c661149c5b220261a62d2b/697c664d/video/tos/useast2a/tos-useast2a-ve-0068c002/o4WjLfjiBBrniKGCg8iUidIqfBJEoUvQ9CVlkA/?a=1233&bti=Ojs2NGYpQHM6OjZALjU2OmQvcCMxNDNg&ch=0&cr=13&dr=0&er=0&lr=all&net=0&cd=0%7C0%7C0%7C&cv=1&br=564&bt=282&cs=0&ds=6&ft=H3YMyvShQBKUxsurIWl2K4yqYl1Z0SE1GbR_3Q7q8Z4ka&mime_type=video_mp4&qs=0&rc=Zzc6ZGk3aTU4Nmk5aDY4O0BpMzZ0O3c5cmo4eTMzNzgzM0BiNTJiLTBfNTMxXmJiYWJiYSNec2RoMmRjMXJgLS1kLzZzcw%3D%3D&vvpl=1&l=2026013002051365D63EDF04DD5E038683&btag=e000b8000,neutral,0.6080876588821411
tiktok,1746905122,telmopunina,LUTO NACIONAL 🇪🇨 😥 Jose Pinto 🇪🇨 Petro,26653,3024,3159,https://v16m.tiktokcdn-us.com/0a4c90a4d231615dad6eb6ca0d423d29/697c66a0/video/tos/useast2a/tos-useast2a-ve-0068c004/o4EVIJGf6DPQINERXqHoigFg2tEDmoQBA2swfB/?a=1233&bti=Ojs2NGYpQHM6OjZALjU2OmQvcCMxNDNg&ch=0&cr=13&dr=0&er=0&lr=all&net=0&cd=0%7C0%7C0%7C&cv=1&br=1714&bt=857&cs=0&ds=6&ft=H3YMyvShQBKUxsurIWl2K4yqYl1Z0SE1GbR_3Q7q8Z4ka&mime_type=video_mp4&qs=0&rc=Z2lkNTU1OjwzM2YzaWhlOUBpajprbnA5cjh0MzMzNzczM0BgLS8uNV5gNTYxYDAvMTMwYSNxamw1MmRzZGNhLS1kMTZzcw%3D%3D&vvpl=1&l=2026013002051365D63EDF04DD5E038683&btag=e00090000,negative,0.8059741258621216
tiktok,1744589694,bolivararmijos1,"Felicitaciones presidente Noboa por su reelección, ya que reafirma la confianza de la mayoría de ecuatorianos que creen en su liderazgo, Dios le dé sabiduría 🇪🇨 ",26513,1874,822,https://v16m.tiktokcdn-us.com/e2f54fd643de2a3828e80e3599ab5efc/697c665d/video/tos/useast2a/tos-useast2a-ve-0068c003/o0NvxiTSA4jIkB3oEsUgJ6rEXdiCfzOkoQA8Io/?a=1233&bti=Ojs2NGYpQHM6OjZALjU2OmQvcCMxNDNg&ch=0&cr=13&dr=0&er=0&lr=all&net=0&cd=0%7C0%7C0%7C&cv=1&br=6186&bt=3093&cs=0&ds=6&ft=H3YMyvShQBKUxsurIWl2K4yqYl1Z0SE1GbR_3Q7q8Z4ka&mime_type=video_mp4&qs=0&rc=OTNnOmg2Nzc7ODc7OWRmO0BpMztsZHE5cjw4eTMzNzczM0AyNC80MC4yNjYxMjNgYDAyYSNqNC1xMmRrM3JgLS1kMTZzcw%3D%3D&vvpl=1&l=2026013002051365D63EDF04DD5E038683&btag=e00088000,positive,0.9180890321731567
tiktok,1740118250,rataelcorrea,"FRAUDE ELECTORAL EN GUAYAS, MANABÍ, ESMERALDAS Y LOS RÍOS. SI SE ABRIESEN LAS URNAS, NO HABRÍA SEGUNDA VUELTA. ",26389,11517,4797,https://v16m.tiktokcdn-us.com/924214486f797c1b0b486918753fd7cb/697c66f6/video/tos/useast2a/tos-useast2a-ve-0068c002/o4QLEBAFEI93SVQQfdCu3iEBgsGGDfABJRCn04/?a=1233&bti=Ojs2NGYpQHM6OjZALjU2OmQvcCMxNDNg&ch=0&cr=13&dr=0&er=0&lr=all&net=0&cd=0%7C0%7C0%7C&cv=1&br=1032&bt=516&cs=0&ds=6&ft=H3YMyvShQBKUxsurIWl2K4yqYl1Z0SE1GbR_3Q7q8Z4ka&mime_type=video_mp4&qs=0&rc=OmlnODtkOjM7N2k4NWg8NUBpM3Ezd3U5cjQ0eDMzNzgzM0A0XjJeLi0zNmIxXmFhNTYtYSNqNi9zMmRrZXBgLS1kLzZzcw%3D%3D&vvpl=1&l=2026013002051365D63EDF04DD5E038683&btag=e00098000,negative,0.8973580598831177
tiktok,1739928101,radiodinamicaecu," || Ante las declaraciones vertidas por el presidente candidato Daniel Noboa, donde manifestó en una entrevista en TC Televisión: ""Estamos ahora hasta vendiéndole electricidad a Colombia"", el país cafetero desmiente dicha información. . . . . . . . . 🇪🇨 🇪🇨 🇪🇨 🇪🇨❤ 🇪🇨 ",26345,7091,4140,https://v16m.tiktokcdn-us.com/403d4f859bda11bc1f3ed9cf548195ed/697c66a5/video/tos/useast2a/tos-useast2a-pve-0068/oQM6ziMCiE2Iow2Ep1fkKKCAImc5zBkZgQ2jA3/?a=1233&bti=Ojs2NGYpQHM6OjZALjU2OmQvcCMxNDNg&ch=0&cr=13&dr=0&er=0&lr=all&net=0&cd=0%7C0%7C0%7C&cv=1&br=1602&bt=801&cs=0&ds=6&ft=H3YMyvShQBKUxsurIWl2K4yqYl1Z0SE1GbR_3Q7q8Z4ka&mime_type=video_mp4&qs=0&rc=NDU4aTg1NDk4NGU7PDRpNkBpM203OnQ5cjRteDMzNzczM0A1Y2NgLy8xXi8xYDEvNWA1YSMyNjAzMmRjMW5gLS1kMTZzcw%3D%3D&vvpl=1&l=2026013002051365D63EDF04DD5E038683&btag=e00090000,neutral,0.6344106197357178
tiktok,1744143368,telmopunina,"Mi Cariño para , Sigan Facturando 💪 ",26210,1140,2831,https://v16m.tiktokcdn-us.com/fa446063eb118e21fc3aed635ac80851/697c6699/video/tos/useast2a/tos-useast2a-ve-0068c001/o4RBNFBzQI6fL29eBnOWAYJ1pJIEEGKbDYhaEQ/?a=1233&bti=Ojs2NGYpQHM6OjZALjU2OmQvcCMxNDNg&ch=0&cr=13&dr=0&er=0&lr=all&net=0&cd=0%7C0%7C0%7C&cv=1&br=1044&bt=522&cs=0&ds=6&ft=H3YMyvShQBKUxsurIWl2K4yqYl1Z0SE1GbR_3Q7q8Z4ka&mime_type=video_mp4&qs=0&rc=aTw6NjM3OWdmZTdoZzc8ZUBpM3RmNXU5cnhyeTMzNzczM0BgLzBjNDAzNWMxYjEzXy0yYSNgaDBjMmRrM25gLS1kMTZzcw%3D%3D&vvpl=1&l=2026013002051365D63EDF04DD5E038683&btag=e00090000,positive,0.6993811726570129
tiktok,1739206014,radiodinamicaecu," || Andrea González, con el 2,71% de votos, ya dio entender a quien apoyara en la segunda vuelta en la que se enfrentarán la derecha de Daniel Noboa y la izquierda de Luisa González, el 13 de abril. . . . . . . . . 🇪🇨 🇪🇨 🇪🇨 🇪🇨 🇪🇨❤ ",26079,1174,4129,https://v16m.tiktokcdn-us.com/1cb1a35f931d91265eb2047707e058db/697c6688/video/tos/useast2a/tos-useast2a-ve-0068c001/o0IitHE9EiZaQhSlALQohUBFqQB1KgEZq6BPD/?a=1233&bti=Ojs2NGYpQHM6OjZALjU2OmQvcCMxNDNg&ch=0&cr=13&dr=0&er=0&lr=all&net=0&cd=0%7C0%7C0%7C&cv=1&br=632&bt=316&cs=0&ds=6&ft=H3YMyvShQBKUxsurIWl2K4yqYl1Z0SE1GbR_3Q7q8Z4ka&mime_type=video_mp4&qs=0&rc=PDNlODs7OWk3Njo0Nzo3NkBpajM3bHc5cnQ1eDMzNzczM0AtMTIvMmEwXjQxLTQwYzA0YSNkX2gwMmQ0bmlgLS1kMTZzcw%3D%3D&vvpl=1&l=2026013002051365D63EDF04DD5E038683&btag=e00090000,neutral,0.7143650054931641
tiktok,1739113148,telmopunina,ELECCIONES ECUADOR 2025 ,26044,1592,3676,https://v16m.tiktokcdn-us.com/624acd951260f820ffaa1ef2efb58424/697c6656/video/tos/useast2a/tos-useast2a-ve-0068c004/oI4eQSMVifYopRggChvgDQDaKyVfIAJewfgIJA/?a=1233&bti=Ojs2NGYpQHM6OjZALjU2OmQvcCMxNDNg&ch=0&cr=13&dr=0&er=0&lr=all&net=0&cd=0%7C0%7C0%7C&cv=1&br=5952&bt=2976&cs=0&ds=6&ft=H3YMyvShQBKUxsurIWl2K4yqYl1Z0SE1GbR_3Q7q8Z4ka&mime_type=video_mp4&qs=0&rc=NTY4aTs4OWQzZmc6NTNlM0Bpamk8bXk5cjNmeDMzNzczM0AuYTFeNTIyNV8xYWJfXy8tYSNwNnNsMmQ0MWhgLS1kMTZzcw%3D%3D&vvpl=1&l=2026013002051365D63EDF04DD5E038683&btag=e000b8000,neutral,0.8122149705886841
tiktok,1739295149,wilopradoec,"😱🔴 Al fin, Daniel Noboa se pronuncia luego del proceso electoral 🇪🇨 ",25802,1912,3730,https://v16m.tiktokcdn-us.com/93c42b7961e548d5b03bc1afac97b241/697c6702/video/tos/useast2a/tos-useast2a-ve-0068c003/oYjFgEB2Q5RJNiBZ1fqKXI4MneBEUDWpqhEQAB/?a=1233&bti=Ojs2NGYpQHM6OjZALjU2OmQvcCMxNDNg&ch=0&cr=13&dr=0&er=0&lr=all&net=0&cd=0%7C0%7C0%7C&cv=1&br=2648&bt=1324&cs=0&ds=6&ft=H3YMyvShQBKUxsurIWl2K4yqYl1Z0SE1GbR_3Q7q8Z4ka&mime_type=video_mp4&qs=0&rc=PDY6NWYzZzQ1aTo5ZGRpaUBpM2tzbG85cjlyeDMzNzczM0A2MmMxMzVhX14xNGBfXmAzYSNsamQvMmRjZWlgLS1kMTZzcw%3D%3D&vvpl=1&l=2026013002051365D63EDF04DD5E038683&btag=e00098000,positive,0.4847033619880676
tiktok,1740102082,telmopunina,TRISTE 😥 😢 🇪🇨 @👑Runa Youtubers 👑 𝐆𝐎𝐍𝐙𝐀𝐋𝐄𝐒,25150,796,8838,https://v16m.tiktokcdn-us.com/d532b885a912f363653fa7fdf0e41cc3/697c66f9/video/tos/useast2a/tos-useast2a-ve-0068c002/okIh7ajIQCAefIdvgPBgaQ97SCLKvsbG7OXDwe/?a=1233&bti=Ojs2NGYpQHM6OjZALjU2OmQvcCMxNDNg&ch=0&cr=13&dr=0&er=0&lr=all&net=0&cd=0%7C0%7C0%7C&cv=1&br=1132&bt=566&cs=0&ds=6&ft=aEKfuqT0mv_PD12DFkDs3wUeFa-pMeF~O5&mime_type=video_mp4&qs=0&rc=NWUzO2g6ZDQzNWU2ZTY4ZUBpM3FxZXk5cmp3eDMzNzczM0AvNF5hMWAwNjYxMi1fYC8tYSNob19jMmRjZm9gLS1kMTZzcw%3D%3D&vvpl=1&l=20260130020517606E857185D6FD03EB76&btag=e00098000,negative,0.8936133980751038
tiktok,1739110758,kevinchooz,Xfa ,24935,737,288,https://v16m.tiktokcdn-us.com/c6dd216113142e9b3d2f8e71780e3393/697c6648/video/tos/useast2a/tos-useast2a-ve-0068c001/oQOIEEHdEFABBqQQERkDJxZ9LfuCisnoMBrfBX/?a=1233&bti=NXYpNDs8QGo6OjZAOm00NTAuYCMxNDNg&ch=0&cr=13&dr=0&er=0&lr=all&net=0&cd=0%7C0%7C0%7C&cv=1&br=2952&bt=1476&cs=0&ds=6&ft=aEKfuqT0mv_PD12DFkDs3wUeFa-pMeF~O5&mime_type=video_mp4&qs=0&rc=OzRpNzpmOTQ6NWY6ZTc6aEBpanltZ3A5cmZleDMzNzczM0AyMi81YjAzNTAxXzM1MWBfYSNicWEtMmRjZWhgLS1kMTZzcw%3D%3D&vvpl=1&l=20260130020517606E857185D6FD03EB76&btag=e000b0000,neutral,0.4264563024044037
tiktok,1739159905,radiodinamicaecu, || Luisa González al país tras pasar a segunda vuelta con Daniel Noboa la noche del domingo 9 de febrero de 2025. . . . . .. .🇪🇨❤ 🇪🇨 🇪🇨 🇪🇨 🇪🇨,24912,1215,2887,https://v16m.tiktokcdn-us.com/00ce5c603b11b27415fd5e97d5661a0a/697c6686/video/tos/useast2a/tos-useast2a-pve-0068/oIXSRnKKqljEEejCBAIaBwjfynHQsFQDgZJBWX/?a=1233&bti=Ojs2NGYpQHM6OjZALjU2OmQvcCMxNDNg&ch=0&cr=13&dr=0&er=0&lr=all&net=0&cd=0%7C0%7C0%7C&cv=1&br=1158&bt=579&cs=0&ds=6&ft=aEKfuqT0mv_PD12DFkDs3wUeFa-pMeF~O5&mime_type=video_mp4&qs=0&rc=OGk7Zzo2MzQ5NTM7aDU0M0BpajNobnI5cnZxeDMzNzczM0AuLS1iNGEvNl4xYjBiMDFjYSNpbWIvMmRrZWhgLS1kMTZzcw%3D%3D&vvpl=1&l=20260130020517606E857185D6FD03EB76&btag=e00090000,neutral,0.6988597512245178
tiktok,1742829712,ycaballeroy,"En efecto, es cine 🚬 ",24855,1666,1063,https://v16m.tiktokcdn-us.com/80d8c340c9ed39f5091a3a740a912725/697c6681/video/tos/useast2a/tos-useast2a-ve-0068c004/oQHEw8rTQavEJ94B3CrDfB6RhSAFgzXQEeanIl/?a=1233&bti=NXYpNDs8QGo6OjZAOm00NTAuYCMxNDNg&ch=0&cr=13&dr=0&er=0&lr=all&net=0&cd=0%7C0%7C0%7C&cv=1&br=572&bt=286&cs=0&ds=6&ft=aEKfuqT0mv_PD12DFkDs3wUeFa-pMeF~O5&mime_type=video_mp4&qs=0&rc=Mzg1PGc5OmY5ZGc7aDY0OUBpanU0bnE5cm5xeTMzNzczM0A2LS0wLWM1NjQxNC41MWMxYSNyX2tqMmRrZGRgLS1kMTZzcw%3D%3D&vvpl=1&l=20260130020517606E857185D6FD03EB76&btag=e00090000,neutral,0.6677762269973755
tiktok,1739457655,elian1308,NOBOA CONTINÚA PELEANDO CON LAS FAMILIAS DE LOS NIÑOS DE LAS MALVINAS.🇪🇨 🇪🇨,24812,4277,1892,https://v16m.tiktokcdn-us.com/17363cfe08d2b3579d162a7f39241327/697c673e/video/tos/useast2a/tos-useast2a-ve-0068c003/oYFBKoDfFtc8rCccKRsWABEEuupQIJgfQng8PE/?a=1233&bti=NXYpNDs8QGo6OjZAOm00NTAuYCMxNDNg&ch=0&cr=13&dr=0&er=0&lr=all&net=0&cd=0%7C0%7C0%7C&cv=1&br=1436&bt=718&cs=0&ds=6&ft=aEKfuqT0mv_PD12DFkDs3wUeFa-pMeF~O5&mime_type=video_mp4&qs=0&rc=OGk2aTZoNTU3M2lpZzg5aEBpamhscXE5cmkzeDMzNzczM0AzYDJeXmNjX2ExNWMvYWEzYSMyMWZfMmQ0MmtgLS1kMTZzcw%3D%3D&vvpl=1&l=20260130020517606E857185D6FD03EB76&btag=e00098000,negative,0.5423879027366638
tiktok,1738792498,yaptvradio,"ANABELLA AZIN, MADRE DE DANIEL NOBOA, DICE QUE SE CONSTRUIRÁ HOSPITAL PARA ATENDER A MILES DE PACIENTES Con cánc3r, y tendrá tecnología de última generación, y personal altmemte capacitado, porque la salud es un derecho para los 18 millones de ecuatorianos. Anabella Azin es candidata a Asambleista Nacional por ADN, lista 7. /CALUMA/UNIDOS/POR/LA/DEM💜 PALESTINA OK Bolívar🇪🇨 Daniel Noboa NOBOA AZIN ",24806,2848,2939,https://v16m.tiktokcdn-us.com/125875135ff573d1a2c37d11c8d2fe82/697c668f/video/tos/useast2a/tos-useast2a-ve-0068c003/okVS39cPDIek6j72A7FgJzRxHBfFnKBQExQtEo/?a=1233&bti=NXYpNDs8QGo6OjZAOm00NTAuYCMxNDNg&ch=0&cr=13&dr=0&er=0&lr=all&net=0&cd=0%7C0%7C0%7C&cv=1&br=1024&bt=512&cs=0&ds=6&ft=aEKfuqT0mv_PD12DFkDs3wUeFa-pMeF~O5&mime_type=video_mp4&qs=0&rc=OTNoNThkODk0PDtnaGZnZ0BpajY4d3c5cmZ3eDMzNzczM0AyNTRhNV9fXy0xL2IzYF4vYSNyb2lnMmRjb2VgLS1kMTZzcw%3D%3D&vvpl=1&l=20260130020517606E857185D6FD03EB76&btag=e00090000,neutral,0.42872413992881775
tiktok,1736522597,elian1308,SI ESTÁS ENTRE VOTAR POR NOBOA O NO MIRA ESTE VIDEO PODEMOS TERMINAR COMO VENEZUELA.🇪🇨 🇪🇨,24665,5346,1839,https://v16m.tiktokcdn-us.com/082017ce2b4977cc84b97cd487208b64/697c6813/video/tos/alisg/tos-alisg-pve-0037c001/ooePQnjoIgGA2EeI97L7lgAeCAudRgCmmrCSjA/?a=1233&bti=NXYpNDs8QGo6OjZAOm00NTAuYCMxNDNg&ch=0&cr=13&dr=0&er=0&lr=all&net=0&cd=0%7C0%7C0%7C&cv=1&br=1514&bt=757&cs=0&ds=6&ft=aEKfuqT0mv_PD12DFkDs3wUeFa-pMeF~O5&mime_type=video_mp4&qs=0&rc=OjZlNWdnNGdoM2RlaWhoNUBpM3RwZ3M5cnZteDMzNzczM0AuMF4uYmAwNTAxYDY2YTBiYSNsZ29oMmRrYi1gLS1kMTZzcw%3D%3D&vvpl=1&l=20260130020517606E857185D6FD03EB76&btag=e000a0000,positive,0.4746186137199402
tiktok,1736556397,wilopradoec,😱🔴 Daniel Noboa y su potente discurso. ,24493,1676,7339,https://v16m.tiktokcdn-us.com/2a2187a3ed27d76577d8695567831179/697c66d3/video/tos/alisg/tos-alisg-pve-0037c001/o8fn2LRGEEDgFBwE3vF7VIK5BGYNEQBybzQJeA/?a=1233&bti=NXYpNDs8QGo6OjZAOm00NTAuYCMxNDNg&ch=0&cr=13&dr=0&er=0&lr=all&net=0&cd=0%7C0%7C0%7C&cv=1&br=2632&bt=1316&cs=0&ds=6&ft=aEKfuqT0mv_PD12DFkDs3wUeFa-pMeF~O5&mime_type=video_mp4&qs=0&rc=ZWllZzRnZWVpNDtoZGdoN0BpM21uNnM5cm91eDMzNzczM0AyNTMyMDUzNmAxNDU1Y2M0YSMwazVjMmRjcS1gLS1kMTZzcw%3D%3D&vvpl=1&l=20260130020517606E857185D6FD03EB76&btag=e00090000,positive,0.5565215945243835
tiktok,1741804976,telmopunina,Mensaje de las Mujeres de la provincia del CHIMBORAZO al PAIS 🇪🇨🇪🇨🇪🇨🇪🇨🇪🇨🇪🇨 🌻😻 Iza Salazar CORREA,24295,3246,3014,https://v16m.tiktokcdn-us.com/b9fb3db906c896a81d9d79b9ca37e0c1/697c6770/video/tos/useast2a/tos-useast2a-ve-0068c002/oUUOEZRERJefhOLg1QQdGEv0IAynSzDoj0iBFB/?a=1233&bti=Ojs2NGYpQHM6OjZALjU2OmQvcCMxNDNg&ch=0&cr=13&dr=0&er=0&lr=all&net=0&cd=0%7C0%7C0%7C&cv=1&br=1372&bt=686&cs=0&ds=6&ft=aEKfuqT0mv_PD12DFkDs3wUeFa-pMeF~O5&mime_type=video_mp4&qs=0&rc=aGVoaTk6ZWY0OjVmOzs3PEBpM2hkcXM5cmd3eTMzNzczM0AuNjQzLjMwXzYxLTYuYC1gYSNkL2ZwMmQ0NDVgLS1kMTZzcw%3D%3D&vvpl=1&l=20260130020517606E857185D6FD03EB76&btag=e000a0000,neutral,0.6429319977760315
tiktok,1744587044,jotacparati," , , , , , , 🤘 .Guevara . Henry Caliz Abogado González Correa Delgado Telecinco Belarra Urresta Base en Canal Red Palacios ciudadanos en Ecuador desafiando la tiranía 🇪🇨💙💪",24223,1996,1749,https://v16m.tiktokcdn-us.com/75b9ebd904c83e246cd236d69c49ccc6/697c672c/video/tos/useast2a/tos-useast2a-pve-0068/osG8vILdEJeeHII0VeMSi3fKg5mJIAywQmAVLf/?a=1233&bti=NXYpNDs8QGo6OjZAOm00NTAuYCMxNDNg&ch=0&cr=13&dr=0&er=0&lr=all&net=0&cd=0%7C0%7C0%7C&cv=1&br=1484&bt=742&cs=0&ds=6&ft=aEKfuqT0mv_PD12DFkDs3wUeFa-pMeF~O5&mime_type=video_mp4&qs=0&rc=NWRlZmdkO2U3Z2g6Omk2ZkBpamxpcHk5cmU3eTMzNzczM0BjMC9eYmJgX2ExMjExYC4wYSMxcS1tMmRrYnJgLS1kMTZzcw%3D%3D&vvpl=1&l=20260130020517606E857185D6FD03EB76&btag=e00098000,neutral,0.56610506772995
tiktok,1734733550,elian1308,ES VOMITIVO VER LA PUBLICIDAD DE NOBOA EN REDES SABIENDO QUE PAGO ESO EN LUGAR DE LA DIALISADORAS.🇪🇨 🇪🇨 ,24195,1769,2078,https://v16m.tiktokcdn-us.com/80b114e7d2e44ea757a2eb6bbd80d6f2/697c672e/video/tos/alisg/tos-alisg-pve-0037c001/o0i63OSbfACeg1DUIoIL17IgAFjDeyAz5SEQCg/?a=1233&bti=NXYpNDs8QGo6OjZAOm00NTAuYCMxNDNg&ch=0&cr=13&dr=0&er=0&lr=all&net=0&cd=0%7C0%7C0%7C&cv=1&br=1740&bt=870&cs=0&ds=6&ft=aEKfuqT0mv_PD12DFkDs3wUeFa-pMeF~O5&mime_type=video_mp4&qs=0&rc=Z2Q7OTk3ZzxkOmg3ZGQ6M0BpM2s0eHc5cm94dzMzNzczM0A2NGMxMi8wX18xYGIwLV5eYSM1bWhiMmQ0bmZgLS1kMTZzcw%3D%3D&vvpl=1&l=20260130020517606E857185D6FD03EB76&btag=e00098000,negative,0.9062998294830322
tiktok,1738162082,amartinezecu,"Si no pasa a segunda vuelta, a quién apoyaría, ¿Noboa o Luisa? Al igual que Luisa González cuando le preguntan sobre Maduro, Andrea González no respondió con certeza. ",23636,1546,2557,https://v16m.tiktokcdn-us.com/bccf7bd1755a390b7d2701ee2d42626b/697c66fc/video/tos/useast2a/tos-useast2a-ve-0068c002/oA5gSRfogA36CjxljLepHPGCBdNzEIINesATAo/?a=1233&bti=NXYpNDs8QGo6OjZAOm00NTAuYCMxNDNg&ch=0&cr=13&dr=0&er=0&lr=all&net=0&cd=0%7C0%7C0%7C&cv=1&br=634&bt=317&cs=0&ds=6&ft=aEKfuqT0mv_PD12DFkDs3wUeFa-pMeF~O5&mime_type=video_mp4&qs=0&rc=aDo5O2llO2lpZztpOzk6M0BpanMzaHY5cnQ2eDMzNzczM0AxMzI2LTUtNTYxMy8xMTAtYSM1M2ZgMmRjcWFgLS1kMTZzcw%3D%3D&vvpl=1&l=20260130020517606E857185D6FD03EB76&btag=e00098000,negative,0.6621281504631042
tiktok,1737387739,ww.ienews.com, 🚨 González Correa Delgado Quishpe OFICIAL Bukele Noticias .ec,23577,2205,3920,https://v16m.tiktokcdn-us.com/ce2eeff8e9739a7852962e6fc9d1ecab/697c6683/video/tos/useast2a/tos-useast2a-ve-0068c004/oomnBOqGE3uFUebA3QKQjcp6R3NiDBg6EfrI3J/?a=1233&bti=NXYpNDs8QGo6OjZAOm00NTAuYCMxNDNg&ch=0&cr=13&dr=0&er=0&lr=all&net=0&cd=0%7C0%7C0%7C&cv=1&br=800&bt=400&cs=0&ds=6&ft=aEKfuqT0mv_PD12DFkDs3wUeFa-pMeF~O5&mime_type=video_mp4&qs=0&rc=aWlnNzZmOGk8Zjg0NWVkaEBpM3U3PHc5cnc5eDMzNzczM0A2MzQ2NGA0XzYxYl8vXzNfYSNraGpeMmRzbzRgLS1kMTZzcw%3D%3D&vvpl=1&l=20260130020517606E857185D6FD03EB76&btag=e00090000,neutral,0.9049758911132812
tiktok,1743474757,elian1308,ECUADOR REACCIONA POR DIOS 🇪🇨 Álvaro Pallares,23553,4325,2424,https://v16m.tiktokcdn-us.com/7a3049eedbe76ae1cde65fa167b375f1/697c672a/video/tos/useast2a/tos-useast2a-pve-0068/o4BmAoU6HFnlWE0gQnED4QfMIDfCQ7YpBJW3GR/?a=1233&bti=NXYpNDs8QGo6OjZAOm00NTAuYCMxNDNg&ch=0&cr=13&dr=0&er=0&lr=all&net=0&cd=0%7C0%7C0%7C&cv=1&br=1278&bt=639&cs=0&ds=6&ft=aEKfuqT0mv_PD12DFkDs3wUeFa-pMeF~O5&mime_type=video_mp4&qs=0&rc=OTYzMzo0Zzg7ZDM7aDszZEBpM2Rqb3Y5cndueTMzNzczM0A2MWEvLS9gXi4xY2EtNjBjYSMwMzIyMmRzcWlgLS1kMTZzcw%3D%3D&vvpl=1&l=20260130020517606E857185D6FD03EB76&btag=e00098000,positive,0.3866158127784729
tiktok,1744638723,elian1308,RESULTADO ELECTORAL 🇪🇨 ,23407,1688,2398,https://v16m.tiktokcdn-us.com/889ca105c0d1bbd35cd35ba76d7ac5de/697c67d6/video/tos/useast2a/tos-useast2a-ve-0068c002/okihscAeiEz1KOVfAYhpIJQ6ffiPRJKI1DuMeF/?a=1233&bti=NXYpNDs8QGo6OjZAOm00NTAuYCMxNDNg&ch=0&cr=13&dr=0&er=0&lr=all&net=0&cd=0%7C0%7C0%7C&cv=1&br=1578&bt=789&cs=0&ds=6&ft=aEKfuqT0mv_PD12DFkDs3wUeFa-pMeF~O5&mime_type=video_mp4&qs=0&rc=M2hpOmc4OmY5Z2Y2ZTloN0BpM3Q3bHE5cnJqeTMzNzczM0BhNTEyMDRhNTMxYjExYTFjYSNqcGovMmRrc3JgLS1kMTZzcw%3D%3D&vvpl=1&l=20260130020517606E857185D6FD03EB76&btag=e000a0000,neutral,0.853557288646698
tiktok,1742779618,andyx757,゚ ,23340,7668,155,https://sf19-sign.tiktokcdn-us.com/obj/tos-alisg-ve-2774/okUqoBYmldDCgsCFQDqtBfyVwQFpZSQEcrSDfb?lk3s=08d74b56&x-expires=1769760317&x-signature=KEQ0uzdtwulrCvejCjiYKxJ2sSg%3D,neutral,0.42293137311935425
tiktok,1731593814,elian1308,"NOBOA ELIMINO VARIAS TERMO ELECTRICAS OARA GENERAR ESTA CRISIS, Y AHORA VA A COMPRAR A COLOMBIA ENERGIA TERMO ELECTRICA.🇪🇨 🇪🇨 ",22953,5692,963,https://v16m.tiktokcdn-us.com/25a89891324a4a6d982ea8fb035c28ca/697c6761/video/tos/alisg/tos-alisg-pve-0037c001/o85ozvDYYlhAi2kwTIQQZBtESBkEUm9BiB5VY/?a=1233&bti=NXYpNDs8QGo6OjZAOm00NTAuYCMxNDNg&ch=0&cr=13&dr=0&er=0&lr=all&net=0&cd=0%7C0%7C0%7C&cv=1&br=2722&bt=1361&cs=0&ds=6&ft=aEKfuqT0mv_PD12DFkDs3wUeFa-pMeF~O5&mime_type=video_mp4&qs=0&rc=Mzs7ZGllNjc7aDwzOjhoaUBpM3NoanM5cjkzdjMzNzczM0AvYjMwNTYtXy4xLWMwXmFeYSNgZV5kMmRrNG9gLS1kMTZzcw%3D%3D&vvpl=1&l=20260130020517606E857185D6FD03EB76&btag=e00098000,negative,0.4406813681125641
tiktok,1750805630,telmopunina,Obvio Pimpollo 😁🤦😁🤦🇪🇨🇪🇨🇪🇨 Jose Pinto Iza Salazar ,22542,1146,4764,https://v16m.tiktokcdn-us.com/96f06be362a16307e8d6c79254542dc6/697c6677/video/tos/useast2a/tos-useast2a-ve-0068c004/oAQFeRBoWW2WvF9F8WyDSQgEJ4BfAwzL8ITdEy/?a=1233&bti=Ojs2NGYpQHM6OjZALjU2OmQvcCMxNDNg&ch=0&cr=13&dr=0&er=0&lr=all&net=0&cd=0%7C0%7C0%7C&cv=1&br=2696&bt=1348&cs=0&ds=6&ft=aEKfuqT0mv_PD12DFkDs3wUeFa-pMeF~O5&mime_type=video_mp4&qs=0&rc=ZGZkNTs5NjRlOTUzNzU2Z0BpanZzdXg5cnZsNDMzNzczM0AxLjEwYzI2NTMxXzQ1LjQ2YSMycWtgMmQ0a2FhLS1kMTZzcw%3D%3D&vvpl=1&l=20260130020517606E857185D6FD03EB76&btag=e00088000,neutral,0.6002182960510254
tiktok,1734814348,yaptvradio,GOBIERNO DE DANIEL NOBOA PAGÓ DEUDA DE 16 AÑOS A MÁS DE 6.000 EDUCADORES COMUNITARIOS En un evento donde el presidente llegó hasta las lágrimas hablo del. pago de USD $33.2 millones a 6.451 educadores. Veamos este emocionante video👇🏽 ,22395,4552,2482,https://v16m.tiktokcdn-us.com/ea1c1e99f6a966943b4f1f86dcea75f3/697c66b5/video/tos/alisg/tos-alisg-pve-0037c001/oEOxrS9ERI3AUJ0f9jQgJoDnOe8FEBuyBQsdVZ/?a=1233&bti=NXYpNDs8QGo6OjZAOm00NTAuYCMxNDNg&ch=0&cr=13&dr=0&er=0&lr=all&net=0&cd=0%7C0%7C0%7C&cv=1&br=1280&bt=640&cs=0&ds=6&ft=WgSBMN5TV6MwUiyrTaiG~Be5SBqmOKPXtOnwQ6oyqF_4&mime_type=video_mp4&qs=0&rc=PDRpOzRmNmhlZGVkNDhpM0BpM29rc3g5cnVsdzMzNzczM0A2NGM0Y2JhNjYxNTNeLy0zYSNzZTNxMmRrYmdgLS1kMTZzcw%3D%3D&vvpl=1&l=20260130020521F6A16CF2C55C8903AA29&btag=e00090000,neutral,0.4397423565387726
tiktok,1739283312,elian1308,ALERTA 🤬NOBOA ATRAVEZ DE CARLOS VERA TILDA DE NARCOS Y DELINCUENTES A LA GENTE DE LA COSTA QUE NO VOTO POR EL 🇪🇨 🇪🇨,22300,1387,1427,https://v16m.tiktokcdn-us.com/05e200338f668a1b9a3a381ec50e33f6/697c6740/video/tos/useast2a/tos-useast2a-ve-0068c004/o0McIkAzgohE2GIuTiY7fQYArRFB1i61aktWKC/?a=1233&bti=NXYpNDs8QGo6OjZAOm00NTAuYCMxNDNg&ch=0&cr=13&dr=0&er=0&lr=all&net=0&cd=0%7C0%7C0%7C&cv=1&br=1252&bt=626&cs=0&ds=6&ft=WgSBMN5TV6MwUiyrTaiG~Be5SBqmOKPXtOnwQ6oyqF_4&mime_type=video_mp4&qs=0&rc=M2g7ZzU8aDc5Njs4ZTc7NkBpM3JkOnQ5cjtveDMzNzczM0A2Yy9iLi0tXzUxNC8yYTEwYSNrbi4zMmRzaWlgLS1kMTZzcw%3D%3D&vvpl=1&l=20260130020521F6A16CF2C55C8903AA29&btag=e00098000,negative,0.8875495791435242
tiktok,1740420971,telmopunina,BATY CHICA GUAYACA 😁 @👑Runa Youtubers 👑 Oligarca 🐰🇪🇨 LA MEDUSA 🇪🇨 ,22099,728,3205,https://v16m.tiktokcdn-us.com/2804398538c0e4c28301e6a4c25cb7d6/697c6693/video/tos/useast2a/tos-useast2a-ve-0068c002/ogDNgEoQaEtvRFsEeJHfSPp4zIKZBRQQ8nILAB/?a=1233&bti=Ojs2NGYpQHM6OjZALjU2OmQvcCMxNDNg&ch=0&cr=13&dr=0&er=0&lr=all&net=0&cd=0%7C0%7C0%7C&cv=1&br=2074&bt=1037&cs=0&ds=6&ft=WgSBMN5TV6MwUiyrTaiG~Be5SBqmOKPXtOnwQ6oyqF_4&mime_type=video_mp4&qs=0&rc=ZmZnNmg0MzNpZ2Y3aGg0N0Bpanh4NG45cjdleDMzNzczM0BgNF9jMi8xXzUxYjReNGI1YSNgNWgxMmRjYXJgLS1kMTZzcw%3D%3D&vvpl=1&l=20260130020521F6A16CF2C55C8903AA29&btag=e00090000,neutral,0.6211933493614197
tiktok,1740683571,wilopradoec,"😱🔴 “No diré mi voto, pero habrá señales” ",22045,404,1217,https://v16m.tiktokcdn-us.com/0c0c90db466d1b61f9090f82ab1d4282/697c66d9/video/tos/useast2a/tos-useast2a-ve-0068c002/oIiKE5JRMETLg3DqBZQF7wW0IfusnzEBqQjfAA/?a=1233&bti=NXYpNDs8QGo6OjZAOm00NTAuYCMxNDNg&ch=0&cr=13&dr=0&er=0&lr=all&net=0&cd=0%7C0%7C0%7C&cv=1&br=2702&bt=1351&cs=0&ds=6&ft=WgSBMN5TV6MwUiyrTaiG~Be5SBqmOKPXtOnwQ6oyqF_4&mime_type=video_mp4&qs=0&rc=aDo0OTw2aDg6OGlpNzo5OEBpanVsZHk5cnZleTMzNzczM0AzLmBhNC1iNTAxLWBgNDUtYSNwaWlkMmRzZS1gLS1kMTZzcw%3D%3D&vvpl=1&l=20260130020521F6A16CF2C55C8903AA29&btag=e00090000,neutral,0.8820427060127258
tiktok,1743466792,magdalenarobles441,"Mi abril empieza sin que me importe lo que piensen o digan de mí, porque mi voto ya está decidido. Este 13 de abril, voto por la Revolución Ciudadana, voto por la Lista 5. 😉✊🇪🇨 Porque Ecuador merece un gobierno con experiencia y compromiso con el pueblo. ¡Vamos juntos por la victoria! Correa Delgado ✅ Vota 🤚 5 🇪🇨 ✅ Vota por la Revolución Ciudadana ́nciudadana 😉🤚🇪🇨 ",21987,1101,1193,https://v16m.tiktokcdn-us.com/2555d4fb43596b91d1c9ac7888b5b14e/697c6655/video/tos/useast2a/tos-useast2a-ve-0068c003/oUOzD8u5DAx3QImboIiueMkBAPKJzTsigCAPrE/?a=1233&bti=NXYpNDs8QGo6OjZAOm00NTAuYCMxNDNg&ch=0&cr=13&dr=0&er=0&lr=all&net=0&cd=0%7C0%7C0%7C&cv=1&br=2962&bt=1481&cs=0&ds=6&ft=WgSBMN5TV6MwUiyrTaiG~Be5SBqmOKPXtOnwQ6oyqF_4&mime_type=video_mp4&qs=0&rc=aTc0ZDhlZjQ4ODU1aDo6aUBpMzw6NXE5cjNseTMzNzczM0BiY2IyXy8yNjQxNC9iYS41YSNrM2s0MmQ0cGlgLS1kMTZzcw%3D%3D&vvpl=1&l=20260130020521F6A16CF2C55C8903AA29&btag=e000b8000,positive,0.5599859356880188
tiktok,1737390264,ww.ienews.com, 🚨 ,21810,1133,1411,https://sf16.tiktokcdn-us.com/obj/tos-alisg-ve-2774/oofZItdxjntroGPjfkBDMjjpgMF3BnC6IEDQ7E,neutral,0.5568307638168335
tiktok,1738935624,elbarondelasmollejas,"Si el domingo no sabes por quien votar, nosotros somos la mejor opción en sabor a la parrilla 😋🍽️ - ",21606,9312,691,https://v16m.tiktokcdn-us.com/dda8530aa96e2f84def051a4b8e36ee5/697c664e/video/tos/useast2a/tos-useast2a-pve-0068/o0BIgITQPsfDCNPedLBFIcIEmGOUe8AmjgCiKS/?a=1233&bti=Ojs2NGYpQHM6OjZALjU2OmQvcCMxNDNg&ch=0&cr=13&dr=0&er=0&lr=all&net=0&cd=0%7C0%7C0%7C&cv=1&br=3094&bt=1547&cs=0&ds=6&ft=WgSBMN5TV6MwUiyrTaiG~Be5SBqmOKPXtOnwQ6oyqF_4&mime_type=video_mp4&qs=0&rc=ZGg3NzppZmQ4ZDQ0aWQ4M0BpanNmd205cmozeDMzNzczM0AyLS8vX15iXmAxNS80Yi5fYSNrLW9lMmRrbGdgLS1kMTZzcw%3D%3D&vvpl=1&l=20260130020521F6A16CF2C55C8903AA29&btag=e000b0000,positive,0.7059434056282043
tiktok,1740181879,telmopunina,Al Parecer esto va para Largo @👑Runa Youtubers 👑 𝐆𝐎𝐍𝐙𝐀𝐋𝐄𝐒 🇪🇨 ,21584,961,4990,https://v16m.tiktokcdn-us.com/c3798e8c0cbaa9fe09e3ff1bd4c25137/697c66b6/video/tos/useast2a/tos-useast2a-ve-0068c004/oYASRFBSDIICZiy57tbdrUBEBEEt3QQKkiqvZ/?a=1233&bti=NXYpNDs8QGo6OjZAOm00NTAuYCMxNDNg&ch=0&cr=13&dr=0&er=0&lr=all&net=0&cd=0%7C0%7C0%7C&cv=1&br=1204&bt=602&cs=0&ds=6&ft=WgSBMN5TV6MwUiyrTaiG~Be5SBqmOKPXtOnwQ6oyqF_4&mime_type=video_mp4&qs=0&rc=PGk3Omg1aTUzZzhnOzloN0BpM2dvcWw5cjRreDMzNzczM0BiNmBeMy9gXmExNTY0YjEuYSMuazVvMmRrL3BgLS1kMTZzcw%3D%3D&vvpl=1&l=20260130020521F6A16CF2C55C8903AA29&btag=e00090000,neutral,0.8257036805152893
tiktok,1739841223,telmopunina,🛑 OPINIÓN Respaldo de la comunidad de Maca Grande perteneciente a cotopaxi a 𝐆𝐎𝐍𝐙𝐀𝐋𝐄𝐒 Iza Salazar Tibán ? 🇪🇨 ,21562,1490,3562,https://v16m.tiktokcdn-us.com/3183b5203537ace4387f6d9111dbdaeb/697c66dc/video/tos/useast2a/tos-useast2a-pve-0068/o0F2uKSnsA1dBcmQEie92R3BJwzfENdSEAsQID/?a=1233&bti=Ojs2NGYpQHM6OjZALjU2OmQvcCMxNDNg&ch=0&cr=13&dr=0&er=0&lr=all&net=0&cd=0%7C0%7C0%7C&cv=1&br=1086&bt=543&cs=0&ds=6&ft=WgSBMN5TV6MwUiyrTaiG~Be5SBqmOKPXtOnwQ6oyqF_4&mime_type=video_mp4&qs=0&rc=ZTY2N2ZnNjU5ZzczZzU4aUBpM3ZvOms5cjx3eDMzNzczM0BeNDA1X2FfXjUxYjA1MC5hYSNqbmctMmRrb21gLS1kMTZzcw%3D%3D&vvpl=1&l=20260130020521F6A16CF2C55C8903AA29&btag=e00090000,neutral,0.8154143691062927
tiktok,1731014466,elian1308,EN RESUMEN LOS CHATS DE VILLAVICENCIO DEMUESTRAN QUE DIANA SALAZAR ES LA CULPABLE DE LA PODREDUMBRE DEL PAIS.🇪🇨 🇪🇨 ,21313,4520,1586,https://v16m.tiktokcdn-us.com/3e26e02a159d6468670f73aa7f8459ae/697c6762/video/tos/alisg/tos-alisg-pve-0037c001/oo9XmIC5QHjSpk1Zl8eXaIleOyqXmMOeWgQgAC/?a=1233&bti=Ojs2NGYpQHM6OjZALjU2OmQvcCMxNDNg&ch=0&cr=13&dr=0&er=0&lr=all&net=0&cd=0%7C0%7C0%7C&cv=1&br=1516&bt=758&cs=0&ds=6&ft=WgSBMN5TV6MwUiyrTaiG~Be5SBqmOKPXtOnwQ6oyqF_4&mime_type=video_mp4&qs=0&rc=ZDZkZzc4ODc4OmhmZWY8ZUBpanh3eHk5cjZsdjMzNzczM0AxXzJfMDQ2Xy0xXzIxYmM2YSNtbWFmMmQ0bWpgLS1kMTZzcw%3D%3D&vvpl=1&l=20260130020521F6A16CF2C55C8903AA29&btag=e00098000,negative,0.7951700091362
tiktok,1735574759,elian1308,NOBOA SE LARGA A EEUU SE TATÚA Y LA CAMPAÑA CONTRA LOS NIÑOS DE GUYAQUIL POR PARTE DEL GOBIERNO.🇪🇨 🇪🇨 ,20908,1442,1530,https://v16m.tiktokcdn-us.com/dda861c62892b809c7380149d7948ca6/697c6734/video/tos/alisg/tos-alisg-pve-0037c001/os7EwRFc0IDvG3QAK8cQfcEcnyEWRyeBJhTsxB/?a=1233&bti=NXYpNDs8QGo6OjZAOm00NTAuYCMxNDNg&ch=0&cr=13&dr=0&er=0&lr=all&net=0&cd=0%7C0%7C0%7C&cv=1&br=2248&bt=1124&cs=0&ds=6&ft=WgSBMN5TV6MwUiyrTaiG~Be5SBqmOKPXtOnwQ6oyqF_4&mime_type=video_mp4&qs=0&rc=Ozw7Omc4PGU7OjhoN2U4PEBpM251NnU5cjRmdzMzNzczM0BhMzYtXi81Xi8xMjIvXmMvYSNyLmdrMmRrMm1gLS1kMTZzcw%3D%3D&vvpl=1&l=20260130020521F6A16CF2C55C8903AA29&btag=e00098000,negative,0.6152379512786865
tiktok,1738625211,ramiroriveraec,¡Delincuentes como candidatos! ,20694,8431,2202,https://v16m.tiktokcdn-us.com/69e0d9bd4dc9d419a1003f38a50a8f05/697c6687/video/tos/useast2a/tos-useast2a-ve-0068c004/oYF64iKg0h6ZvQqBaE0YBnrAUQiQANYUS0FEI/?a=1233&bti=NXYpNDs8QGo6OjZAOm00NTAuYCMxNDNg&ch=0&cr=13&dr=0&er=0&lr=all&net=0&cd=0%7C0%7C0%7C&cv=1&br=2492&bt=1246&cs=0&ds=6&ft=WgSBMN5TV6MwUiyrTaiG~Be5SBqmOKPXtOnwQ6oyqF_4&mime_type=video_mp4&qs=0&rc=Zzw0ODZnM2c5ZDZpaDU1O0BpM3JtOW45cmVveDMzNzczM0BjYF4xNi80XjAxMDUuYGAxYSNkaDNuMmRrLmRgLS1kMTZzcw%3D%3D&vvpl=1&l=20260130020521F6A16CF2C55C8903AA29&btag=e00090000,negative,0.9044832587242126
tiktok,1742961261,libertariosecof,ASÍ O MÁS CLARO MANABÍ? VIVA LA LIBERTAD CARAJO! VOTA BIEN ECUADOR!! 🇪🇨 ,20509,110,32,https://v16m.tiktokcdn-us.com/30ba2ca06ce95e79f464b397b27d3197/697c6753/video/tos/useast2a/tos-useast2a-pve-0068/ooNFqEBcQZRJnmy7dfk5GI3invteYDcB4gEQAB/?a=1233&bti=NXYpNDs8QGo6OjZAOm00NTAuYCMxNDNg&ch=0&cr=13&dr=0&er=0&lr=all&net=0&cd=0%7C0%7C0%7C&cv=1&br=1514&bt=757&cs=0&ds=6&ft=WgSBMN5TV6MwUiyrTaiG~Be5SBqmOKPXtOnwQ6oyqF_4&mime_type=video_mp4&qs=0&rc=ODo2OWQ6Z2U3NGkzOjVnNUBpajk3ZWw5cmhxeTMzNzczM0AvMS8wYS02XjUxNGBhYjQxYSNucC9iMmRzZ2VgLS1kMTZzcw%3D%3D&vvpl=1&l=20260130020521F6A16CF2C55C8903AA29&btag=e00098000,positive,0.7231286764144897
tiktok,1731978263,ivanandresfarah,Ya que me suelte😭 ,20482,302,181,https://v16m.tiktokcdn-us.com/ffab3cd2bdf5916ff4436bf487ccfd68/697c664e/video/tos/alisg/tos-alisg-pve-0037c001/oIZm5QyDlI6EVyE6zUBiSQVvBvsBkBi7BHvAj/?a=1233&bti=NXYpNDs8QGo6OjZAOm00NTAuYCMxNDNg&ch=0&cr=13&dr=0&er=0&lr=all&net=0&cd=0%7C0%7C0%7C&cv=1&br=2402&bt=1201&cs=0&ds=6&ft=WgSBMN5TV6MwUiyrTaiG~Be5SBqmOKPXtOnwQ6oyqF_4&mime_type=video_mp4&qs=0&rc=Zzs8ZDY7Mzs4MzhoZTNkZ0BpM29uM2w5cjl4djMzNzczM0AtMmAvYmMyNTQxNWMtYzU0YSNqL25xMmRrNHFgLS1kMTZzcw%3D%3D&vvpl=1&l=20260130020521F6A16CF2C55C8903AA29&btag=e000b0000,negative,0.930239737033844
tiktok,1745010186,donrrandom,Luisa González en la Escuelita de Maduro Ando 2.0 ,20266,9554,1486,https://v16m.tiktokcdn-us.com/99de45c3c088aaba25ffee23cfb3001b/697c66bc/video/tos/useast2a/tos-useast2a-ve-0068c001/o4AAeBErigDJR4Qj0B32FrCBfvJQIoEEvSIo0y/?a=1233&bti=NXYpNDs8QGo6OjZAOm00NTAuYCMxNDNg&ch=0&cr=13&dr=0&er=0&lr=all&net=0&cd=0%7C0%7C0%7C&cv=1&br=1310&bt=655&cs=0&ds=6&ft=WgSBMN5TV6MwUiyrTaiG~Be5SBqmOKPXtOnwQ6oyqF_4&mime_type=video_mp4&qs=0&rc=Ojg6MzQ1aTg7aDVnOTxkaEBpM2s4aHE5cmRlMzMzNzczM0A0Xy8vXjVeXi4xLl9hNGBfYSNzamVkMmQ0bi5hLS1kMTZzcw%3D%3D&vvpl=1&l=20260130020521F6A16CF2C55C8903AA29&btag=e00090000,neutral,0.7892405390739441
tiktok,1744599983,conciencianews,"Luisa González, de Revolución Ciudadana, denuncia fraude electoral y no reconoce la Victoria de Daniel Noboa. 🇪🇨 ",20269,4088,1761,https://v16m.tiktokcdn-us.com/e8b01ddbe582f262d2a4f17711b856f8/697c67ab/video/tos/useast2a/tos-useast2a-pve-0068/oUQ14fniUJPxZAMricIAXXQKP9Mofegnc8e3fI/?a=1233&bti=Ojs2NGYpQHM6OjZALjU2OmQvcCMxNDNg&ch=0&cr=13&dr=0&er=0&lr=all&net=0&cd=0%7C0%7C0%7C&cv=1&br=1126&bt=563&cs=0&ds=6&ft=WgSBMN5TV6MwUiyrTaiG~Be5SBqmOKPXtOnwQ6oyqF_4&mime_type=video_mp4&qs=0&rc=Z2ZlZDs4aGg7Omc4Zmg0OEBpanloc3Y5cng6eTMzNzczM0A1YmNjYS40XmMxYDBhYi4vYSNzNl82MmRzZ3JgLS1kMTZzcw%3D%3D&vvpl=1&l=20260130020521F6A16CF2C55C8903AA29&btag=e000a0000,negative,0.7706183791160583
tiktok,1737849657,wilopradoec,😱🔴 Simpatizantes se avergüenzan de su candidato. ,20023,233,3139,https://v45.tiktokcdn-us.com/821961cd0fc2310d28e5d39b67654b67/697c6688/video/tos/useast2a/tos-useast2a-ve-0068c002/oYrIyevqrgqjG9UIgfXIALCS9CKLQte4PGUxgE/?a=1233&bti=NXYpNDs8QGo6OjZAOm00NTAuYCMxNDNg&&bt=1239&ft=aEKfuqT0m0LPD129FkDs3wU1P43FMeF~O5&mime_type=video_mp4&rc=ZDU1ZTk8OTo8NGU7Omk6OkBpajZ5Om85cjRxeDMzNzczM0AwXmAvMmJiNV8xMy0zNGNfYSNgX2VyMmRjaV5gLS1kMTZzcw%3D%3D&vvpl=1&l=20260130020524F58A46E94AC59703FD1F&btag=e0008d000,negative,0.936919629573822
tiktok,1745283719,jvinicio.tv,Rafael Correa el mejor presidente de toda la historia de Ecuador 🇪🇨💙 ,19976,3360,296,https://v45.tiktokcdn-us.com/405e32c8d834d757f6df516f9fde15e4/697c6653/video/tos/useast2a/tos-useast2a-pve-0068/o0BuGovUQuK30iBCMSyAAfk0iAEg6IWoIKEc5X/?a=1233&bti=NXYpNDs8QGo6OjZAOm00NTAuYCMxNDNg&&bt=789&ft=aEKfuqT0m0LPD129FkDs3wU1P43FMeF~O5&mime_type=video_mp4&rc=PDU4aTw4aTQ1ZTM0aGU1ZEBpM2RyOGw5cnloMzMzNzczM0AxYjNiYDUyXmIxYTA2XmBeYSNuaGlrMmRraDBhLS1kMTZzcw%3D%3D&vvpl=1&l=20260130020524F58A46E94AC59703FD1F&btag=e0008d000,positive,0.9025636315345764
tiktok,1743304709,estiventaant,"❌🇪🇨 NO a Luisa No al falso socialismo🇪🇨❌ La Amazonía Rechazamos a Luisa, porque representa el regreso del correísmo, un modelo que nos dejó crisis económica, corrupción e inseguridad. ¡No podemos retroceder! 🚫 NO más impunidad 🚫 NO más autoritarismo 🚫 NO más corrupción disfrazada de ""progreso"" El país merece un futuro mejor, con oportunidades reales. Este 2025, votemos por Daniel Noboa, votemos por un Ecuador libre y Democrático 🇪🇨💪 Noticias Pichincha Ecuador ",19454,4047,2448,https://v45.tiktokcdn-us.com/d31e2c84cabdabef8efa644d34872674/697c66b1/video/tos/useast2a/tos-useast2a-pve-0068/okBCRSDu6fLfZjTCoLPrJyUEgYvFQEn7BIQABl/?a=1233&bti=NXYpNDs8QGo6OjZAOm00NTAuYCMxNDNg&&bt=1330&ft=aEKfuqT0m0LPD129FkDs3wU1P43FMeF~O5&mime_type=video_mp4&rc=OTxkZTU2ZjhpZzw1ZmY0Z0BpM2w4d3E5cm9leTMzNzczM0A1LjUyYmJfNTUxNTEzLzIwYSNqb2BmMmQ0YGhgLS1kMTZzcw%3D%3D&vvpl=1&l=20260130020524F58A46E94AC59703FD1F&btag=e0008d000,negative,0.5046898722648621
tiktok,1739164648,majocartagena,Que alguien me explique por favor 🤦🏽‍♀️😵‍💫 que tristeza! 💔 ,19403,2658,1054,https://v45.tiktokcdn-us.com/7aa083a47a2a125a3dd2782bfb99f23b/697c6654/video/tos/useast2a/tos-useast2a-pve-0068/oA3rQJwwEDAYGOFyVYFuBRnglEnQSB8qIpffTE/?a=1233&bti=NXYpNDs8QGo6OjZAOm00NTAuYCMxNDNg&&bt=1452&ft=aEKfuqT0m0LPD129FkDs3wU1P43FMeF~O5&mime_type=video_mp4&rc=Nzw4ZTs8OWlpZThpZDg5aEBpMzxtNHE5cmtyeDMzNzczM0AvMS1hM19eNTExMTBjMV8uYSNgNG5gMmQ0aWhgLS1kMTZzcw%3D%3D&vvpl=1&l=20260130020524F58A46E94AC59703FD1F&btag=e0008d000,negative,0.924719512462616
tiktok,1742788587,aria_gy96, 🐸💚 ,19256,5275,270,https://v19.tiktokcdn-us.com/217aa90fff9af7b697de8e78db23fc7f/697cbc3f/video/tos/useast5/tos-useast5-ve-27dcd7c799-tx/ocLCWBDPtcnPJaQnNV7UeMZBbaJOJlYU5QQmSe/?a=1233&bti=NXYpNDs8QGo6OjZAOm00NTAuYCMxNDNg&ch=0&cr=0&dr=0&er=0&lr=default&cd=0%7C0%7C0%7C0&br=250&bt=125&ft=aEKfuqT0m0LPD129FkDs3wU1P43FMeF~O5&mime_type=audio_mpeg&qs=6&rc=OWQ2NWU2ZDgzN2c7NmRlNEBpam0zZGc6ZnNpbjMzNzU8M0BfX2JfYl4xXy0xL18wMDViYSNpaDYycjRnM2pgLS1kMTZzcw%3D%3D&vvpl=1&l=20260130020524F58A46E94AC59703FD1F&btag=e000b8000&shp=d05b14bd&shcp=-,neutral,0.5126696228981018
tiktok,1734887384,elian1308,GRACIAS TONTOS ALEGRES QUE APOYAN A NOBOA POR USTEDES AHORA QUE 4 NIÑOS DESAPARECEN EN MANOS DE MILITARES ES NORMAL.🇪🇨 🇪🇨 ,18972,1973,1786,https://v45.tiktokcdn-us.com/aa4b5c0ec6b1c9aad3c3c5c6a3a2f143/697c66fa/video/tos/alisg/tos-alisg-pve-0037c001/ogXxIkyNhBABS9pmHBiygIzQtCRoDActEKfwoi/?a=1233&bti=NXYpNDs8QGo6OjZAOm00NTAuYCMxNDNg&&bt=1853&ft=aEKfuqT0m0LPD129FkDs3wU1P43FMeF~O5&mime_type=video_mp4&rc=O2g7NTo8aGc3Zjs5NGUzM0BpMzY8eWw5cmo2dzMzNzczM0A2MS1jMS0vNV4xXzFhNDY1YSNtLzYzMmRzZWhgLS1kMTZzcw%3D%3D&vvpl=1&l=20260130020524F58A46E94AC59703FD1F&btag=e0008d000,positive,0.4699121117591858
tiktok,1739750962,telmopunina,FLORINDO POR NO SER UN 🐏🐏 Films Valverde 🇪🇨 🇪🇨 ,18936,652,1936,https://v45.tiktokcdn-us.com/8068e3fdcfb8a28fa92690699217fa31/697c6665/video/tos/useast2a/tos-useast2a-ve-0068c002/oYBMPkQWjLgekTIQiMXfedAAM8AfXKBlXJE9fi/?a=1233&bti=NXYpNDs8QGo6OjZAOm00NTAuYCMxNDNg&&bt=2391&ft=aEKfuqT0m0LPD129FkDs3wU1P43FMeF~O5&mime_type=video_mp4&rc=ZjU1N2Y8ZjNkZWRpaTw1NUBpM3ZrM3M5cnk6eDMzNzczM0BiLTUvYV4vX14xMTEvNF5fYSNoaWByMmRzbm1gLS1kMTZzcw%3D%3D&vvpl=1&l=20260130020524F58A46E94AC59703FD1F&btag=e0008d000,negative,0.5980644822120667
tiktok,1744422760,kevinchooz, ,18851,423,39,https://v45.tiktokcdn-us.com/6ce8bba538383a4456ef3cf70e8bd392/697c664c/video/tos/useast2a/tos-useast2a-pve-0068/oUQd5PrIHCcf7gjG0tIAnFECdxDU9eYyEfsg2S/?a=1233&bti=NXYpNDs8QGo6OjZAOm00NTAuYCMxNDNg&&bt=847&ft=aEKfuqT0m0LPD129FkDs3wU1P43FMeF~O5&mime_type=video_mp4&rc=aTc7Zzg5aGg1OjtpaTlnN0BpM3h1M3Q5cnJ2eTMzNzczM0BiMC4uMjZiXi8xXi0zYWEyYSNvX24uMmQ0YnBgLS1kMTZzcw%3D%3D&vvpl=1&l=20260130020524F58A46E94AC59703FD1F&btag=e000bd000,negative,0.3472995162010193
tiktok,1733794362,amarusalas593,"🔴 Rafael Correa insulta al presidente Noboa en redes sociales y cuestiona los supuestos logros de su gobierno. ""Chiquitín, no seas ridículo"", le escribió en Twitter. ",18658,901,3382,https://v45.tiktokcdn-us.com/17c33e4287090877a5b330ac41a0bfc0/697c66a6/video/tos/alisg/tos-alisg-pve-0037c001/oYXsjFBRJDnNVZEkmQOaAolTQfJ0G8BE1kIf5g/?a=1233&bti=NXYpNDs8QGo6OjZAOm00NTAuYCMxNDNg&&bt=627&ft=aEKfuqT0m0LPD129FkDs3wU1P43FMeF~O5&mime_type=video_mp4&rc=ZGczZ2Q3ZjQ4OGc3Zzw1aUBpMzdsbWs5cmdzdzMzNzczM0BgNDI1NGM2Xy0xMDM2YTBjYSNvZzZlMmQ0Zl9gLS1kMTZzcw%3D%3D&vvpl=1&l=20260130020524F58A46E94AC59703FD1F&btag=e0008d000,negative,0.9035003781318665
tiktok,1736201865,elian1308,EL PENSAMINETO DE LOS VOTANTES MÁS RECALSITRANTES DE NOBOA ES UN PELIGRO NO LE IMPORTA ENTRAR EN UNA DICTADURA DE NOBOA.🇪🇨 🇪🇨 ,18676,1443,1563,https://v45.tiktokcdn-us.com/28cf2816c935c015adc98369eba75377/697c67c2/video/tos/alisg/tos-alisg-pve-0037c001/owNFm3d1EtGtQNJRXJAPfAiMiAQkeqrEZX8eeL/?a=1233&bti=NXYpNDs8QGo6OjZAOm00NTAuYCMxNDNg&&bt=723&ft=aEKfuqT0m0LPD129FkDs3wU1P43FMeF~O5&mime_type=video_mp4&rc=aGU6ODNpNDxpZTRpMzlmOkBpandtbXM5cnM3dzMzNzczM0AwLy9hNmIwX2AxNi5hXzBfYSNpXmlgMmRrcXJgLS1kMTZzcw%3D%3D&vvpl=1&l=20260130020524F58A46E94AC59703FD1F&btag=e0008d000,negative,0.9385827779769897
tiktok,1733263458,informatemijo0,"En el marco de la crisis energética que atraviesa Ecuador, el presidente Daniel Noboa enfrenta una caída significativa en su popularidad, especialmente entre los jóvenes. Según la última encuesta de Comunicaliza, Noboa ha perdido 3.5 puntos desde agosto, posicionándose con un 28.9% de intención de voto, apenas en un empate técnico con Luisa González (28.8%)【8】. Otros estudios, como los de Maluk Research, destacan que González ya supera a Noboa con un 39.8% frente al 31.3%, consolidando su ventaja como representante de la Revolución Ciudadana【9】. El descontento juvenil quedó evidenciado recientemente en un video viral donde dos jóvenes expresaron que la solución a la crisis energética sería que ""se vaya Noboa y regrese el Mashi"". Este tipo de comentarios refuerza la percepción de que el presidente está perdiendo terreno en un grupo demográfico clave que resulta determinante para las elecciones de 2025. Mientras la crisis eléctrica sigue impactando al país con cortes de hasta 12 horas, las campañas electorales están marcadas por un clima de incertidumbre y descontento. El papel de los jóvenes, cada vez más críticos del manejo gubernamental, podría ser decisivo en el resultado final. ",18656,1646,1183,https://v45.tiktokcdn-us.com/9be2f8eee8a23fbe4e1ea50256874a57/697c664f/video/tos/alisg/tos-alisg-pve-0037c001/ocABOGBPcynEfBuNnFD4fIUoJTgREAFQCDEEax/?a=1233&bti=NXYpNDs8QGo6OjZAOm00NTAuYCMxNDNg&&bt=720&ft=aEKfuqT0m0LPD129FkDs3wU1P43FMeF~O5&mime_type=video_mp4&rc=PGg7ZGZkaTU0M2g0Ozc0N0BpMzQ8cG05cjhydzMzNzczM0A1YF5iYDRjNTQxMDEyNTBjYSNhcjFwMmQ0LTRgLS1kMTZzcw%3D%3D&vvpl=1&l=20260130020524F58A46E94AC59703FD1F&btag=e0008d000,neutral,0.4585098326206207
tiktok,1740240600,telmopunina,opinión sobre seguridad en Ecuador 🇪🇨 𝐆𝐎𝐍𝐙𝐀𝐋𝐄𝐒 Correa Delgado ,18607,1879,2241,https://v45.tiktokcdn-us.com/2cc6bc27a4f606078f869808da98d82d/697c66e1/video/tos/useast2a/tos-useast2a-ve-0068c003/oUeqIFDFMiKe3I1eWzEQRyJA7gVAnuR45efok1/?a=1233&bti=NXYpNDs8QGo6OjZAOm00NTAuYCMxNDNg&&bt=465&ft=aEKfuqT0m0LPD129FkDs3wU1P43FMeF~O5&mime_type=video_mp4&rc=OjM0Njg4PDQ8O2kzN2dmNUBpM2xqbHE5cnF5eDMzNzczM0BfYC41MzZeXmAxNGJeMjZeYSNeaTReMmRrYHBgLS1kMTZzcw%3D%3D&vvpl=1&l=20260130020524F58A46E94AC59703FD1F&btag=e00095000,neutral,0.8775443434715271
tiktok,1740714267,radiodinamicaecu,"Las Damas de Oro clasificaron a la final de la competencia folclórica en Viña del Mar 2025 con su tema Canto de mi tierra. En su segunda presentación, el grupo ecuatoriano obtuvo una calificación de 6,0, superando a Argentina (5,2) y Bolivia (5,8). La puesta en escena destacó por su vestuario inspirado en la cultura ecuatoriana y un mensaje ambiental. Esta jornada fue reprogramada debido a los apagones en Chile. . . . . . . . . 🇪🇨 🇪🇨 🇪🇨 🇪🇨❤ 🇪🇨 # ",18532,384,199,https://v45.tiktokcdn-us.com/2042262cd6d39b1d220d959af49546a8/697c665a/video/tos/useast2a/tos-useast2a-ve-0068c004/oMBiASEV9gBdwMUQQI8x7JDSPsHaEwgBkBZEi/?a=1233&bti=Ojs2NGYpQHM6OjZALjU2OmQvcCMxNDNg&&bt=570&ft=aEKfuqT0m0LPD129FkDs3wU1P43FMeF~O5&mime_type=video_mp4&rc=PDc0NDhnaDVnOTplNjs2OEBpM29rNXc5cnVteTMzNzczM0A1NTY0MjAvNWIxYzJhYl8zYSNmbmFkMmQ0Li1gLS1kMTZzcw%3D%3D&vvpl=1&l=20260130020524F58A46E94AC59703FD1F&btag=e0008d000,neutral,0.5796906352043152
tiktok,1744475024,telmopunina," Jose Pinto VICEPRESIDENTE, La esperanza de las Mujeres Ecuatorianas FUERZA 💪 Mancheno ",18221,860,1701,https://v45.tiktokcdn-us.com/7d6c171ccb97625a45a5912196778eee/697c66d5/video/tos/useast2a/tos-useast2a-ve-0068c003/oUyjfeEnvboOt6S8IpJkkHgIDfAIFCQPDCWPpE/?a=1233&bti=NXYpNDs8QGo6OjZAOm00NTAuYCMxNDNg&&bt=1553&ft=aEKfuqT0m0LPD129FkDs3wU1P43FMeF~O5&mime_type=video_mp4&rc=O2lnNzhnZ2hnZDM1NTU2aEBpM2l2ZHk5cnM8eTMzNzczM0BgMGE1MTUzXjUxYGM1XjNiYSNtM2FoMmQ0MXFgLS1kMTZzcw%3D%3D&vvpl=1&l=20260130020524F58A46E94AC59703FD1F&btag=e00095000,positive,0.7492342591285706
tiktok,1737647440,wilopradoec,😱🔴 Hoy Corte Constitucional decide futuro electoral de Daniel Noboa. 🇪🇨 ,18160,461,2331,https://v45.tiktokcdn-us.com/66681e185b5a7c2c4382af5829286819/697c66a9/video/tos/useast2a/tos-useast2a-pve-0068/o0SDXJsoE6iQEXFgPRrAfZMfPksjCeIJSIC2Fb/?a=1233&bti=NXYpNDs8QGo6OjZAOm00NTAuYCMxNDNg&&bt=784&ft=aEKfuqT0m0LPD129FkDs3wU1P43FMeF~O5&mime_type=video_mp4&rc=OjVpNGZmaTU7ZDs5Z2kzOEBpamV3cnA5cjo5eDMzNzczM0AvMzIuMF9gNmAxXzVeLl4uYSNfa2swMmRrNjZgLS1kMTZzcw%3D%3D&vvpl=1&l=20260130020524F58A46E94AC59703FD1F&btag=e0008d000,neutral,0.9105628132820129
tiktok,1736664840,diarioexxtra_,"Usa falda escocesa o falda de cosaco ruso, lo cierto que el look del candidato Pedro Granja causa revuelo en redes aunque lo que debería causar intereses son las propuestas de los candidatos. ",18111,8349,3748,https://v45.tiktokcdn-us.com/60e615b96b59ae599a42c5172faac2c7/697c664e/video/tos/alisg/tos-alisg-pve-0037c001/ost7ujU2QIhry0OCsZPIDGwCBIkeSqwegA1Lej/?a=1233&bti=NXYpNDs8QGo6OjZAOm00NTAuYCMxNDNg&&bt=524&ft=aEKfuqT0m0LPD129FkDs3wU1P43FMeF~O5&mime_type=video_mp4&rc=MzY3ZWk0NTdmOWkzaTc1ZUBpampxcXI5cnFweDMzNzczM0A2XzM0Yl9hXzAxLjJgMC82YSNxXm5yMmRjXy5gLS1kMTZzcw%3D%3D&vvpl=1&l=20260130020524F58A46E94AC59703FD1F&btag=e0008d000,negative,0.7732303738594055
tiktok,1744599052,carloscantos9, 🇪🇨 ,17923,349,1511,https://sf19.tiktokcdn-us.com/obj/tos-alisg-ve-2774/0201cc496b784f968ae777ed87870d9a,neutral,0.6244810819625854
tiktok,1763313267,mariuxi_avilaz,Así se viven las Elecciones en Ecuador 🇪🇨,17891,1638,156,https://v45.tiktokcdn-us.com/901613d3c914e0d183f50f44768eb2d6/697c6660/video/tos/alisg/tos-alisg-pve-0037c001/oYqHjRuIdI2lCBnAi0QwFLBxiUfQAAnF8EdaHT/?a=1233&bti=NXYpNDs8QGo6OjZAOm00NTAuYCMxNDNg&&bt=1509&ft=aEKfuqT0m0LPD129FkDs3wU1P43FMeF~O5&mime_type=video_mp4&rc=aWZlODg5Z2RkOTk3NWk2O0BpanduPGs5cmQzNzMzODczNEA1NF4tXy42Xi0xNTAtXjJiYSM1YnBvMmRjX2FhLS1kMTFzcw%3D%3D&vvpl=1&l=20260130020524F58A46E94AC59703FD1F&btag=e0008d000,neutral,0.681469202041626
tiktok,1740521626,elian1308,TE DOY LA MINUCIA DE LA CORRUPCIÓN DE PETRONOBOA. 🇪🇨 🇪🇨 ,17690,4176,1084,https://v16m.tiktokcdn-us.com/b782eada2bb8fb1dddc4018071725fd7/697c6862/video/tos/useast2a/tos-useast2a-pve-0068/oUjByAhfde1nFBA5Q8VcRQlDQEcEJdhVAHv4IP/?a=1233&bti=Ojs2NGYpQHM6OjZALjU2OmQvcCMxNDNg&ch=0&cr=13&dr=0&er=0&lr=all&net=0&cd=0%7C0%7C0%7C&cv=1&br=1736&bt=868&cs=0&ds=6&ft=H3YMyvShQBKUxsurIWl2K4yqYlNZ0SE1Gb3mVW7q8Z4ka&mime_type=video_mp4&qs=0&rc=ZDc7PDllOThpM2doZWU8aEBpM2xoNXY5cjs2eDMzNzczM0BiNjMwYjEwXl8xNS0xLy4wYSNrLWhkMmRjcnNgLS1kMTZzcw%3D%3D&vvpl=1&l=20260130020527E671C58CE97A55065889&btag=e000a0000,negative,0.9220540523529053
tiktok,1738606050,noticias_digitales_ec,CUANTO CARIÑO SE HA GANADO EL PRESIDENTE 🥺🥺🥺💜💜💜 ,17660,833,915,https://v16m.tiktokcdn-us.com/f03e505d34394b7f6234d3c4624a596f/697c6665/video/tos/useast2a/tos-useast2a-ve-0068c001/oEYQGe3ZII9SIfCJPgPgLCfCQ8jgAakodCBLSO/?a=1233&bti=NXYpNDs8QGo6OjZAOm00NTAuYCMxNDNg&ch=0&cr=13&dr=0&er=0&lr=all&net=0&cd=0%7C0%7C0%7C&cv=1&br=3194&bt=1597&cs=0&ds=6&ft=H3YMyvShQBKUxsurIWl2K4yqYlNZ0SE1Gb3mVW7q8Z4ka&mime_type=video_mp4&qs=0&rc=ZWk4aDg4ZGdmZDxpZjs7OEBpMzc4eXc5cjZqeDMzNzczM0BhMTMtYV9fNl4xNi0zLi02YSNuMXFtMmQ0M2RgLS1kMTZzcw%3D%3D&vvpl=1&l=20260130020527E671C58CE97A55065889&btag=e000b8000,positive,0.893464982509613
tiktok,1727269560,telmopunina,SOS Quito ,17665,2399,3412,https://v16m.tiktokcdn-us.com/943a552a51ef9e6e390e9b29a99385aa/697c665f/video/tos/useast2a/tos-useast2a-pve-0068/oEIE0FmfABCdBODDEfovCJQQE5Cgb9wKqHoARs/?a=1233&bti=NXYpNDs8QGo6OjZAOm00NTAuYCMxNDNg&ch=0&cr=13&dr=0&er=0&lr=all&net=0&cd=0%7C0%7C0%7C&cv=1&br=1438&bt=719&cs=0&ds=6&ft=H3YMyvShQBKUxsurIWl2K4yqYlNZ0SE1Gb3mVW7q8Z4ka&mime_type=video_mp4&qs=0&rc=PDo3OmlkMzMzaTc0Z2c4ZUBpand0cnI5cjUzdTMzNzczM0AvLWNjM2AtNTIxYjIyYC0vYSNhaC5jMmRraG5gLS1kMTZzcw%3D%3D&vvpl=1&l=20260130020527E671C58CE97A55065889&btag=e000b8000,neutral,0.6133918166160583
tiktok,1744244583,yosoydaxi,y tú? le vas al equipo morado o al azul? comenta un 💜 o un 💙 para ver a quien le vas!!! ,17604,750,1154,https://v16m.tiktokcdn-us.com/5d55b8cfe85c41799a1c13d631c3553a/697c6673/video/tos/useast2a/tos-useast2a-ve-0068c002/ok4WJiBnREBTnEIoQ3iIcaBADQCQ36EvenfqGj/?a=1233&bti=NXYpNDs8QGo6OjZAOm00NTAuYCMxNDNg&ch=0&cr=13&dr=0&er=0&lr=all&net=0&cd=0%7C0%7C0%7C&cv=1&br=1554&bt=777&cs=0&ds=6&ft=H3YMyvShQBKUxsurIWl2K4yqYlNZ0SE1Gb3mVW7q8Z4ka&mime_type=video_mp4&qs=0&rc=ZGk2NDY1ZDdmZDs3OjtkNEBpMzl2OnQ5cm5qeTMzNzczM0AxLmIxX181XmAxMmJjMS0xYSNpMTJfMmRjbm9gLS1kMTZzcw%3D%3D&vvpl=1&l=20260130020527E671C58CE97A55065889&btag=e00088000,neutral,0.8329949378967285
tiktok,1739121537,adri__123,Me fui jajaja 🇪🇨 #😂😂,17527,2094,1276,https://v16m.tiktokcdn-us.com/5a431d59572da5cc5fe89183b713364e/697c6651/video/tos/useast2a/tos-useast2a-pve-0068/ok28WeHGGCePLbnIroI4cDQ4UCSIfIsgZWjuVA/?a=1233&bti=NXYpNDs8QGo6OjZAOm00NTAuYCMxNDNg&ch=0&cr=13&dr=0&er=0&lr=all&net=0&cd=0%7C0%7C0%7C&cv=1&br=1290&bt=645&cs=0&ds=2&ft=H3YMyvShQBKUxsurIWl2K4yqYlNZ0SE1Gb3mVW7q8Z4ka&mime_type=video_mp4&qs=0&rc=ZjU6Zmc7ZTQ2OTk8M2Q0ZkBpMzZpcnA5cmdoeDMzNzczM0BgLWExYzJiXi0xNGFjXmAtYSNmYG5jMmRjMmhgLS1kMTZzcw%3D%3D&vvpl=1&l=20260130020527E671C58CE97A55065889&btag=e000b0000,neutral,0.5419283509254456
tiktok,1731168663,elian1308,YA SALIERON LOS TIK TOKERS LBERTARIOS A DEFENDER LOS CHATS DE LA PODREDUMBRE DE LA FISCAL🇪🇨 🇪🇨 ,17354,776,896,https://v16m.tiktokcdn-us.com/53f8fcb6458eeb0b74c506976744ea0f/697c677f/video/tos/alisg/tos-alisg-pve-0037c001/osUg9dBMibRclivBQIZ4AAaCH8IIEkQfoz7lii/?a=1233&bti=NXYpNDs8QGo6OjZAOm00NTAuYCMxNDNg&ch=0&cr=13&dr=0&er=0&lr=all&net=0&cd=0%7C0%7C0%7C&cv=1&br=1432&bt=716&cs=0&ds=6&ft=H3YMyvShQBKUxsurIWl2K4yqYlNZ0SE1Gb3mVW7q8Z4ka&mime_type=video_mp4&qs=0&rc=ZDpmMzM6OTs3ZzozZmU5aEBpM2s0c3Y5cmhxdjMzNzczM0BeLV4vMjA1XzQxMTAzYjE0YSNwaDYwMmRjcWtgLS1kMTZzcw%3D%3D&vvpl=1&l=20260130020527E671C58CE97A55065889&btag=e000a0000,negative,0.5733949542045593
tiktok,1743466225,jotacparati," , , , , , , , , , 🤣🤣🇪🇨🇪🇨💪💪💙💙",17318,8397,2357,https://v16m.tiktokcdn-us.com/90bc0a706e990fd9e30355ee9ddfe8d5/697c6679/video/tos/useast2a/tos-useast2a-ve-0068c002/osjEfLuwIZiEJi6BYrFDfBCRupAFQwyQC53nEu/?a=1233&bti=NXYpNDs8QGo6OjZAOm00NTAuYCMxNDNg&ch=0&cr=13&dr=0&er=0&lr=all&net=0&cd=0%7C0%7C0%7C&cv=1&br=910&bt=455&cs=0&ds=6&ft=H3YMyvShQBKUxsurIWl2K4yqYlNZ0SE1Gb3mVW7q8Z4ka&mime_type=video_mp4&qs=0&rc=OzU4ZzM5aGUzZDQ7ZmQ3OUBpM3J4Z2s5cmRseTMzNzczM0AtLjMwYS5gXjIxNDYwYzEwYSMucG8zMmRja2lgLS1kMTZzcw%3D%3D&vvpl=1&l=20260130020527E671C58CE97A55065889&btag=e00088000,neutral,0.45492812991142273
tiktok,1744170413,jotacparati," , , , , , 🇪🇨💪💙 bienvenida a la lucha , gran mujer",17302,3339,868,https://v16m.tiktokcdn-us.com/f64bf1f7ec0ace042c630117822b89b8/697c6695/video/tos/useast2a/tos-useast2a-pve-0068/o4IyIcSj7Igea3DWCLgF364fQf29PIECkguvrA/?a=1233&bti=NXYpNDs8QGo6OjZAOm00NTAuYCMxNDNg&ch=0&cr=13&dr=0&er=0&lr=all&net=0&cd=0%7C0%7C0%7C&cv=1&br=1256&bt=628&cs=0&ds=6&ft=H3YMyvShQBKUxsurIWl2K4yqYlNZ0SE1Gb3mVW7q8Z4ka&mime_type=video_mp4&qs=0&rc=aGc7ZDk3NjlmZTtoZzY0PEBpM3V0bnE5cjV4eTMzNzczM0A1M2JgLmEvNjQxYjQyMmIyYSNramdqMmQ0a25gLS1kMTZzcw%3D%3D&vvpl=1&l=20260130020527E671C58CE97A55065889&btag=e00090000,positive,0.8382077813148499
tiktok,1739285924,radiodinamicaecu,"ASÍ EMPIEZA LA CAMPAÑA || Dos días después, este martes 11 de febrero de 2025, el presidente candidato Daniel Noboa habla de irregularidades en el conteo de votos y denuncia que ciudadanos recibieron 4m3nazas para que que voten por Luisa González; además, que un miembro de alto valor, capturado, de ""Los Lobos, tiene relación con miembros de la Revolución Ciudadana. . . . . . . 🇪🇨❤ 🇪🇨 🇪🇨 🇪🇨 🇪🇨 ",17217,1547,5020,https://v16m.tiktokcdn-us.com/5db681dfcf53bb29b47bcef3843c717d/697c66d3/video/tos/useast2a/tos-useast2a-pve-0068/o41jMQg2QPPgffI4ICW8fSWKAVQ4yC8sdkAPn1/?a=1233&bti=NXYpNDs8QGo6OjZAOm00NTAuYCMxNDNg&ch=0&cr=13&dr=0&er=0&lr=all&net=0&cd=0%7C0%7C0%7C&cv=1&br=642&bt=321&cs=0&ds=6&ft=H3YMyvShQBKUxsurIWl2K4yqYlNZ0SE1Gb3mVW7q8Z4ka&mime_type=video_mp4&qs=0&rc=ZDY8Ozk6M2Y2OzM2Z2U5OUBpM3l1eG05cnhweDMzNzczM0BfMi9jYzIxNjMxNjJiMy9gYSNoYy1oMmRrNmlgLS1kMTZzcw%3D%3D&vvpl=1&l=20260130020527E671C58CE97A55065889&btag=e00090000,neutral,0.6021801233291626
tiktok,1738175452,yaptvradio,"DANIEL NOBOA RECIBIRÁ APOYO DE LUCIO GUTIÉRREZ SI LLEGA A SEGUNDA. VUELTA Asi lo dijo el candidato a Asambleista Nacional y lider del Partido Sociedad Patriótica, lista 3, en enttevista a La Posta Ecuador. nuevo ecuador Valbonesi Saraguro te apoya💜 Bolívar🇪🇨 Daniel Noboa NOBOA AZIN ",17170,2215,2275,https://v16m.tiktokcdn-us.com/996f3096c94a983683de575443f4937a/697c6692/video/tos/useast2a/tos-useast2a-pve-0068/owERckI0ssZ3H3DGBQfWFxAJgMQmeI4xBnmn5E/?a=1233&bti=NXYpNDs8QGo6OjZAOm00NTAuYCMxNDNg&ch=0&cr=13&dr=0&er=0&lr=all&net=0&cd=0%7C0%7C0%7C&cv=1&br=888&bt=444&cs=0&ds=6&ft=H3YMyvShQBKUxsurIWl2K4yqYlNZ0SE1Gb3mVW7q8Z4ka&mime_type=video_mp4&qs=0&rc=OmQ2O2Y2Ojg5NmU8ODM3OUBpam1yaHA5cmY6eDMzNzczM0AtYS5gLS02XzMxXzM2MzU2YSMyM3FgMmRjM2FgLS1kMTZzcw%3D%3D&vvpl=1&l=20260130020527E671C58CE97A55065889&btag=e00090000,neutral,0.49732014536857605
tiktok,1739158738,diarioexxtra_,"Los votos más perruños no superaron ni el 0,36% que sacó Bolivar Armijos, Iván Saquicela es el gran perdedor en está contienda electoral. Ojalá que el CNE elimine tanto partido chimbo ",17169,2695,426,https://v16m.tiktokcdn-us.com/bcd459a46c0977ffe8f5af4875fa90bc/697cbcfc/video/tos/useast5/tos-useast5-ve-27dcd7c799-tx/oMFfbJgJOZ33yMHfEwH2MuISJPoAtAzTKtkSfg/?a=1233&bti=NXYpNDs8QGo6OjZAOm00NTAuYCMxNDNg&ch=0&cr=0&dr=0&er=0&lr=default&cd=0%7C0%7C0%7C0&br=124&bt=62&ft=H3YMyvShQBKUxsurIWl2K4yqYlHZ0SE1Gb3mVW7q8Z4ka&mime_type=audio_mpeg&qs=3&rc=PDloZTY7Zjo1Zjk7ODVpNEBpM2RyNDdwcDh2eTMzOjU8M0BgNi4tMDIwNTAxLjE1Li40YSNsZm1tLmExcnNfLS1iMTZzcw%3D%3D&vvpl=1&l=20260130020527E671C58CE97A55065889&btag=e00088000&shp=d05b14bd&shcp=-,negative,0.9534475803375244
tiktok,1738186445,wilopradoec,😱🔴 “Seguiré votando por Daniel Noboa” ,17018,437,4513,https://v16m.tiktokcdn-us.com/ed9221f46ffa6d1c8bcc72d522d5f819/697c6693/video/tos/useast2a/tos-useast2a-pve-0068/ogIZa5nRiv3iqEBEA2JpQEBycUvtQ0iTGvF8S/?a=1233&bti=NXYpNDs8QGo6OjZAOm00NTAuYCMxNDNg&ch=0&cr=13&dr=0&er=0&lr=all&net=0&cd=0%7C0%7C0%7C&cv=1&br=3896&bt=1948&cs=0&ds=6&ft=H3YMyvShQBKUxsurIWl2K4yqYlNZ0SE1Gb3mVW7q8Z4ka&mime_type=video_mp4&qs=0&rc=OTtpZDo6aTk2NDw7ZDw2OUBpamk3bnA5cm48eDMzNzczM0BeMDJhXzMuXy4xYmEtMWNeYSNoX21qMmRrbWFgLS1kMTZzcw%3D%3D&vvpl=1&l=20260130020527E671C58CE97A55065889&btag=e00090000,neutral,0.5297633409500122
tiktok,1735182564,elian1308,"EL GOBIERNO ACTIVA TROLLS PARA TILDAR DE DELINCUENTES A LOS NIÑOS DE GUYAQUIL, Y JUEZA VERA DENUNCIA AMENAZAS DE NOBOA EN EL CASO DE ABAD.🇪🇨 🇪🇨 ",16941,1216,1264,https://v16m.tiktokcdn-us.com/05d3d29b13cc41217c3c7422ae09b9f7/697c6757/video/tos/alisg/tos-alisg-pve-0037c001/oAKIJ8ZzYgfjMsfiBkpQAVCSJC2XAMeoOZAgp2/?a=1233&bti=NXYpNDs8QGo6OjZAOm00NTAuYCMxNDNg&ch=0&cr=13&dr=0&er=0&lr=all&net=0&cd=0%7C0%7C0%7C&cv=1&br=960&bt=480&cs=0&ds=6&ft=H3YMyvShQBKUxsurIWl2K4yqYlNZ0SE1Gb3mVW7q8Z4ka&mime_type=video_mp4&qs=0&rc=O2U6M2k2NjhnZTk7aWg7OEBpajZsNHc5cjVmdzMzNzczM0AxYzMxYi4tXzExYC81YGMwYSMxMzUzMmRrZGpgLS1kMTZzcw%3D%3D&vvpl=1&l=20260130020527E671C58CE97A55065889&btag=e00098000,negative,0.8676109910011292
tiktok,1739208063,libertariaec,A ver ustedes saben que esos votos se van a dividir ,16930,5329,287,https://v16m.tiktokcdn-us.com/a8382fdfec777f8ec7612b2bb23b1171/697c667b/video/tos/useast2a/tos-useast2a-ve-0068c003/oQbI51iKIERwoqkZCNqTNjoIBfAAigQq7AxzRE/?a=1233&bti=Ojs2NGYpQHM6OjZALjU2OmQvcCMxNDNg&ch=0&cr=13&dr=0&er=0&lr=all&net=0&cd=0%7C0%7C0%7C&cv=1&br=1512&bt=756&cs=0&ds=6&ft=H3YMyvShQBKUxsurIWl2K4yqYlNZ0SE1Gb3mVW7q8Z4ka&mime_type=video_mp4&qs=0&rc=ZmU0OjZkZDQ5OzQ8OmczZEBpamQ2bXM5cjw2eDMzNzczM0AuMmNhYWMxX2AxYi8yLWIwYSNhazY1MmRzXmlgLS1kMTZzcw%3D%3D&vvpl=1&l=20260130020527E671C58CE97A55065889&btag=e00088000,neutral,0.6420196890830994
tiktok,1738709905,wilopradoec,"😱🔴 Luisa González: “Los niños llorando me dicen no queremos que nos m4ten, sálvennos”. ",16478,295,2707,https://v16m.tiktokcdn-us.com/ffa02dd0bea9874225984997f15d0ff8/697c666a/video/tos/useast2a/tos-useast2a-ve-0068c002/oQ5EffpipQvRDrCEQVyEALBJmBoFISGanRuicC/?a=1233&bti=NXYpNDs8QGo6OjZAOm00NTAuYCMxNDNg&ch=0&cr=13&dr=0&er=0&lr=all&net=0&cd=0%7C0%7C0%7C&cv=1&br=1146&bt=573&cs=0&ds=6&ft=H3YMyvShQBKUxsurIWl2K4yqYlNZ0SE1Gb3mVW7q8Z4ka&mime_type=video_mp4&qs=0&rc=aDZmaDVnZTtpOzNlZjpnPEBpajtlbXM5cjU8eDMzNzczM0BgNS01Y141X2IxMzM2MS9jYSNzNjY1MmRza2VgLS1kMTZzcw%3D%3D&vvpl=1&l=20260130020527E671C58CE97A55065889&btag=e00088000,negative,0.8238676190376282
tiktok,1737345798,portonoticiasec,El segundo bloque de candidatos también nos dejó frases célebres en el 🇪🇨,16363,2828,184,https://v16m.tiktokcdn-us.com/135c023dd3db5ad4e6433b29305fe2ba/697c665b/video/tos/useast2a/tos-useast2a-pve-0068/owMQPE45PqDBAQiyiTIIRNb3UEBZBSKOwh3qr/?a=1233&bti=NXYpNDs8QGo6OjZAOm00NTAuYCMxNDNg&ch=0&cr=13&dr=0&er=0&lr=all&net=0&cd=0%7C0%7C0%7C&cv=1&br=1426&bt=713&cs=0&ds=6&ft=H3YMyvShQBKUxsurIWl2K4yqYlNZ0SE1Gb3mVW7q8Z4ka&mime_type=video_mp4&qs=0&rc=NzdmPDxmZjRlZTg8NTY0NEBpM2k4cHM5cjZ2eDMzNzczM0BhMTQtYTJhNjAxMDIuLS9eYSNpM3A1MmQ0aDNgLS1kMTZzcw%3D%3D&vvpl=1&l=20260130020527E671C58CE97A55065889&btag=e000b8000,positive,0.8125433325767517
tiktok,1744421657,jvinicio.tv,🇪🇨 Luisa González PRESIDENTA 💙 Rafael Correa 💙 Hasta la victoria siempre ✊ ,16301,1200,1305,https://v16m.tiktokcdn-us.com/8c1cfbc66a310c73ed9a04af1fac89aa/697c6653/video/tos/useast2a/tos-useast2a-ve-0068c002/oEwIrEqDgfCC7KUFf5PjCQA0IN5lx8Ey4e9XsS/?a=1233&bti=NXYpNDs8QGo6OjZAOm00NTAuYCMxNDNg&ch=0&cr=13&dr=0&er=0&lr=all&net=0&cd=0%7C0%7C0%7C&cv=1&br=4194&bt=2097&cs=0&ds=6&ft=H3YMyvShQBKUxsurIWl2K4yqYlNZ0SE1Gb3mVW7q8Z4ka&mime_type=video_mp4&qs=0&rc=aGU4PDhkOGY7ZzNmZmQ7ZEBpM3lwZnQ5cnF2eTMzNzczM0AzXi8wYjUwXy0xLV82NjViYSNpaGswMmRrL3BgLS1kMTZzcw%3D%3D&vvpl=1&l=20260130020527E671C58CE97A55065889&btag=e000b0000,positive,0.49408459663391113
tiktok,1738974733,radiodinamicaecu, || Jueza Nubia Vera da 48 horas de plazo a Daniel Noboa para que restituya a la vicepresidenta Verónica Abad en la Vicepresidencia con todas las facultades constitucionales. . . . . . . . . . . 🇪🇨 🇪🇨 🇪🇨❤ 🇪🇨 🇪🇨 ,16267,1232,2445,https://v19.tiktokcdn-us.com/d720d21849c07fb2ea32ba0bede7fdb4/697c66d5/video/tos/useast2a/tos-useast2a-ve-0068c002/owjepnvGfABOQ1DSEjOmWkEQgFRnqpcQxJEIBJ/?a=1233&bti=NXYpNDs8QGo6OjZAOm00NTAuYCMxNDNg&ch=0&cr=13&dr=0&er=0&lr=all&net=0&cd=0%7C0%7C0%7C&cv=1&br=1982&bt=991&cs=0&ds=6&ft=aEKfuqT0m0LPD12CFkDs3wUEd2Y7MeF~O5&mime_type=video_mp4&qs=0&rc=Zmc7OWZoaDM7aDs6aGhoaUBpajY2Z3g5cjdkeDMzNzczM0A0LmMzMWFgNWExYi42MGNiYSMxMGBmMmRrX2dgLS1kMTZzcw%3D%3D&vvpl=1&l=20260130020530099B4EB49A9A3E03D51E&btag=e00090000,neutral,0.6684610843658447
tiktok,1739405968,espososrevolucionarios,Necesito de tu ayuda Ecuatoriano juntos vamos ayudar a nuestra futura presidenta Luisa Gonzales. Telegram: t.me/ligaazul593ec González,16273,1659,1431,https://v19.tiktokcdn-us.com/533461e0fb644083be4ee39ebdf47613/697c66d6/video/tos/useast2a/tos-useast2a-pve-0068/oMfkcGJQWuLnCs3eIgdakSPZddjiWAh8IIgCgf/?a=1233&bti=NXYpNDs8QGo6OjZAOm00NTAuYCMxNDNg&ch=0&cr=13&dr=0&er=0&lr=all&net=0&cd=0%7C0%7C0%7C&cv=1&br=2726&bt=1363&cs=0&ds=6&ft=aEKfuqT0m0LPD12CFkDs3wUEd2Y7MeF~O5&mime_type=video_mp4&qs=0&rc=ODZkOWRpNzczN2c4NzlnOkBpamkzbHE5cmhteDMzNzczM0A1LS1gMTNeXjExYzNiNDEuYSNpZTZgMmRzZmpgLS1kMTZzcw%3D%3D&vvpl=1&l=20260130020530099B4EB49A9A3E03D51E&btag=e00090000,neutral,0.714523196220398
tiktok,1763298018,melina_andrade04,"Hombres siendo hombres hasta en el recinto electoral, nótese ninguno pego el sticker 🙂‍↔️🤣 ",16225,691,314,https://v19.tiktokcdn-us.com/ed081bf395ef5c97259cec142624141d/697c6658/video/tos/alisg/tos-alisg-pve-0037c001/owffZ3ZABQBEHagmqGDTcpEuGICrFyRJcFzEEH/?a=1233&bti=NXYpNDs8QGo6OjZAOm00NTAuYCMxNDNg&ch=0&cr=13&dr=0&er=0&lr=all&net=0&cd=0%7C0%7C0%7C&cv=1&br=2494&bt=1247&cs=0&ds=6&ft=aEKfuqT0m0LPD12CFkDs3wUEd2Y7MeF~O5&mime_type=video_mp4&qs=0&rc=PGU7ZDo2Mzg5ZTZnZmY7M0Bpam13am85cnB2NzMzODczNEBhMy9gMzAyNTMxLzAzMDQyYSNtaHM2MmRjaWBhLS1kMWBzcw%3D%3D&vvpl=1&l=20260130020530099B4EB49A9A3E03D51E&btag=e000b0000,neutral,0.5304877161979675
tiktok,1741470105,katar284,"los elicópteros comprados por Correa CON SOBREPRECIO, VETUSTOS, INSEGUROS, CIN FALLAS. Los Elicópteros adquiridos por el Presidente Daniel Noboa PRINCIPAL CARACTERISTICA SEGURIDAD.. Dos nuevos helicópteros H225 llegan a Ecuador para reforzar la lucha contra el crimen organizado Los helicópteros H225 son una nueva y mejorada versión de las aeronaves SuperPuma Por sus característiscas técnicas, permitirán a los soldados llegar con rapidez a puntos y zonas calientes donde ocurran incidencias, además de que servirán para la vigilancia de sectores estratégicos y transporte de objetivos de alto valor y personas privadas de libertad. Ecuatoriano de Defensa Efrain Kaviedes LA MEDUSA 🇪🇨 Oligarca 🐰🇪🇨 Noboa 2025",15980,809,2444,https://v45.tiktokcdn-us.com/eabc5dbb6341efe7d9f7a3856328e281/697cbcb8/video/tos/useast2a/tos-useast2a-v-27dcd7/oYy4k7FhqAJIoBfEDgPMUtdDTQK3oGtW4FAzhL/?a=1233&bti=NXYpNDs8QGo6OjZAOm00NTAuYCMxNDNg&ch=0&cr=0&dr=0&er=0&lr=default&cd=0%7C0%7C0%7C0&br=250&bt=125&ft=aEKfuqT0m0LPD12aFkDs3wUEd2Y7MeF~O5&mime_type=audio_mpeg&qs=6&rc=OGQ2aTk0OmU4ODQ0aDpoO0Bpajx2bzY6Zm9qbDMzNzU8M0AyMS1iNS41NmIxM2MtYDNjYSMycjNkcjRfMi9gLS1kMTZzcw%3D%3D&vvpl=1&l=20260130020530099B4EB49A9A3E03D51E&btag=e000b5000&shp=d05b14bd&shcp=-,neutral,0.4341855049133301
tiktok,1739061125,espososrevolucionarios,Esto es por lo que ya no están 💙 ,15834,410,1412,https://v19.tiktokcdn-us.com/5d0369ac13a4ab6457c43237e837a5c8/697c668d/video/tos/alisg/tos-alisg-v-37c810-sg/AACV0bK52QBxkTFZnbZtWQ5k0QmJTOpFEZ6d2Y3EEM6dXQzMTar9GAGVxXrCuYigxYfiLAFdJp79Cu16rqBQ6eeChkbYxt0MfeClfrv4akFe9irAQ1kIVCfeCVj6jDra6eeiBA/?a=1233&bti=NXYpNDs8QGo6OjZAOm00NTAuYCMxNDNg&ch=0&cr=13&dr=0&er=0&lr=all&net=0&cd=0%7C0%7C0%7C&cv=1&br=24418&bt=12209&ds=4&ft=aEKfuqT0m0LPD12CFkDs3wUEd2Y7MeF~O5&mime_type=video_mp4&qs=13&rc=am1nd3c5cnd5eDMzNzczM0Bpam1nd3c5cnd5eDMzNzczM0AxbWVnMmRrYmdgLS1kMTZzYSMxbWVnMmRrYmdgLS1kMTZzcw%3D%3D&vvpl=1&l=20260130020530099B4EB49A9A3E03D51E&btag=e00050000,neutral,0.5805677175521851
tiktok,1748391145,telmopunina,"Aunque No tengamos los mismos Ideales Ni Pensamientos, pero Fue muy Grata su Visita estimada Dra Tibán Agradecido 🙏🇪🇨 🇪🇨🇪🇨 🇪🇨🌏💫 Oficial",15769,458,950,https://v19.tiktokcdn-us.com/ab6ce86567f360db305765b204e2a8a4/697c668b/video/tos/useast2a/tos-useast2a-pve-0068/oYinQLD0GAThgXUQi7GyMIVAkW2fERJlCRooIB/?a=1233&bti=Ojs2NGYpQHM6OjZALjU2OmQvcCMxNDNg&ch=0&cr=13&dr=0&er=0&lr=all&net=0&cd=0%7C0%7C0%7C&cv=1&br=2936&bt=1468&cs=0&ds=6&ft=aEKfuqT0m0LPD12CFkDs3wUEd2Y7MeF~O5&mime_type=video_mp4&qs=0&rc=OjNpaDZnZDRmOzM6aDU4Z0BpM3E5a3U5cmQ4MzMzNzczM0AwLS42YDYyXmExNF8tYTBeYSNoL2U1MmRjNG9hLS1kMTZzcw%3D%3D&vvpl=1&l=20260130020530099B4EB49A9A3E03D51E&btag=e00090000,positive,0.8895948529243469
tiktok,1738887136,jvinicio.tv,Luisa González PRESIDENTA 2025 🇪🇨 Rafael Correa ,15715,1429,470,https://v19.tiktokcdn-us.com/85680d60c265efbe97d6e03972b6c5d9/697c6692/video/tos/useast2a/tos-useast2a-ve-0068c003/ogjCeFCAgUpf90StfPIOAmSKrcQIIHd9DpnxEg/?a=1233&bti=NXYpNDs8QGo6OjZAOm00NTAuYCMxNDNg&ch=0&cr=13&dr=0&er=0&lr=all&net=0&cd=0%7C0%7C0%7C&cv=1&br=850&bt=425&cs=0&ds=6&ft=aEKfuqT0m0LPD12CFkDs3wUEd2Y7MeF~O5&mime_type=video_mp4&qs=0&rc=ZGU2OjdlMzxlZzpnNjtpN0BpanJ0ZHQ5cmRueDMzNzczM0A0MWAwLS0uXzAxLzQ1XzIvYSNtcWdfMmRjc2ZgLS1kMTZzcw%3D%3D&vvpl=1&l=20260130020530099B4EB49A9A3E03D51E&btag=e00090000,neutral,0.86192387342453
tiktok,1744559343,tuvoz.tv,"Daniel Noboa gana elecciones en Beijing, China 🇨🇳 Mientras en Ecuador recién empieza el sufragio en China ya finalizaron. 35 ecuatorianos votaron en Beijing de 159 empadronados. 20 votos González 14 Nulo 1 Cobertura especial Canizares ",15555,1205,464,https://v19.tiktokcdn-us.com/2c274c807cb7b2e467038dbb3dac21ad/697c6682/video/tos/useast2a/tos-useast2a-ve-0068c002/oIEEESMf9PwIVcIjV3ePfQFyazUDwjgCAos57C/?a=1233&bti=NXYpNDs8QGo6OjZAOm00NTAuYCMxNDNg&ch=0&cr=13&dr=0&er=0&lr=all&net=0&cd=0%7C0%7C0%7C&cv=1&br=1428&bt=714&cs=0&ds=6&ft=aEKfuqT0m0LPD12CFkDs3wUEd2Y7MeF~O5&mime_type=video_mp4&qs=0&rc=Z2lmZGg1ZjczODQ0ZmlpaUBpM2pwdnA5cjh3eTMzNzczM0BhY2NhYS0tX18xLTRgXjNeYSNhZS9jMmRjbXFgLS1kMTZzcw%3D%3D&vvpl=1&l=20260130020530099B4EB49A9A3E03D51E&btag=e00088000,neutral,0.7634536623954773
tiktok,1738949259,andresceram, ,15532,8341,851,https://v45.tiktokcdn-us.com/761a886e2e4ca5b55d28f0da865ed927/697cbcd9/video/tos/useast5/tos-useast5-ve-27dcd7c799-tx/oIZFld367zBqit8IoqDA1Q7MCdBMAPiUuSdgc/?a=1233&bti=NXYpNDs8QGo6OjZAOm00NTAuYCMxNDNg&ch=0&cr=0&dr=0&er=0&lr=default&cd=0%7C0%7C0%7C0&br=124&bt=62&ft=aEKfuqT0m0LPD12aFkDs3wUEd2Y7MeF~O5&mime_type=audio_mpeg&qs=3&rc=NDY4ODozNGk8NDc8Ozg1ZkBpM3dvZnU5cjNodzMzNzU8M0BjMmAzM2IxNTQxYWBiNjAyYSMzbnItMmQ0aXNgLS1kMTZzcw%3D%3D&vvpl=1&l=20260130020530099B4EB49A9A3E03D51E&btag=e0008d000&shp=d05b14bd&shcp=-,negative,0.3472995162010193
tiktok,1737860878,kiaratex,💫Estamos ubicados en galería san pedro piso 15 int 1514 sucursal pasaje carabeli 107 aguas WhatsApp 📲+51969798772 🇪🇨 🇪🇨 ✨✨✨✨✨✨ 🇪🇨❤️ 🇪🇨 🇪🇨❤️,15470,2439,0,https://v19.tiktokcdn-us.com/6e9e61a005a9b2dce63f8f866655a526/697c6659/video/tos/useast2a/tos-useast2a-ve-0068c001/oMEzUiSiZPXElByFBBnxrAEUV85QIQWIBpiNW/?a=1233&bti=NXYpNDs8QGo6OjZAOm00NTAuYCMxNDNg&ch=0&cr=13&dr=0&er=0&lr=all&net=0&cd=0%7C0%7C0%7C&cv=1&br=1850&bt=925&cs=0&ds=6&ft=aEKfuqT0m0LPD12CFkDs3wUEd2Y7MeF~O5&mime_type=video_mp4&qs=0&rc=OGczNmVkZWRpODg7PGQ8aUBpam5mZnY5cjR0eDMzNzczM0AtYmNfYDE1XjUxLmIvMTRiYSMzXmovMmQ0Yl5gLS1kMTZzcw%3D%3D&vvpl=1&l=20260130020530099B4EB49A9A3E03D51E&btag=e000b0000,neutral,0.8475202322006226
tiktok,1738942569,elian1308,MUJERES DE MI PAÍS CONFIRMEN SI LAS SEÑORAS QUE LES MUESTRO A CONTINUACIÓN LES REPRESENTAN. 🇪🇨 🇪🇨,15458,2626,2946,https://v19.tiktokcdn-us.com/38d310f26636939df53a760dfefcfcea/697c6769/video/tos/useast2a/tos-useast2a-ve-0068c003/o4N6xWQipUzSZB67OCQqY05SIQbxmEEnABviK/?a=1233&bti=NXYpNDs8QGo6OjZAOm00NTAuYCMxNDNg&ch=0&cr=13&dr=0&er=0&lr=all&net=0&cd=0%7C0%7C0%7C&cv=1&br=1080&bt=540&cs=0&ds=6&ft=aEKfuqT0m0LPD12CFkDs3wUEd2Y7MeF~O5&mime_type=video_mp4&qs=0&rc=OTNlMzhoZDNnOGVnaDs3aUBpM25kams5cmo1eDMzNzczM0AtXzNhYy0tNS8xNV9jYGA1YSNpZ2tsMmRrYmdgLS1kMTZzcw%3D%3D&vvpl=1&l=20260130020530099B4EB49A9A3E03D51E&btag=e00098000,negative,0.4894621670246124
tiktok,1738939351,estelazaruma,Ay ñooooo 🤚🏻 🇪🇨 ,15341,691,232,https://v19.tiktokcdn-us.com/61c38af56136e97cd488f5b91c610202/697c6653/video/tos/useast2a/tos-useast2a-ve-0068c002/ogMx7xXIjQEA7SueO9gwZQGPevcLICBDCgedNT/?a=1233&bti=NXYpNDs8QGo6OjZAOm00NTAuYCMxNDNg&ch=0&cr=13&dr=0&er=0&lr=all&net=0&cd=0%7C0%7C0%7C&cv=1&br=1484&bt=742&cs=0&ds=6&ft=aEKfuqT0m0LPD12CFkDs3wUEd2Y7MeF~O5&mime_type=video_mp4&qs=0&rc=OGRlZDc2OmY5NTRlZmc1OkBpanhqa205cjs0eDMzNzczM0BiYTJhNmExNmIxNWFfYzFiYSNvbGZkMmQ0a2dgLS1kMTZzcw%3D%3D&vvpl=1&l=20260130020530099B4EB49A9A3E03D51E&btag=e000b0000,positive,0.4153342843055725
tiktok,1744596572,gasoflow, 🇪🇨 ,15215,859,1249,https://v19.tiktokcdn-us.com/905e730f62609bf06e182cefe20d8d62/697c6669/video/tos/useast2a/tos-useast2a-ve-0068c001/o4rrIkiBI6PgF7MQbzx8C3REmBi5rIAfd2Auho/?a=1233&bti=NXYpNDs8QGo6OjZAOm00NTAuYCMxNDNg&ch=0&cr=13&dr=0&er=0&lr=all&net=0&cd=0%7C0%7C0%7C&cv=1&br=604&bt=302&cs=0&ds=6&ft=aEKfuqT0m0LPD12CFkDs3wUEd2Y7MeF~O5&mime_type=video_mp4&qs=0&rc=ZmVpOGY0Z2gzaWg3PGk4PEBpanFuZHU5cnA5eTMzNzczM0BgLTAyYV4zNi8xNC9gYF5hYSM1X29xMmQ0a3JgLS1kMTZzcw%3D%3D&vvpl=1&l=20260130020530099B4EB49A9A3E03D51E&btag=e00088000,neutral,0.6244810819625854
tiktok,1740704433,radiodinamicaecu,"Un grupo de científicos ha logrado redescubrir una especie de ave terrestre endémica que se pensaba extinta desde hace casi dos siglos. Se trata de El pachay de Galápagos (Laterallus spilonota) que fue encontrado en la isla Floreana, en las Islas Galápagos. . . . . . . . . . 🇪🇨 🇪🇨 🇪🇨 🇪🇨❤ 🇪🇨 # ",15229,925,229,https://v19.tiktokcdn-us.com/bd6fc32fed72008cb289049ce88ad47a/697c66be/video/tos/useast2a/tos-useast2a-ve-0068c004/oMBgzFBRJDnPwYEqCQODAUsLQfwEuiBECLIfQg/?a=1233&bti=NXYpNDs8QGo6OjZAOm00NTAuYCMxNDNg&ch=0&cr=13&dr=0&er=0&lr=all&net=0&cd=0%7C0%7C0%7C&cv=1&br=1058&bt=529&cs=0&ds=6&ft=aEKfuqT0m0LPD12CFkDs3wUEd2Y7MeF~O5&mime_type=video_mp4&qs=0&rc=OThpM2c0NTk3Nmc1NDlpZEBpM3JqanM5cjRqeTMzNzczM0AyY2BhYWEyNl8xNC5hYDUvYSM1X2FvMmQ0aS1gLS1kMTZzcw%3D%3D&vvpl=1&l=20260130020530099B4EB49A9A3E03D51E&btag=e00090000,neutral,0.5876133441925049
tiktok,1732540174,eldespertarecuatoriano, 🇪🇨,15172,2367,1439,https://v45.tiktokcdn-us.com/746f334c74233553acc12380e93c0b21/697cbeac/video/tos/useast5/tos-useast5-ve-27dcd7c799-tx/oQyIyEUQCiZ1BriubRl8DMtalQ26S4PYhAI4z/?a=1233&bti=NXYpNDs8QGo6OjZAOm00NTAuYCMxNDNg&ch=0&cr=0&dr=0&er=0&lr=default&cd=0%7C0%7C0%7C0&br=124&bt=62&ft=aEKfuqT0m0LPD12aFkDs3wUEd2Y7MeF~O5&mime_type=audio_mpeg&qs=3&rc=MzNnZWlkZjc1ZTg2OmdnNkBpamVsaW85cnA8djMzNzU8M0BjNTI1NTZjNTExYTEuNTUxYSM1cS1wMmQ0a29gLS1kMTZzcw%3D%3D&vvpl=1&l=20260130020530099B4EB49A9A3E03D51E&btag=e000a5000&shp=d05b14bd&shcp=-,neutral,0.6244810819625854
tiktok,1742844534,informtivo593,"Dos versiones diferentes “Mira Daniel, mírame a la cara. No, no tienes la capacidad… y no voy a permitir que me faltes el respeto… deja de ser tan prepotente”. Aquí realmente indignada, interrumpiendo mi entrenamiento del día de hoy 🏃🏻‍♀️ para dedicarle unas palabras a mi “amiga” ",15084,2761,844,https://v19.tiktokcdn-us.com/ff7414c5104801530f675745ec466603/697c668d/video/tos/no1a/tos-no1a-ve-0068-no/o8NgXNskAfHEbmknRWpBFOwvpEEuIQFh1rG4fD/?a=1233&bti=NXYpNDs8QGo6OjZAOm00NTAuYCMxNDNg&ch=0&cr=13&dr=0&er=0&lr=all&net=0&cd=0%7C0%7C0%7C&cv=1&br=1678&bt=839&cs=0&ds=6&ft=aEKfuqT0m0LPD12CFkDs3wUEd2Y7MeF~O5&mime_type=video_mp4&qs=0&rc=PDk1ODg7Zmc8NjdoOjkzNkBpamczb205cnN1eTMzbzczNUAvMTRfXmM2XmExNjYwX2IxYSNocHJjMmQ0MGRgLS1kMTFzcw%3D%3D&vvpl=1&l=20260130020530099B4EB49A9A3E03D51E&btag=e00090000,negative,0.9331566691398621
tiktok,1737577538,elian1308,URGENTE 🚨 ESPOSA DE VILLA ACEOTA QUE CHATS SON REALES Y AHIRA TONTOS ALEGRES? 🇪🇨 🇪🇨,14816,1785,639,https://v16m.tiktokcdn-us.com/d7b91f192d70f8fa0b4cfce7d18ea291/697c6776/video/tos/useast2a/tos-useast2a-ve-0068c003/okORM8afi6egiVqTKAIfIew4fcEAIvQYhOIJ6n/?a=1233&bti=NXYpNDs8QGo6OjZAOm00NTAuYCMxNDNg&&bt=1256&ft=H3YMyvShQByUxsurIWl2K4yqYlOZ0SE1GbjKqH7q8Z4ka&mime_type=video_mp4&rc=PGU8NmdoaGY0Mzo3PDY2Z0BpajdyeXk5cjRueDMzNzczM0BiY18tNWIyXmIxLS8wXjY2YSNiYm1vMmRzczVgLS1kMTZzcw%3D%3D&vvpl=1&l=2026013002053379B4E5874BC25C0402CB&btag=e00090000,negative,0.8718106150627136
tiktok,1739156016,nonoticiasoficial,¿Qué les faltó a los demás candidatos para llegar a segunda vuelta? Tirar más fotos? Más bailes? ...A la final eran 16 candidatos 🤷🏻‍♂️..!! 🇪🇨 🇪🇨 ,14802,4598,288,https://v16m.tiktokcdn-us.com/23562623c83ea68066956dd461da323b/697c66cf/video/tos/useast2a/tos-useast2a-pve-0068/oERGPUABPX7sICEve97CqweAIVSISlrgXgeLj1/?a=1233&bti=NXYpNDs8QGo6OjZAOm00NTAuYCMxNDNg&&bt=696&ft=H3YMyvShQByUxsurIWl2K4yqYlOZ0SE1GbjKqH7q8Z4ka&mime_type=video_mp4&rc=MzU8aThnOzxkPDs2Zjk6NEBpajxxd2o5cnlweDMzNzczM0AzYV42NTEyXzIxNF8wYzIxYSM1bGJhMmRjYmhgLS1kMTZzcw%3D%3D&vvpl=1&l=2026013002053379B4E5874BC25C0402CB&btag=e000b0000,neutral,0.7335473895072937
tiktok,1738509888,yaptvradio,"DANIEL NOBOA LE HA DADO UNA NUEVA ESPERANZA A ECUADOR, DICE JUAN JOSÉ REYES En entrevista en ""Cosas que Pasan"" el candidato a Asambleista Nacional, por ADN, la lista 7, Juan José Teyes (Toto Reyes) dice que Daniel Noboa ha dejado atrás una década negativa para Ecuador, y ahora necesita una Asamblea distinta para que continue el progreso. ▶️ ▶️ /CALUMA/UNIDOS/POR/LA/DEM💜 Saraguro te apoya💜 ",14764,1194,1789,https://v16m.tiktokcdn-us.com/18b33d2f45534723aecb2e4b821ce4e8/697c66aa/video/tos/useast2a/tos-useast2a-ve-0068c001/oYBxRRDjn84ftNJkftT1JXLEg4hFQEnRBIQAlO/?a=1233&bti=NXYpNDs8QGo6OjZAOm00NTAuYCMxNDNg&&bt=589&ft=H3YMyvShQByUxsurIWl2K4yqYlOZ0SE1GbjKqH7q8Z4ka&mime_type=video_mp4&rc=OWY1OzUzOzg0PDU6aDg0aEBpMzo7aGo5cmxyeDMzNzczM0AwYjUuMjNgNmIxNTIuXmIxYSNiZWpvMmRzamNgLS1kMTZzcw%3D%3D&vvpl=1&l=2026013002053379B4E5874BC25C0402CB&btag=e00090000,negative,0.5681432485580444
tiktok,1742256892,libertariaec,Listos para otra vez sufrir con el futuro de la patria? 🫠 ,14643,2759,461,https://v16m.tiktokcdn-us.com/975fe692c3e94a9fc597f4533e3f35f3/697cbbf9/video/tos/useast5/tos-useast5-ve-27dcd7c799-tx/okhMJelw0BTQRC8JeBBYnLdBzGU6QxbIOArnDG/?a=1233&bti=NXYpNDs8QGo6OjZAOm00NTAuYCMxNDNg&ch=0&cr=0&dr=0&er=0&lr=default&cd=0%7C0%7C0%7C0&br=124&bt=62&ft=H3YMyvShQByUxsurIWl2K4yqYlOZ0SE1GbjKqH7q8Z4ka&mime_type=audio_mpeg&qs=3&rc=ZWc0ODs4ZDhoOmk0ZDZmPEBpajxuN2k6ZmdrNzMzNzU8M0AvMzAxLy8xXl8xXmFjMjBgYSNlLnNgcjQwLWBgLS1kMTZzcw%3D%3D&vvpl=1&l=2026013002053379B4E5874BC25C0402CB&btag=e000b0000&shp=d05b14bd&shcp=-,negative,0.8621464371681213
tiktok,1738371888,adri__123,TODOS POR UN PAÍS 🇪🇨💙🇪🇨 💛💙❤️ Luis 🇪🇨 Pishko Francisco Revolucionarios🇪🇨💙 L. Cuenta Oficial 🇪🇨,14663,355,1178,https://v16m.tiktokcdn-us.com/f783cfd115c93090702b089b05603ea1/697c666a/video/tos/alisg/tos-alisg-pve-0037c001/oQIAIRggSZAXAQuKhXjD2O8frEMFCCORFAfP7f/?a=1233&bti=NXYpNDs8QGo6OjZAOm00NTAuYCMxNDNg&&bt=1068&ft=H3YMyvShQByUxsurIWl2K4yqYlOZ0SE1GbjKqH7q8Z4ka&mime_type=video_mp4&rc=OmY1aWloOTlmMzw5PDZkZEBpM2ozcXg5cjVxeDMzNzczM0AyMDBeMl5hXzExXi4wLTUxYSNsL3JvMmQ0LmJgLS1kMTZzcw%3D%3D&vvpl=1&l=2026013002053379B4E5874BC25C0402CB&btag=e00090000,neutral,0.6928818821907043
tiktok,1738553621,jotacparati,"# González Correa Delgado , , , , , , , , , , , , 🇪🇨💪💙💙 ",14616,644,829,https://v16m.tiktokcdn-us.com/a208fce62dbcd3f21b82597f340872bf/697c6699/video/tos/useast2a/tos-useast2a-ve-0068c001/oEMicn7VfABCgQDnElfAjZIQiFREDorNDJEQBQ/?a=1233&bti=NXYpNDs8QGo6OjZAOm00NTAuYCMxNDNg&&bt=759&ft=H3YMyvShQByUxsurIWl2K4yqYlOZ0SE1GbjKqH7q8Z4ka&mime_type=video_mp4&rc=OTZkaDY7NDhnNmk7NjxoNkBpMzk3ZGs5cnM2eDMzNzczM0AyNS02Ml5iNTAxYzU0NWAzYSMxMC8zMmRzZWRgLS1kMTZzcw%3D%3D&vvpl=1&l=2026013002053379B4E5874BC25C0402CB&btag=e00090000,neutral,0.5562703609466553
tiktok,1738557898,periodismo.de.inv,"🛑 ¿Vas a votar por ellos? 🛑 Corrupción, evasión de impuestos y procesos judiciales. Más de 200 candidatos a la Asamblea han enfrentado denuncias por peculado, estafa e incluso asesinato. 😱 Algunos usan su candidatura para evadir la justicia, otros simplemente no pagan impuestos, ¡pero quieren legislar por ti! 🤡 📊 Descubre qué partidos tienen más candidatos cuestionados y cómo algunas provincias están llenas de aspirantes con antecedentes. 🔍 La verdad está aquí. Mira el video y lee la investigación completa en nuestro portal. 📌 Que nadie vote a ciegas. Es hora de limpiar las papeletas. 🗳️ 🔗 Villavicencio",14612,6498,500,https://v16m.tiktokcdn-us.com/dcba20d1a2bbe82fd5fa9697b9a68270/697c66bb/video/tos/useast2a/tos-useast2a-ve-0068c003/osIfRSJeJfbgAMIjtkQPzALKsQ5G2NgCAuxRAC/?a=1233&bti=NXYpNDs8QGo6OjZAOm00NTAuYCMxNDNg&&bt=1173&ft=H3YMyvShQByUxsurIWl2K4yqYlOZ0SE1GbjKqH7q8Z4ka&mime_type=video_mp4&rc=NmVkNGUzaGk5OGk1NDY4O0BpajkzaXY5cm83eDMzNzczM0BeYjMxXjBeXmExYC0zLTUvYSNxa2BiMmRrZmRgLS1kMTZzcw%3D%3D&vvpl=1&l=2026013002053379B4E5874BC25C0402CB&btag=e00090000,negative,0.8558609485626221
tiktok,1739195686,radiodinamicaecu,"💙Luisa González agraece al Ecuador por la gran cantidad de votos (43,83%), que obtuvo y pasa a segunda vuelta con Daniel Noboa (44,31%). . . . . . . . . . # 🇪🇨 🇪🇨 🇪🇨 🇪🇨 🇪🇨❤ ",14495,857,1917,https://v16m.tiktokcdn-us.com/b94aaafa287b9896827a88dd33970f54/697c675b/video/tos/useast2a/tos-useast2a-ve-0068c002/oIzBkXqIsA1IQAiIxgkERW4QL1CgopfWKJBBiU/?a=1233&bti=NXYpNDs8QGo6OjZAOm00NTAuYCMxNDNg&&bt=335&ft=H3YMyvShQByUxsurIWl2K4yqYlOZ0SE1GbjKqH7q8Z4ka&mime_type=video_mp4&rc=ZTc2MzlnaGhoOjw3ZGU1ZUBpM281N2s5cnAzeDMzNzczM0AzMTMtYGA0NTQxMC1gLy8xYSNeNmAxMmRjNmlgLS1kMTZzcw%3D%3D&vvpl=1&l=2026013002053379B4E5874BC25C0402CB&btag=e000b0000,positive,0.7328459024429321
tiktok,1742913769,elian1308,LUISA GANÓ EL DEBATE TE EXPLICO. 🇪🇨 ñ,14307,1461,1111,https://v16m.tiktokcdn-us.com/a91fac12471b74dad46314318cc052b5/697c6792/video/tos/alisg/tos-alisg-pve-0037c001/oo7wYhQinfBSd1oiBiFEg9DrE4ARuyOIQbfHUr/?a=1233&bti=Ojs2NGYpQHM6OjZALjU2OmQvcCMxNDNg&&bt=1011&ft=H3YMyvShQByUxsurIWl2K4yqYlOZ0SE1GbjKqH7q8Z4ka&mime_type=video_mp4&rc=PDg5NWc8NWVmM2ZpaWU6PEBpanRqeWs5cnRleTMzODczNEAzYzUvLTEzXi0xYzFhLzRjYSNsNGIzMmRzcmVgLS1kMTFzcw%3D%3D&vvpl=1&l=2026013002053379B4E5874BC25C0402CB&btag=e00090000,positive,0.6581990122795105
tiktok,1738542099,camarada_pekin," González candidata de la Ciudadana se dirige a Miles de asistentes: ""Les ofrezco mi mano. Vamos a caminar hacia un nuevo país, un país de paz. Vamos a "" aseguró. ",14285,747,702,https://v16m.tiktokcdn-us.com/a5e98f26828b7e8620b4570ef9f70b22/697c6654/video/tos/useast2a/tos-useast2a-ve-0068c002/oMvg06tEBOREQEiIqBFnAD2DQCJsDBMBfAoEte/?a=1233&bti=NXYpNDs8QGo6OjZAOm00NTAuYCMxNDNg&&bt=3749&ft=H3YMyvShQByUxsurIWl2K4yqYlOZ0SE1GbjKqH7q8Z4ka&mime_type=video_mp4&rc=OGY3ZmZoOWc8Ozs3Z2k7OEBpM2lsNng5cnczeDMzNzczM0AvXl9hLjIwXzExLmFhLV82YSMub2RxMmQ0amRgLS1kMTZzcw%3D%3D&vvpl=1&l=2026013002053379B4E5874BC25C0402CB&btag=e000b0000,positive,0.606423020362854
tiktok,1739037472,roddyespinales, nunca más.,14210,3396,545,https://v16m.tiktokcdn-us.com/d838adb7ca02138ca4870f4a1d171cbd/697cbc03/video/tos/useast5/tos-useast5-ve-27dcd7c799-tx/oASnQfzCGMkFfsF51JNBJwbrmGKLzrUbChBSVI/?a=1233&bti=NXYpNDs8QGo6OjZAOm00NTAuYCMxNDNg&ch=0&cr=0&dr=0&er=0&lr=default&cd=0%7C0%7C0%7C0&br=124&bt=62&ft=H3YMyvShQByUxsurIWl2K4yqYlOZ0SE1GbjKqH7q8Z4ka&mime_type=audio_mpeg&qs=3&rc=ZTRoOmY7PDU6M2g7Omc7OkBpM2RmPDk6ZmdxbTMzNzU8M0AxMDEzXi8tX2IxLzY1YWM1YSM2Xm9scjRnbXJgLS1kMTZzcw%3D%3D&vvpl=1&l=2026013002053379B4E5874BC25C0402CB&btag=e000b8000&shp=d05b14bd&shcp=-,negative,0.48535028100013733
tiktok,1729221608,pap.ironic,Respuesta a 🔵Recuerda: Es tu voto y no tienes que argumentárselo a nadie🔵 🇪🇨 ,14144,1753,2250,https://v16m.tiktokcdn-us.com/d75c58123c75b5baafca5e69ef55998e/697c66a9/video/tos/alisg/tos-alisg-v-37c810-sg/AAtFkUkJERPFURzI2QVNFTBNkaKZ0bnZWR15mbRJUSJVkZ6FUQz9GAqa7MEOe2efLiDdflaKuG85Xc0maJffH85XY4A92FO3e8L4fDcfeTe2zvwLdIqu7Re5XQacI6CqIf8LGA/?a=1233&bti=NXYpNDs8QGo6OjZAOm00NTAuYCMxNDNg&&bt=6770&ft=H3YMyvShQByUxsurIWl2K4yqYlOZ0SE1GbjKqH7q8Z4ka&mime_type=video_mp4&rc=anNwbm05cjx3djMzNzczM0BpanNwbm05cjx3djMzNzczM0BoXy4wMmRzLjVgLS1kMTZzYSNoXy4wMmRzLjVgLS1kMTZzcw%3D%3D&vvpl=1&l=2026013002053379B4E5874BC25C0402CB&btag=e00070000,neutral,0.8163891434669495
tiktok,1728419653,telmopunina,Requisitos para ser Asambleista por la RC 5 ,14155,3829,1738,https://v16m.tiktokcdn-us.com/16bd62fa1e6659fc98e0b76e8640a3fe/697c6683/video/tos/useast2a/tos-useast2a-ve-0068c004/okQI1cftBDlBjJiFy7FUQbEERAp3Q6KfERBnNZ/?a=1233&bti=NXYpNDs8QGo6OjZAOm00NTAuYCMxNDNg&&bt=2653&ft=H3YMyvShQByUxsurIWl2K4yqYlOZ0SE1GbjKqH7q8Z4ka&mime_type=video_mp4&rc=OTQ3NTNnZ2k8O2lpNzllPEBpank6OG45cmxzdjMzNzczM0A1XjA2MjVjX2MxL2E0My0yYSNxL2poMmRrYS9gLS1kMTZzcw%3D%3D&vvpl=1&l=2026013002053379B4E5874BC25C0402CB&btag=e000d0000,neutral,0.8874320983886719
tiktok,1739315405,radiodinamicaecu,"La misión de observación la Unión Europea (UE) en rueda de prensa este martes 11 de febrero de 2025, donde destacó que las elecciones fueron transparentes y bien organizadas, aunque con desafíos pendientes y una segunda vuelta en el horizonte. . . . . . . . . . 🇪🇨 🇪🇨❤ 🇪🇨 🇪🇨 🇪🇨 #",14088,3183,1722,https://v16m.tiktokcdn-us.com/b0e19f07b8c2247a8c0e57767fedb7fe/697c6669/video/tos/useast2a/tos-useast2a-ve-0068c004/oIbIse7XugIjGpCIgopIAPCSsCVLQ7fcPSCepV/?a=1233&bti=NXYpNDs8QGo6OjZAOm00NTAuYCMxNDNg&&bt=397&ft=H3YMyvShQByUxsurIWl2K4yqYlOZ0SE1GbjKqH7q8Z4ka&mime_type=video_mp4&rc=NWY8NTllOGg1MzdmNzQ8OkBpMzxrbXQ5cmt3eDMzNzczM0AxYy1eYV9eNjQxLi4zNTEtYSNfYmZjMmRzZGlgLS1kMTZzcw%3D%3D&vvpl=1&l=2026013002053379B4E5874BC25C0402CB&btag=e00090000,positive,0.46895819902420044
tiktok,1746197752,telmopunina,"CUMPLEAÑOS 🎂 parece que ayer no más Tenía 33 😥😏, el tiempo pasa Rápido 🇪🇨🌏💫 ",14030,495,3743,https://v16m.tiktokcdn-us.com/fc0b00ab449c7e9e18c6747035be26ab/697c66c2/video/tos/useast2a/tos-useast2a-ve-0068c001/osVQKgGcQCCI1Y09eIAgIVjLfbpvFKrgmfGjSu/?a=1233&bti=NXYpNDs8QGo6OjZAOm00NTAuYCMxNDNg&&bt=1891&ft=H3YMyvShQByUxsurIWl2K4yqYlOZ0SE1GbjKqH7q8Z4ka&mime_type=video_mp4&rc=PDdpZmQ7OztkZmRoPGU8ZUBpam94c3c5cjhnMzMzNzczM0BhYmM0MjJfXjMxMjAzLy1jYSNmcF8tMmRzbF5hLS1kMTZzcw%3D%3D&vvpl=1&l=2026013002053379B4E5874BC25C0402CB&btag=e00090000,neutral,0.5022605061531067
tiktok,1739205765,elian1308,ANÁLISIS DE PRIMERA VUELTA 🇪🇨 🇪🇨 ,13855,781,1152,https://v16m.tiktokcdn-us.com/7960de326da40b124137c3d2f2e32ac0/697c67b9/video/tos/useast2a/tos-useast2a-ve-0068c002/o0SGouieI9NDRgLgPVWAjWFeLaEjC5IVUgCexo/?a=1233&bti=Ojs2NGYpQHM6OjZALjU2OmQvcCMxNDNg&ch=0&cr=13&dr=0&er=0&lr=all&net=0&cd=0%7C0%7C0%7C&cv=1&br=2722&bt=1361&cs=0&ds=6&ft=H3YMyvShQBGUxsurIWl2K4yqYl0Z0SE1GbZNJO7q8Z4ka&mime_type=video_mp4&qs=0&rc=OjtkODQ3MztkZDpmN2k1ZkBpMzg2aWs5cnE1eDMzNzczM0AzYmEtY15jNl4xMGNiLV5iYSNpaDAuMmQ0amlgLS1kMTZzcw%3D%3D&vvpl=1&l=20260130020537B2CF86576E22B903FDC8&btag=e000a0000,neutral,0.8337096571922302
tiktok,1739135066,nonoticiasoficial,y bueno ya tenemos las primeras encuestas en las elecciones 2025 para presidente en el Ecuador 🇪🇨 🇪🇨 ,13751,3488,655,https://v16m.tiktokcdn-us.com/7ab93078426260ae4bbdbb22e04fa948/697c6716/video/tos/useast2a/tos-useast2a-ve-0068c003/o8I2Hg5VAxwEVQHz3Ikiivv1IA6f5OtpjoBGCZ/?a=1233&bti=Ojs2NGYpQHM6OjZALjU2OmQvcCMxNDNg&ch=0&cr=13&dr=0&er=0&lr=all&net=0&cd=0%7C0%7C0%7C&cv=1&br=1232&bt=616&cs=0&ds=6&ft=H3YMyvShQBGUxsurIWl2K4yqYl0Z0SE1GbZNJO7q8Z4ka&mime_type=video_mp4&qs=0&rc=Zmc8ODU0NDs7PDppOzg5OUBpam9weGs5cnZreDMzNzczM0A1MzIxMGIzXjUxMDFhLzY0YSNvcmZgMmRzY2hgLS1kMTZzcw%3D%3D&vvpl=1&l=20260130020537B2CF86576E22B903FDC8&btag=e00098000,neutral,0.8057538270950317
tiktok,1739156505,wilopradoec,😱🔴 Ecuador tendrá segunda vuelta electoral entre Luisa González y Daniel Noboa el próximo domingo 13 de abril. ,13613,897,688,https://v16m.tiktokcdn-us.com/4e3b4dfc0daf21ad67b0e9089598c34a/697c66bc/video/tos/useast2a/tos-useast2a-ve-0068c004/oYSjipiEIgozMx1f4bikpZu2PDWO6CAnBALIQ8/?a=1233&bti=Ojs2NGYpQHM6OjZALjU2OmQvcCMxNDNg&ch=0&cr=13&dr=0&er=0&lr=all&net=0&cd=0%7C0%7C0%7C&cv=1&br=2846&bt=1423&cs=0&ds=6&ft=H3YMyvShQBGUxsurIWl2K4yqYl0Z0SE1GbZNJO7q8Z4ka&mime_type=video_mp4&qs=0&rc=NTQ1NzgzZGg7NDg6O2U4Z0BpajV1eHY5cjlweDMzNzczM0BjNjIwYl9fNjAxYGMuYy1eYSM0YS5nMmRjamhgLS1kMTZzcw%3D%3D&vvpl=1&l=20260130020537B2CF86576E22B903FDC8&btag=e00090000,neutral,0.863945484161377
tiktok,1739802036,elian1308,"SE SUMAN MÁS RAZONES PARA NO VOTAR POR NOBOA, UNA NENA DE 3 AÑOS Y 2 BEBÉS EN MANTA. 😭🥺 🇪🇨 🇪🇨",13517,1772,1226,https://v16m.tiktokcdn-us.com/ccec281fd48a064696e9cb347aaf7ca5/697c67a5/video/tos/useast2a/tos-useast2a-ve-0068c004/oYPsDf08EEhJIjRSsgnQFBwzQzR0A0XcaB0ezh/?a=1233&bti=Ojs2NGYpQHM6OjZALjU2OmQvcCMxNDNg&ch=0&cr=13&dr=0&er=0&lr=all&net=0&cd=0%7C0%7C0%7C&cv=1&br=1486&bt=743&cs=0&ds=6&ft=H3YMyvShQBGUxsurIWl2K4yqYl0Z0SE1GbZNJO7q8Z4ka&mime_type=video_mp4&qs=0&rc=MzU1OTM2ZDo3OjQ2ZDVoOUBpMzw5OXQ5cnlueDMzNzczM0AwX2IzXl4tX2ExYmJiLjBeYSM0azBfMmQ0NG1gLS1kMTZzcw%3D%3D&vvpl=1&l=20260130020537B2CF86576E22B903FDC8&btag=e000a0000,negative,0.811998724937439
tiktok,1735920664,eldespertarecuatoriano, ,13248,1651,5209,https://v16m.tiktokcdn-us.com/d70558842a99edc9cc770841517afa69/697c68cc/video/tos/no1a/tos-no1a-ve-0068-no/okI74zZCuAArNwI2yaEAFiiCPDBEivQylfyhPy/?a=1233&bti=Ojs2NGYpQHM6OjZALjU2OmQvcCMxNDNg&ch=0&cr=13&dr=0&er=0&lr=all&net=0&cd=0%7C0%7C0%7C&cv=1&br=1132&bt=566&cs=0&ds=6&ft=H3YMyvShQBGUxsurIWl2K4yqYl0Z0SE1GbZNJO7q8Z4ka&mime_type=video_mp4&qs=0&rc=NTdoPDc8O2RpZzU8Ozg6Z0BpMzU8d2w5cmozdzMzbzczNUAxYDMyYy41XmAxX2MuMTQzYSNtZ2dmMmRzY3BgLS1kMTFzcw%3D%3D&vvpl=1&l=20260130020537B2CF86576E22B903FDC8&btag=e000a8000,negative,0.3472995162010193
tiktok,1739139997,eldespertarecuatoriano, 🇪🇨 ,13223,2641,1043,https://v16m.tiktokcdn-us.com/732183ab6480341e08dfb8ea9ee0fc64/697c66f4/video/tos/no1a/tos-no1a-ve-0068-no/okLL5UP8gKjsIPFILlAeqQIGpAJIUpVDehew7q/?a=1233&bti=Ojs2NGYpQHM6OjZALjU2OmQvcCMxNDNg&ch=0&cr=13&dr=0&er=0&lr=all&net=0&cd=0%7C0%7C0%7C&cv=1&br=586&bt=293&cs=0&ds=6&ft=H3YMyvShQBGUxsurIWl2K4yqYl0Z0SE1GbZNJO7q8Z4ka&mime_type=video_mp4&qs=0&rc=OGc0ZjQ7PGU3ZzU6aDQ7ZkBpanVzcXQ5cjRseDMzbzczNUAxLWEvNS02NmAxXzZjLzEtYSM0Xm1kMmRzaWhgLS1kMTFzcw%3D%3D&vvpl=1&l=20260130020537B2CF86576E22B903FDC8&btag=e00090000,neutral,0.6244810819625854
tiktok,1733786969,elian1308,"ENTREVISTA DE VERA A EXPERTO DEMUESTRA QUE LOS CORTEZ SON CULPA DE NOBOA, LO HACE PREMEDITADO PARA PRIVATIZAR M.🇪🇨 🇪🇨 ",13143,1617,386,https://v16m.tiktokcdn-us.com/9394cc074e82e6dbdabfadb49071ea08/697c67d8/video/tos/alisg/tos-alisg-pve-0037c001/ooc8fXBfA8aMGMpfRAeKfQPJVCQiu6dIABJdgC/?a=1233&bti=NXYpNDs8QGo6OjZAOm00NTAuYCMxNDNg&ch=0&cr=13&dr=0&er=0&lr=all&net=0&cd=0%7C0%7C0%7C&cv=1&br=966&bt=483&cs=0&ds=6&ft=H3YMyvShQBGUxsurIWl2K4yqYl0Z0SE1GbZNJO7q8Z4ka&mime_type=video_mp4&qs=0&rc=Z2c1ZTVmMzZkZTo3M2Y3Z0BpM3E3M3c5cjpxdzMzNzczM0BfY2AxLmEyX2AxYmEwXmFhYSNsai8yMmRzbF9gLS1kMTZzcw%3D%3D&vvpl=1&l=20260130020537B2CF86576E22B903FDC8&btag=e000a0000,negative,0.8605337738990784
tiktok,1743617834,elian1308, TE DEMUESTRO QUE A NOBOA LE AVISARON EN FEBRERO DEL RIESGO DE LA ROTURA DE LA TUBERÍA EN ESMERALDAS Y NO HIZO NADA. 🇪🇨 ,13103,3710,1038,https://v16m.tiktokcdn-us.com/3fbad4e6d159d6ca017862114a66a64a/697c67c7/video/tos/useast2a/tos-useast2a-pve-0068/oogetjCP921fsLqrQ0uGwgCISrCeAJlqKRx5Iv/?a=1233&bti=Ojs2NGYpQHM6OjZALjU2OmQvcCMxNDNg&ch=0&cr=13&dr=0&er=0&lr=all&net=0&cd=0%7C0%7C0%7C&cv=1&br=1946&bt=973&cs=0&ds=6&ft=H3YMyvShQBGUxsurIWl2K4yqYl0Z0SE1GbZNJO7q8Z4ka&mime_type=video_mp4&qs=0&rc=OWVkZDZkZGk0NTc7OGc7NkBpamRkcW45cjRxeTMzNzczM0BiNi1gXy1gXzIxLWEtNDVgYSNyaWYxMmQ0b2pgLS1kMTZzcw%3D%3D&vvpl=1&l=20260130020537B2CF86576E22B903FDC8&btag=e000a0000,negative,0.8374075889587402
tiktok,1740753553,elian1308,CUESTA HACE UN CIRCO PARA LOS TINTOS ALEGRES PERO ES PARA DEVIAR LA ATENCIÓN DE LA PRIVATIZACIÓN DEL CAMPO SACHA. 🇪🇨 🇪🇨 ,13061,1031,601,https://v16m.tiktokcdn-us.com/c57c57790a6a60602e3b3fdef2b32e46/697c679b/video/tos/useast2a/tos-useast2a-v-0068/o8IARigNATBfD24RIz5WAtkBMAECEAI8BOywio/?a=1233&bti=Ojs2NGYpQHM6OjZALjU2OmQvcCMxNDNg&ch=0&cr=13&dr=0&er=0&lr=all&net=0&cd=0%7C0%7C0%7C&cv=1&br=23728&bt=11864&ds=4&ft=H3YMyvShQBGUxsurIWl2K4yqYl0Z0SE1GbZNJO7q8Z4ka&mime_type=video_mp4&qs=13&rc=ampqbnA5cjN2eTMzNzczM0BpampqbnA5cjN2eTMzNzczM0BqZXM1MmRzZS1gLS1kMTZzYSNqZXM1MmRzZS1gLS1kMTZzcw%3D%3D&vvpl=1&l=20260130020537B2CF86576E22B903FDC8&btag=e00060000,negative,0.7658439874649048
