source_type,platform,date,user,content,likes,shares,comments,source_url
social_media,x,2026-06-09 02:22:38+00:00,,"Daniel Noboa denunció a Rafael Correa por supuesta campaña de difamación contra él y su familia El presidente de Ecuador, Daniel Noboa, denunció este lunes 8 de junio una supuesta campaña de difamación impulsada por el expresidente Rafael Correa (2007-2017), después de que se difundieran unos audios atribuidos presuntamente al exmandatario y al expolicía Rodney Rengel, testigo protegido en la investigación por el asesinato del candidato presidencial Fernando Villavicencio. “La evidencia es clara, el correísmo lo único que quiere es afectar mi nombre, el de mi familia y destruir la democracia”, escribió Noboa en la red social X, en respuesta a una publicación de la ministra de Gobierno, Nataly Morillo. La funcionaria difundió fragmentos de un supuesto audio entre Correa y Rengel, quien la semana pasada rindió testimonio anticipado dentro del caso del asesinato de Villavicencio, ocurrido en agosto de 2023 a once días de las elecciones extraordinarias que terminó ganando Noboa. Morillo acusó a Correa de reunirse con el expolicía para “construir falsas narrativas” y aseguró que el objetivo era vincular al mandatario ecuatoriano con el denominado caso Porsche, que investiga el atentado de un coche bomba ocurrido en junio de 2025 en Guayaquil. El caso hace referencia a la aparición de un vehículo Porsche, perteneciente a una empresa de la familia Noboa en las inmediaciones de la vivienda de un sospechoso del atentado con coche bomba perpetrado en Guayaquil, la ciudad más grande del país andino. Correa reconoció previamente que mantuvo una reunión virtual con Rengel, sostuvo que el encuentro estuvo relacionado principalmente con una investigación sobre ese caso y no con el asesinato de Villavicencio, y aseguró que fue el expolicía quien se acercó a él porque estaba atravesando problemas laborales. Además, Rengel declaró el pasado 3 de junio en una cámara de Gesell sobre el asesinato del candidato presidencial y aseguró que agentes y altos mandos policiales ya sabían supuestamente que se iba a perpetrar el atentado contra él. Por el asesinato de Villavicencio fueron condenados a prisión cinco personas como autores materiales; mientras que otros ocho implicados en el caso murieron antes del juicio, entre ellos los siete sicarios colombianos que participaron en el atentado. La Fiscalía busca formalizar su acusación contra los presuntos autores intelectuales, entre los que ha imputado a Wilmer Chavarría (‘Pipo’), máximo líder de Los Lobos, la banda criminal más poderosa del país, a los empresarios vinculados a casos de corrupción Xavier Jordán y Daniel Salcedo, al exministro correísta José Serráno y el exasambleísta correísta Ronny Aleaga. La audiencia preparatoria del juicio por la autoría intelectual iba a iniciarse el pasado viernes 5 de junio, pero finalmente se pospuso por recursos interpuestos por la defensa de dos de los investigados.",0,0,0,https://x.com/NotiExpressColo/status/2064171282405409130
social_media,x,2026-06-08 20:14:56+00:00,,"[POLÍTICA] ATENCIÓN: Niels Olsen renuncia a la presidencia de la Asamblea previo a la definición de candidaturas para las elecciones seccionales en . Un día después de la renuncia de Gabriela Sommerfeld a la Cancillería de Ecuador, este 8 de junio de 2026 se conoció que Niels Olsen dimitió a su cargo de presidente de la Asamblea Nacional. Olsen, electo legislador por ADN, es uno de los precandidatos que el movimiento oficialista analiza para las elecciones seccionales de noviembre de 2026. ""No me voy vencido, no me voy cansado, me voy entero, me voy libre, porque creo que los ciclos tienen su momento justo"", dijo Olsen, tras comunicar su renuncia la mañana de este lunes, en medio del Pleno de la Asamblea en Quito, cuya dirección estuvo a cargo de Mishell Mancheno. Según las primeras precandidaturas anunciadas por ADN, Olsen, de 38 años y que antes fue ministro de Turismo del gobierno de Daniel Noboa, se perfila como aspirante a la prefectura del Guayas. Olsen llegó a la Asamblea tras las elecciones generales de 2025, y se convirtió en titular del Legislativo con 80 votos de la bancada de ADN y sus aliados. El ahora extitular de la Asamblea mencionó que regresará a Guayaquil, y que ""desde el lugar que me toque estar, voy a darlo todo"".",0,0,0,https://x.com/ExpresateMS/status/2064078744424173983
social_media,x,2026-06-08 19:52:39+00:00,,"🚨🏛️ NIELS OLSEN RENUNCIA A LA PRESIDENCIA DE LA ASAMBLEA Y SE PERFILA PARA LA PREFECTURA DEL GUAYAS 📄 El presidente de la Asamblea Nacional, Niels Olsen, presentó este lunes 8 de junio su renuncia al cargo durante una sesión del Pleno que fue suspendida temporalmente por la primera vicepresidenta, Mishel Mancheno, para recibirlo y escuchar su discurso de despedida. 🗣️ Durante su intervención, Olsen defendió su gestión al frente del Legislativo y comentó “No me voy cansado, no me voy derrotado, me voy libre”, en respuesta a los gritos y cuestionamientos provenientes de legisladores de la bancada de la Revolución Ciudadana. ‼️ Mientras los asambleístas de ADN lo despidieron con aplausos, desde la oposición se escucharon reclamos. 📊 La salida de Olsen ocurre apenas una semana después de que el movimiento oficialista Acción Democrática Nacional lo anunciara como uno de sus principales precandidatos para las elecciones seccionales de noviembre de 2026. Diversos sectores políticos dan por hecho que buscará la Prefectura del Guayas, una de las dignidades más importantes del país. 🏛️ Con la renuncia de Olsen, la conducción de la Asamblea queda en manos de Mishel Mancheno, legisladora de ADN y actual primera vicepresidenta del Parlamento. Según la normativa legislativa, el Pleno deberá elegir ahora a una nueva primera vicepresidencia para completar la estructura de autoridades del Legislativo. 👩‍⚖️ Mancheno, oriunda de Chimborazo, cuenta con experiencia en el ámbito jurídico y político. Antes de llegar a la Asamblea se desempeñó como secretaria jurídica de la Presidencia y desde mayo de 2025 ocupaba la primera vicepresidencia del Parlamento. Ahora asumirá la presidencia legislativa en un momento clave, marcado por reformas pendientes y el inicio del proceso electoral seccional. 🇪🇨 La renuncia de Olsen se suma a otros movimientos dentro del oficialismo de cara a las elecciones locales de noviembre, en las que ADN busca consolidar su presencia en prefecturas y alcaldías estratégicas del país. 🏛️🇪🇨🚨",0,0,0,https://x.com/TiempoRealEC/status/2064073137407291854
social_media,x,2026-06-06 20:41:37+00:00,, Hay encuestas que no ponderaron por primera vuelta y no se equivocaron. Así es como Noboa se robó las elecciones 2025 en Ecuador 👇 ,0,0,0,https://x.com/jpjaramillo25/status/2063360686017618136
social_media,x,2026-06-05 21:10:02+00:00,," Creo conveniente ponderar por voto en primera vuelta, siempre y en Ecuador elecciones 2025 aún mucho más.",0,0,0,https://x.com/divoskus/status/2063005448572162483
social_media,x,2026-06-05 19:03:19+00:00,," | El presidente Daniel Noboa oficializó la designación de Cynthia Gellibert como nueva ministra del Trabajo mediante el Decreto Ejecutivo 410. La funcionaria reemplaza a Harold Burbano, quien ocupaba el cargo desde noviembre de 2025. Gellibert es una de las figuras más cercanas al mandatario y anteriormente se desempeñó como secretaria general de la Administración Pública y Gabinete. Además, en 2025 fue designada temporalmente como vicepresidenta encargada en medio de la disputa política entre el Gobierno y Verónica Abad. El cambio ocurre mientras ADN empieza a mover fichas rumbo a las elecciones seccionales de 2027. Días antes de dejar el Ministerio de Trabajo, Harold Burbano fue anunciado por el oficialismo como precandidato a la Prefectura de Pichincha. En el mismo decreto, Noboa dispuso que la Casa Militar Presidencial evalúe el nivel de riesgo de Gellibert para determinar la necesidad de seguridad oficial. Nota: Bruja ",0,0,0,https://x.com/LlamingoE/status/2062973559442706648
social_media,x,2026-06-05 16:40:14+00:00,,"Harold Burbano, quien lideraba el Ministerio del Trabajo desde noviembre de 2025, anunció que hoy culmina su gestión. El exministro confirmó que asume con responsabilidad su precandidatura a la Prefectura de Pichincha para los comicios del próximo 29 de noviembre. ​ 𝐈𝐧𝐟𝐨𝐫𝐦𝐚: 𝐒𝐢𝐥𝐯𝐢𝐚 𝐇𝐞𝐫𝐫𝐞𝐫𝐚 ​ ",0,0,0,https://x.com/Cresatelitalecu/status/2062937553376883178
social_media,x,2026-06-03 20:37:30+00:00,,"[EXPRESIONES] ATENCIÓN: , el presidente Daniel Noboa anunció este miércoles que su gobierno reducirá el número de ministerios de 14 a 10, como parte de una estrategia para optimizar el gasto público. El anuncio se realizó durante una entrevista en Manta, donde el mandatario también indicó que los titulares de cada cartera asumirán mayores responsabilidades. El gobierno no precisó qué ministerios desaparecerán o serán fusionados, ni si la medida afectará a los ministros que el movimiento Acción Democrática Nacional (ADN) ya ha mencionado como posibles precandidatos para las elecciones seccionales de noviembre. Entre ellos figuran la canciller Gabriela Sommerfeld, y los ministros Roberto Kury, Harold Burbano, Juan Carlos Vega, John Reimberg y Zaida Rovira. Esta sería la segunda reestructuración del Ejecutivo bajo la actual administración. En julio de 2025, Noboa ya había reducido los ministerios de 20 a 14, y las secretarías de 9 a 3, acompañado del anuncio de 5.000 despidos de funcionarios. En la misma entrevista, el presidente confirmó que ADN no buscará alianzas políticas y participará en las elecciones del 29 de noviembre con candidatos propios. Las inscripciones de candidaturas se realizarán entre el 2 y el 17 de agosto, y la lista definitiva se conocerá el 9 de noviembre.",0,0,0,https://x.com/ExpresateMS/status/2062272485656048003
social_media,x,2026-06-03 19:46:23+00:00,," En éstos países se perdió la libertad debido a la injerencia d Petro, a favor de éstos candidatos, en las elecciones del momento?: Brasil (2022) Luiz Inácio Lula da Silva Argentina (2023) Sergio Massa México (2024)Claudia Sheinbaum Ecuador (2023-2025)Luisa González",0,0,0,https://x.com/CarlosC80291258/status/2062259624032489654
social_media,x,2026-06-03 15:01:03+00:00,," Kakas, 1. Megáfono en NY 2. 13 Jun 22: q en Miami no votaran x Trump. 3. Nov 23: no votar x Milei 4. Cdo ganó Milei: ""Triste para América Latina y ya veremos"" 5. 2025, no reconoció elecciones Ecuador 6. 2026, apoyó R. Sánchez, cand Perú 7. 2026: en Bolivia 70HP HIPÓCRITA",0,0,0,https://x.com/COsorio68/status/2062187817334087831
social_media,x,2026-06-07 14:35:31+00:00,,"*PERÚ EN LA ENCRUCIJADA LATINOAMERICANA: KEIKO FUJOMORI O ROBERTO SÁNCHEZ*. José Francisco Mejía Flores| El universal - 07/06/2026 El 7 de junio de 2026, Perú elige a su nueva presidenta o presidente. Quien tutele la jefatura del Estado peruano deberá enfrentar los desafíos que se le presenten; uno de ellos, si concluye constitucionalmente su mandato. Las encuestas dan de plano un empate técnico. El electorado tienen dos opciones. Keiko Fujimori, impulsada por “Fuerza Popular” y Roberto Sánchez de “Juntos por el Perú”. La candidata y el candidato representan dos proyectos de nación con ADN contrapuesto. Fujimori, de 51 años, hija de Alberto Fujimori, presidente del Perú durante toda la década de 1990. Aun se recuerda cuando, el padre de Keiko, le ganó la elección al premio Nobel de literatura, Mario Vargas Llosa. Una plataforma política abiertamente neoliberal y derechista. En contrasentido ideológico, compite Roberto Sánchez, de 57 años. Heredero del castillismo. Fue Ministro de Turismo durante el gobierno de Pedro Castillo. Sin embargo las elecciones peruanas se alinean al radar de todo lo que acontece en Latinoamérica recientemente. Nuestro análisis parte desde que asumió por segunda ocasión la presidencia de Estados Unidos, Donald Trump, el 20 de enero de 2025. Desde última fecha el progresismo latinoamericano cedió espacios fundamentales en la región. En 2025 cayeron gobiernos progresistas en Honduras, Chile, Bolivia, y las elecciones del año pasado en Ecuador, refrendaron el proyecto derechista con más fuerza en ese país andino. A ello se suma el resultado adverso que obtuvo Iván Cepeda en Colombia el domingo pasado. Aunque se celebrará una segunda vuelta, Cepeda fue superado por el derechista Abelardo de las Espriella. El candidato colombiano, ganador en la primera vuelta, se asocia al estilo de gobierno de Nayib Bukele en El Salvador y Javier Milei en Argentina. Ciertamente el progresismo aún mantenía un equilibrio en América Latina antes del 20 de enero del 2025. Sin embargo a partir de los resultados del domingo pasado en Colombia y lo que pudiera suceder en Perú, de confirmarse un triunfo electoral de Keiko Fujimori, será evidente reconocer que hay una incidencia pendular, desde la llegada de Trump a su segunda presidencia, que ya estaría marcando una era con implementación de gobiernos derechistas en gran parte del subcontinente. Si hacemos un registro de los magros resultados que obtuvo el progresismo a partir de enero del 2025, nos remite al propio Roberto Sánchez, en la elección del pasado 12 de abril. Sánchez saltó del sexto lugar al segundo de forma sorpresiva. Sólo un triunfo de Sánchez y Cepeda en Perú y Colombia, respectivamente, podrían indicar un cambio en el ajedrez. Porque supuestos triunfos progresistas en Perú y Colombia, fortalecerían el bloque liderado por México y Brasil. Pareciera que en este momento no hay otra forma de observar la geopolítica regional. Ese supuesto lo sabremos hasta después del 21 de junio una vez que sepamos los resultados electorales de ambos países. Perú forma parte de la Alianza del Pacífico junto con Colombia, Chile y México y su presencia en la zona andina es clave, junto a Ecuador y Bolivia y su incidencia geográfica en el cono sur es peculiar debido a su siempre complicada frontera sur con Chile. Lo que resulte de los procesos electorales en Perú y Colombia, darán la pauta para determinar que hay un efecto “Trump” que esta impactando de forma especial en la región. Con jefas y jefes de Estado con una narrativa parecida. Por ejemplo, en febrero pasado en Costa Rica, ganó la elección, Laura Fernández, heredera directa del gobierno neoliberal de Rodrigo Chávez. La presidenta de Costa Rica, ya mencionó su intención de “bukelizar” las cárceles costarricenses. Si volvemos otra vez al segundo ascenso presidencial de Trump, en breve sabremos si a los triunfos, de Nasry Asfura en Honduras, Rodrigo Paz en Bolivia, Laura Fernández en Costa Rica, José Antonio Kast en Chile y Daniel Noboa en Ecuador, ahora se suman los de Abelardo de la Espriella y Keiko Fujimori. Ahora más que nunca México y Brasil, los dos países más poblados y las economías más robustas de la región tendrán que buscar estrategias para que el desbalance no sea más catastrófico para los gobiernos con una tendencia más social que intentan neutralizar al neoliberalismo galopante. ",0,0,0,https://x.com/Viborianus/status/2063630941017305263
social_media,x,2026-06-06 16:03:22+00:00,,"💻 | Nuestros funcionarios elaboran la base de datos para la Selección de los posibles Miembros de las Juntas Receptoras del Voto para las 🗳🇪🇨 . Este listado se consolida con información remitida por instituciones públicas y privadas, y la academia. ",0,0,0,https://x.com/CNE_StaElena/status/2063290661781041624
social_media,x,2026-04-29 15:43:29+00:00,," 🗳️ 📡 | Nuestra presidenta, , destaca que en el año 2025, el ejecutó 4️⃣ procesos electorales: ✅ (1era y 2da vuelta) ✅ ✅ ✅ (Inicio) ",0,0,0,https://x.com/cnegobec/status/2049514917271679409
social_media,x,2026-01-16 17:39:47+00:00,," | En el ámbito electoral, en las cumplimos el 100% de la planificación: levantamos un Registro Electoral de 13’736.315 electores y la participación fue del 82,03%. La ciudadanía, en un ambiente de paz y unos comicios transparentes, eligió: Un binomio presidencial, 151 legisladores y 5 parlamentarios andinos. ",0,0,0,https://x.com/DianaAtamaint/status/2012218236356444485
social_media,x,2026-01-16 17:27:50+00:00,," | Trabajamos en la gestión ordinaria y en procesos clave: (1.ª y 2.ª vuelta), , , e inicio del proceso en la parroquia rural Shuar Pastaza. Este trabajo ha sido desarrollado con planificación y orden. ",0,0,0,https://x.com/DianaAtamaint/status/2012215228344238288
social_media,x,2025-12-17 19:26:52+00:00,,"Piezas con IA -Sin impacto en la confianza en candidatos, excepto en vídeos de expresiones del candidato -Percepción de innovación pero peligroso Desinformación, y regulaciones en por Reporte 👇 ",0,0,0,https://x.com/alfredovelazco/status/2001373550155035012
social_media,x,2025-12-10 00:22:58+00:00,,"Como lo hicieron en ahora en usan para desinformar... de ""apoyando"" una postura electoral, publicado el 6 Dic en Archivo ",0,0,0,https://x.com/alfredovelazco/status/1998548963855876350
social_media,x,2025-11-17 00:36:14+00:00,,A esta hora de la noche sigue ganando el NO 🚨 en casi todas las preguntas. Golpe duro para el gobierno apenas iniciando un histórico mandato. ... El CNE ,0,0,0,https://x.com/EcVota/status/1990217380543299652
social_media,x,2025-11-17 00:20:12+00:00,,🔴 Con corte a las 19:15 estos son los resultados al momento en el referéndum y consulta popular en las Faltan por escrutar 32.449 actas ,0,0,0,https://x.com/verorivadeneira/status/1990213343034888463
social_media,x,2025-11-06 00:49:25+00:00,,"Misma prática en aplican en ... ha alertado de noticieros manipulados con de España, Perú, Uruguay y Bolivia contra el oficialismo ",0,0,0,https://x.com/alfredovelazco/status/1986234431838036441
social_media,x,2025-11-01 02:09:46+00:00,,🗳️ Tu voz define el futuro del país. Participa en el Referéndum y Consulta Popular 2025. Conoce más en o en la CNE APP. ✅ ,0,0,0,https://x.com/ElDatoEcua/status/1984442711517143050
social_media,x,2025-11-17 12:26:57+00:00,,"""Ganó la tercera vía..."" dicen los florindos más radicales. Phi-phi-phi-phi-phi-phi-phi... Reconozcan que el correismo y 'la izquierda de siempre' los culeó es bien bonito...y desculeada no hay !!! . ",0,0,0,https://x.com/ALONSO_AXIOMA/status/1990396237846085909
social_media,x,2025-11-17 12:05:49+00:00,,Muy bueNOs días del alma... Ganó la tesis progresista del NO y así se evitó nos roben derechos ciudadanos que pretendía el régimen narco de ultra-derecha. ,0,0,0,https://x.com/ALONSO_AXIOMA/status/1990390917262344223
social_media,facebook,,,nan,0,0,0,https://www.facebook.com/RevolucionCiudadana.Oficial
social_media,facebook,,,"Aquí estamos para servir, aquí estamos para entregarnos al país.",50168,2683,5349,https://www.facebook.com/DanielNoboaOk/posts/pfbid02ZFAixWDkf1WCxpopKXf6uqZikXMBqSp6zGvH2ELnPoQc24JkJDq9Lt2ugqpfCA1Sl
social_media,facebook,,,🇪🇨,60457,2394,5802,https://www.facebook.com/DanielNoboaOk/posts/pfbid0AMimsXxRba5pyRecZu7odZvF3kc73yKArPHbuKazbJuiyfBGTED1B5TowhuWrgcwl
social_media,facebook,,,😉,55457,3053,3945,https://www.facebook.com/reel/1055937106405028/
social_media,facebook,,,Hoy Ecuador decide avanzar.,10000,2284,2740,https://www.facebook.com/DanielNoboaOk/posts/pfbid0bSWUDGnEQY2HN3UPNGvMzAPe4KP697sd1AZBiLcxvYa6gcLBBexvwWwiuTAPzJhFl
social_media,facebook,,,"Hoy, el país está en tus manos. Gracias por todas las bendiciones y por traernos hasta aquí.",10000,2039,2643,https://www.facebook.com/DanielNoboaOk/posts/pfbid02aJesUc8sKvebW5Y7QyGtPWC88LfwXC9AoQNu3NLWY6FJtdWHbeT8wsJrE9S23oR9l
social_media,facebook,,,Por ustedes todo esto tiene sentido ,10000,1710,1281,https://www.facebook.com/DanielNoboaOk/videos/1201141151630562/
social_media,facebook,,,Esto es por amor al país ,80720,6997,10046,https://www.facebook.com/reel/666064779499899/
social_media,facebook,,,Es momento de ir por más. Juntos. ,68308,5896,6505,https://www.facebook.com/reel/1195488845322679/
social_media,facebook,,,"Este proyecto se basa en justicia, en amor por este país ",16017,1233,1284,https://www.facebook.com/DanielNoboaOk/videos/2449202585441233/
social_media,facebook,,,Vamos por ese Ecuador para Adelante ,12333,759,683,https://www.facebook.com/reel/2091732898012048/
social_media,facebook,,,"Gracias por todo el cariño, vamos a sacar a Ecuador para adelante junto a todos ustedes ",16384,1177,1205,https://www.facebook.com/reel/609079498775618/
social_media,facebook,,,"Cuando estamos juntos somos invencibles, los ecuatorianos sabemos levantarnos, estar de pie y nunca abandonar nuestros sueños. Eso es lo que somos. ",5353,493,554,https://www.facebook.com/DanielNoboaOk/posts/pfbid0RNTDYApReR1o4pfrJ257vwxd9EBf5cCMkQMgReB8iev4aKiwchm22j7AZgNHdoERl
social_media,facebook,,,"Somos valientes, dispuestos a hacer lo imposible por nuestros país. Ya lo hemos demostrado antes, y lo seguiremos haciendo ahora. ",3895,295,323,https://www.facebook.com/DanielNoboaOk/posts/pfbid02yQzLdwzsD1kCVUX1Ur8hrvxWyt3yVrkWcShkNtiyoGWsqc1cR64PhbENSrdV83Uql
social_media,facebook,,,"Como ecuatorianos sabemos que nuestro camino es hacia adelante, no sabemos quedarnos de brazos cruzados, no sabemos retroceder, y sobre todo no sabemos rendirnos. ",3277,226,481,https://www.facebook.com/DanielNoboaOk/posts/pfbid02tv5zZ1aPAxKhFT937ExRBeQA6iryeyHhKLmfPPMXm1j4pUxYyP5azgdcvJNghPfKl
social_media,facebook,,,"Es momento de vivir sin miedo, de dejar atrás la sombra del pasado y avanzar con convicción hacia el futuro. ",6389,578,691,https://www.facebook.com/DanielNoboaOk/posts/pfbid0KVpta3oN4bA9CQVjTz5xc5fgmeL23BnEuezezfS7EXDnCDxVWD4ejACAVMCCzrxUl
social_media,facebook,,,"Este trabajo no ha terminado, aún hay bastante por hacer ",4503,315,319,https://www.facebook.com/reel/542141051877719/
social_media,facebook,,,Esto es por ustedes ,11318,1015,857,https://www.facebook.com/reel/1181127360285580/
social_media,facebook,,,"Los ecuatorianos estamos listos. Sabemos que este país va a ir hacia adelante, no hay tiempo que perder. ",6321,774,703,https://www.facebook.com/DanielNoboaOk/posts/pfbid02G96yZUD3MBoddt7chSwnx2QZuNEG1Xz9qKjHgVZxGkgJiyYi7ctSRtfr5hQ2toZGl
social_media,facebook,,,En familia.,161470,4162,18212,https://www.facebook.com/DanielNoboaOk/posts/pfbid02213bWsYU4REqDSvXPt8gtQigwLgL2Rnjwedo85kygEooseXQ26hPJbSDTg9JJhWdl
social_media,facebook,,,"Merecemos el país que soñamos: uno de paz, de trabajo y de esperanza. ",5569,548,527,https://www.facebook.com/DanielNoboaOk/posts/pfbid03zNZE7SdrFdevMq9C8bCAGBJBKrNzhpvHLX1RZcQ3rvHixmBxAErHPrTzEcgJcUnl
social_media,facebook,,,"Este Ecuador va hacia adelante, sin excusas. Este es el momento en el que juntos cambiamos la historia de nuestro país. ",5059,247,522,https://www.facebook.com/DanielNoboaOk/posts/pfbid033naKWYVYt8nK1crns7FQLLiJCPuTbuWGackBNt2sZPy3rdx6oqoJvctPgp1JJqRpl
social_media,facebook,,,Este es el momento en el que reescribimos la historia de nuestro país. ,3313,198,323,https://www.facebook.com/DanielNoboaOk/posts/pfbid0Yrzy9pYmUGAzp4TTQqjh1yzr9LiYZ6JZbviz4S9pprRA4S1mHs46MyhgAMtsgkMYl
social_media,facebook,,,No permitiré que los buenos sean castigados por cumplir su deber.,84378,11780,9309,https://www.facebook.com/DanielNoboaOk/posts/pfbid0wvc4JruJJQN2cDwsC4GTtgKhkbUPmXz8zahtFFR68TnjyWpeGk2sZeCDBkGrNqRHl
social_media,facebook,,,No damos ni un paso atrás. A este Ecuador lo vamos a sacar adelante. Ese es un hecho. ,6744,534,1241,https://www.facebook.com/DanielNoboaOk/posts/pfbid02ZuW2Ke8eWt4oh3rCNYVFnAyX7CgzNtrvGDVSw3KroRhSi1iWvpfJv4k5myqY1Sd3l
social_media,facebook,,,"No estamos dispuestos a rendirnos, esto va por todos los ecuatorianos que queremos sacar a nuestro país adelante. ",23492,1548,2927,https://www.facebook.com/DanielNoboaOk/posts/pfbid02GZMAYTm1Sjs5tMhyUJnePfuEC1jJiBuWdt3G3X9F5vhCYyZ3S79yDbSX3TDq6Yshl
social_media,facebook,,,"Estamos frente a una gran decisión, es hora de elegir llevar a nuestro Ecuador hacia adelante con convicción y determinación. ",36847,3690,8083,https://www.facebook.com/DanielNoboaOk/posts/pfbid024VXhXmRCTD4bjecrSV2Gtx2Voy4F3vjEsb881EF3ESyJ5VMfFBw3LJXfpWMGBB3al
social_media,facebook,,,"Cada día estamos más cerca de ser el país que queremos: uno libre de mafias, con inversión y que va hacia adelante. ",10000,1309,3260,https://www.facebook.com/DanielNoboaOk/posts/pfbid02KW3VsEQkV7o3YhTNqefKnBsrgLBG9LfydreTRstSMZH9Y6hPaUjYSu8RWdrN6sSRl
social_media,facebook,,,Equipamos a las Fuerzas Armadas para brindar seguridad a las familias ecuatorianas. 🇪🇨 💪✅️ Vehículos tácticos multipropósito y blindados.✅️ Cascos y chalecos.✅️ Camionetas para operativos. ,64266,6829,5516,https://www.facebook.com/reel/1979711315888198/
social_media,facebook,,,Gracias Ecuador. Vamos para adelante 🇪🇨,18156,1208,1653,https://www.facebook.com/reel/1338843030504371/
social_media,facebook,,,"Esto es por ti, por tu familia y por todo el Ecuador 🇪🇨 Este país no puede rendirse, no puede entregarse a las mafias.",66999,4677,5972,https://www.facebook.com/DanielNoboaOk/posts/pfbid02aEBAnJC7GMGY7kBNEBYfXkCPTHSeJPBihQbhq1oJkVyisucTwwwg4HvFiUg37Y6Gl
social_media,facebook,,,"Este país no podemos regalárselo a las mafias. Nosotros jamás cederemos, seguiremos avanzando, seguiremos yendo hacia adelante. ",56754,4234,5809,https://www.facebook.com/reel/698956022811686/
social_media,facebook,,,Vamos a instalar plantas desalinizadoras para garantizar agua potable en las zonas donde más se la necesita. Vamos a resolver con determinación. ,2700,165,306,https://www.facebook.com/DanielNoboaOk/posts/pfbid0AHu43CuDGLuEmBJJvrUZEiqAqgoN2rageUvDJXt3ALZ1KUXyJqtt4r7drQ3XATAXl
social_media,facebook,,,El sector productivo de Manabí necesita alivio y fuerza para crecer. Vamos a entregar créditos con bajo interés para reactivar la economía desde el trabajo real. Es hora de darles el empuje que merecen. ,2618,144,348,https://www.facebook.com/DanielNoboaOk/posts/pfbid0yDXJutehAPMC8TBzRPLn2XjKqf7S13VHNz48goniGMxcRBGrTwMF2iDwCzrkwGtYl
social_media,facebook,,,"Jipijapa necesita un hospital moderno y equipado. Vamos a financiarlo. No más traslados innecesarios, no más espera. Vamos a poner la salud donde tiene que estar: cerca y al servicio de todos. ",6685,1109,814,https://www.facebook.com/DanielNoboaOk/posts/pfbid0EADVkimPyXE51wdLJFDZW6imGn3uei8PtXZSDboBSWZom13vbi1HxExtx21usutGl
social_media,facebook,,,"Vamos a entregar créditos productivos que sirvan de verdad. Que se usen para crecer, contratar, producir más. La provincia necesita inversión, y nosotros vamos a moverla. ",2815,127,251,https://www.facebook.com/DanielNoboaOk/posts/pfbid01UuPtvVjRRo2VVbgaoLGib5RczjEVV919fZEWoNkTYfGbWNjb7AXpcxPmpc2FQjzl
social_media,facebook,,,"El campo no solo produce, sostiene al país. Vamos a industrializar el sector agrícola para que ese esfuerzo se convierta en empleo, exportación y desarrollo local. Ya es hora. ",2923,136,243,https://www.facebook.com/DanielNoboaOk/posts/pfbid02ZoAe7tMifqStyiNMLgyFaAxVpYmmD5kRCni5YkRbhyvQUwLHimMWjLnE59H6SwB3l
social_media,facebook,,,"Las vías de Buena Fe, Quevedo, Ventanas y Vinces necesitan una intervención urgente. Las vamos a modernizar. Porque el desarrollo empieza con infraestructura. ",5360,316,630,https://www.facebook.com/DanielNoboaOk/posts/pfbid02dAmCA6jBDipNi5mGwGUjNaK7VutJS2cVT3RxZdZyKtBzdqSptzLvDfJcKYM6QYNVl
social_media,facebook,,,"La provincia necesita un hospital moderno, con especialidades clave. Lo vamos a financiar. Salud digna y oportuna, sin tener que salir a otra ciudad para ser atendidos. ",4900,408,706,https://www.facebook.com/DanielNoboaOk/posts/pfbid0XwpDj7zXMPWbVgmkezdb4eRNMuWTzZHrUEEkmV9NaWLiPNkdzwZfkeXJcDYNfaKyl
social_media,facebook,,,"Nuestros pescadores son el alma de la costa. Vamos a crear un fondo de apoyo que los respalde, los impulse y les permita trabajar con dignidad. ",2952,154,291,https://www.facebook.com/DanielNoboaOk/posts/pfbid0Mv3z6Gsz69okGt23K72k6wdRTsUEZeBMoTQPJ8ETZdbYkvWtycaURSv2nJBDrMcGl
social_media,facebook,,,Aquí hay gente valiente que emprende a pesar de las dificultades. Vamos a financiar a pequeños comerciantes y emprendedores de la provincia. Porque el crecimiento tiene que llegar desde abajo y para todos. ,1906,70,153,https://www.facebook.com/DanielNoboaOk/posts/pfbid0CJXzJtbcbsazkdmEjeT2ZFUhzdCxRUKjJaeMujeXBFFZFLzisiRxUt3mhM32jbutl
social_media,facebook,,,Las mujeres de esta provincia necesitan herramientas reales para crecer. Vamos a entregar créditos violetas al 3%. ,3143,138,305,https://www.facebook.com/DanielNoboaOk/posts/pfbid0gntCi26czdNhBjyHsPTzaB9AwZtyaGaQwSD7MrGRkXN3mj7EPBy6qPeJ298uXJbKl
social_media,facebook,,,La vía Paralelo Cero es clave para el desarrollo y la seguridad vial de la provincia. Sabemos que lleva años en mal estado. Vamos a reconstruirla como se debe. ,1457,48,135,https://www.facebook.com/DanielNoboaOk/posts/pfbid033V6rG7jcLnSZZnV4gfQdJMeLN1WLrQG1FsXy9PfJJapxbyCwM7tBfpb91vgb4GoQl
social_media,facebook,,,Nuestros adultos mayores no pueden seguir siendo olvidados. Vamos a construir un centro gerontológico con atención de calidad y sumar más personal médico en la provincia. ,1936,85,120,https://www.facebook.com/DanielNoboaOk/posts/pfbid0L5gVEsmVriUKGk2zsBHkC7rFMziXqLF6wiuZ7uHLRERXS3rUpUcqPWkNcC9EyMEYl
social_media,facebook,,,Propuestas que no pongan en riesgo al país no las encuentras en otro lado 🫡 ,7767,382,441,https://www.facebook.com/reel/559165596691770/
social_media,facebook,,,"Este 13 de abril tienes una decisión que tomar. Elige avanzar, no retroceder. Elige hechos, no cuentos. ",27920,1540,5132,https://www.facebook.com/DanielNoboaOk/posts/pfbid0WXgtRUnuNxTFtcyAhVx3tYi7sn5vELRauyRTJrx7CmAehwnSHXNGKsa8JrWpoT8nl
social_media,facebook,,,"Estamos por reescribir la historia de nuestro país: una historia de trabajo, honor y compromiso con los ecuatorianos. Es ahora o nunca, hay que ir hacia adelante 🇪🇨 ",5219,380,775,https://www.facebook.com/DanielNoboaOk/posts/pfbid023QWu64aLd9yxZrdjhPEnA7ogmL3LUdXJkuKFa5yABGu3GRYRqi36aF8cAE42f3iwl
social_media,facebook,,,"Les queda poco tiempo, después de esta no hay vuelta atrás 😉 ",20171,1592,1687,https://www.facebook.com/reel/1062136139088750/
social_media,facebook,,,"Este 13 de abril tienes una decisión que tomar. Elige avanzar, no retroceder. Elige proyectos reales, no las mentiras de siempre. ",20520,1190,4554,https://www.facebook.com/DanielNoboaOk/posts/pfbid03M2EsZgcWW5FfLhsp7mvehQgKuqMyufFNssc2GyyhNVHkFz6Ro2CaEhV2xBeEAezl
social_media,facebook,,,"Este 13 de abril tienes una decisión que tomar. Elige avanzar, no retroceder. Elige ser libre. Elige a tu país. ",57411,6287,14488,https://www.facebook.com/DanielNoboaOk/posts/pfbid02NiMeNDdN8E4v2n2jhfZEm4aY8EZjDZwhy1bJtrCHgAmnEJLhbA1yXyF1jhcjLGt4l
social_media,facebook,,,Nuestro voz va a quedar plasmada en la historia del Ecuador: una voz que solo grita hacia adelante. ,101990,13068,11961,https://www.facebook.com/reel/1003352435078669/
social_media,facebook,,,"Este 13 de abril vamos por ese Ecuador que ustedes se merecen, por ese país que el pasado intenta arrebatarnos.Nos vemos mañana Guayaquil. ",206404,23894,35586,https://www.facebook.com/reel/703825782324376/
social_media,facebook,,,Gracias Quito,33792,4182,3027,https://www.facebook.com/reel/671411145831964/
social_media,facebook,,,"Falta poco. Ecuador se está despertando y no permitirá que el pasado vuelva. Gracias, Quito.",108243,6391,12437,https://www.facebook.com/DanielNoboaOk/posts/pfbid02JsgEpyiuBJvZE8svAJ9vxVz44yZYTEz42uG1fJ5Dr4jaEjU3rdzWXGN1eKequbrml
social_media,facebook,,,"Este 13 de abril tienes una decisión que tomar. Elige avanzar, no retroceder. Elige tu país, no a las mafias. ",76688,11879,17988,https://www.facebook.com/DanielNoboaOk/posts/pfbid02dc6hXtBnm5y4uzRremh4hu55hZQpDhBzaBoaYzxtkx19MVCV2p8nm4NM8xwh9Boql
social_media,facebook,,,Este 13 de abril protege al país que el pasado te quiere arrebatar. ,6597,426,706,https://www.facebook.com/DanielNoboaOk/posts/pfbid02JkgrL1RKmAmW1RMihbteUzLRwVtQpXCD1Z3CHDrqTYL3kB78mVbZpaRZU4Uo2U5Wl
social_media,facebook,,,"Este 13 de abril vota por tu país, por tu futuro, por el de tus hijos. Vota por la libertad, no la dictadura. ",33232,5515,2816,https://www.facebook.com/reel/1430557458308466/
social_media,facebook,,,Este 13 de abril protege al país que el pasado te quiere arrebatar ,49286,3767,3890,https://www.facebook.com/reel/1663265417707755/
social_media,facebook,,,"Este 13 de abril tienes una decisión que tomar. Elige avanzar, no retroceder. Elige a tu país. ",45788,3652,11199,https://www.facebook.com/DanielNoboaOk/posts/pfbid0LiGSUmbzrx3xjZCWfxJ7GRm5eEvqPW5kB4xyR64oxrsDn7y5EPJbWHHcToo6gUT2l
social_media,facebook,,,Ampliaremos la cobertura del Seguro Social Campesino para que llegue donde nunca ha llegado. Porque el trabajo rural también necesita respaldo. ,1826,81,211,https://www.facebook.com/DanielNoboaOk/posts/pfbid0hMRnnR1TeV7M7JdcRLUSqcSAM4pYwR9LD24LwScqv15PLGy57fMd1anKe3TQbPJel
social_media,facebook,,,"Ninguna madre debería dejar de trabajar por no tener con quién dejar a sus hijos. Vamos a reforzar las guarderías públicas con más personal, más apoyo y mejores condiciones. ",10666,547,958,https://www.facebook.com/DanielNoboaOk/posts/pfbid0FHxemVUd1gWCYEiMTjofUHCsBuCwP8PVX9W7tzmRQiwuEATm1fnz55vmXwCCgmBzl
social_media,facebook,,,Vamos a condonar deudas de hasta 10 mil dólares con BanEcuador y el BNF. Lo que se necesita ahora es darles oxígeno para que levanten sus negocios. ,3588,182,294,https://www.facebook.com/DanielNoboaOk/posts/pfbid03d5PabGapL5XqZsHJtpFpuj2ae5qV4jZCoKCZ3y2q2nyT66obQRX218GphCryM4El
social_media,facebook,,,El abandono en las vías rurales termina aquí. Vamos a invertir fuerte en la reconformación de los caminos para que la producción salga y los pueblos se conecten. ,4218,148,461,https://www.facebook.com/DanielNoboaOk/posts/pfbid0JST5S9e2KXe4fNs1jASbH2ZrNyZq4Um6oSNZfBFSryNJC9zNJ2H63RFnSNSS6MDrl
social_media,facebook,,,"Tener una casa propia no puede seguir siendo un sueño lejano. Vamos a construir viviendas dignas en el campo, para que más familias puedan empezar de nuevo con estabilidad y seguridad. ",3184,110,289,https://www.facebook.com/DanielNoboaOk/posts/pfbid02jKsyvpiCz6c5pfoXzsixcQtSFmgk2kfGEFMPeHFKhcWXUyNtV8xgx6DiKzf3LfH4l
social_media,facebook,,,"El empleo se construye con oportunidades reales. Vamos a llevar ferias de trabajo a todo el Guayas, donde los jóvenes se encuentren cara a cara con quienes pueden contratarlos. ",1677,55,145,https://www.facebook.com/DanielNoboaOk/posts/pfbid0366aNDDZ1zX1C5yC5rzZxJQauC3ehRYiyTHwGWUCXP5kBveRaS5xkTxbPozdfeMevl
social_media,facebook,,,"El Estado estará donde se trabaja la tierra. Maquinaria, semillas, fertilizantes. Estaremos en territorio acompañándolos en cada uno de los momentos. ",1952,59,153,https://www.facebook.com/DanielNoboaOk/posts/pfbid02PiZjy1G9784BLMZPwY4GTGsExSU837QwqiUyVhJUTJcxUUJFMVKptnYDwZHpeqfTl
social_media,facebook,,,"Vamos a ejecutar obras urgentes donde nunca llegó la inversión. Sistemas modernos, soluciones duraderas, sin pretextos. Este gobierno no dará la espalda a las familias que han esperado por décadas. ",1620,55,125,https://www.facebook.com/DanielNoboaOk/posts/pfbid0PBzFgiUWSGBNV9YsLMchjXZoN8aGcVSYSLHB33Fmi2dcDzm2m6g7GozAaGENTp9ul
social_media,facebook,,,"La seguridad en la costa será una prioridad. La Marina tendrá presencia permanente para frenar el crimen, proteger la pesca y recuperar el control de nuestro mar. ",3855,222,332,https://www.facebook.com/DanielNoboaOk/posts/pfbid0zYqwNceEHXWKr2n8qyNXCTNJMd5qYdrRXRkTdnXPwWAiWSB7ostJ221uprV8cETKl
social_media,facebook,,,Vamos a entregar créditos directos para quienes quieren trabajar y crecer. Confiamos en la capacidad de cada uno de los ecuatorianos. ,1674,77,156,https://www.facebook.com/DanielNoboaOk/posts/pfbid02Fypa2F4CSDHSrQKzL7YVLsqzYWwrWhSEhfDr4CwAf3LiHgfyiiqvQoS9mGSYYoBol
social_media,facebook,,,"Vamos a invertir donde más se necesita para que El Oro se mueva con fuerza, con vías dignas y puertos modernos que impulsen el comercio y el turismo. ",1431,59,127,https://www.facebook.com/DanielNoboaOk/posts/pfbid06sTqUxYiR7EHgsXVxdZYAG26vEfRWnioAF94UuXs6dJYZfy2gWhWURu9FAFqVLEPl
social_media,facebook,,,"Esto lo hacemos por nuestras familias, por nuestro futuro, y sobre todo por nuestro Ecuador 🇪🇨 ",4863,574,636,https://www.facebook.com/DanielNoboaOk/posts/pfbid0254wxfnNEXvWrZr9kitxyiA3Ya9sBDVzaS1yuZThpCvVj8p82vtgCdnS1W7rhJdkWl
social_media,facebook,,,Siempre para ustedes. ,5923,366,436,https://www.facebook.com/reel/540372799095923/
social_media,facebook,,,Azuay ya decidió ir para adelante ,16421,2353,1798,https://www.facebook.com/reel/649997617663844/
social_media,facebook,,,"El sur de Quito tendrá su universidad pública. No más jóvenes viajando dos horas para estudiar. Educación de calidad, cerca de casa. ",21745,1696,4318,https://www.facebook.com/DanielNoboaOk/posts/pfbid0PHtJMfELZoPpn9pqGKeM2SegvRb7TCCa3PVkq9mNmb5fCsSf9Y13eYuYQAhyzuH2l
social_media,facebook,,,"La Panamericana Sur será ampliada. Porque el desarrollo no llega si las vías no lo permiten. Esta obra va porque conecta trabajo, comercio y futuro. ",7584,312,1113,https://www.facebook.com/DanielNoboaOk/posts/pfbid0Bx18uZ4tEJCmb79AjSB6veEKjgAtpHjeVSrhzKyZAUEkYbxJTgvxRtKmhqgk9ZoFl
social_media,facebook,,,La vía entre Tambillo y Machachi se ampliará a seis carriles. Ya no más horas perdidas en el tráfico. La gente del sur merece moverse con dignidad y agilidad. ,10941,732,2402,https://www.facebook.com/DanielNoboaOk/posts/pfbid02sLnb6LyhDaFvF5gXeadREQQgQ8qWAoZgtCDtYWheer1a3SNn81XVUsL5188dDc65l
social_media,facebook,,,Construiremos un nuevo Hospital Oncológico en Quito. Vamos a levantar un centro que salve vidas. ,10000,1260,3470,https://www.facebook.com/DanielNoboaOk/posts/pfbid032pstHBaVQuevvXdHNV7uKTYQSKQpiAM1edREW5rDXyAwMtn7jMGj7w7sRiA5aC3vl
social_media,facebook,,,Ecuador va para adelante 🇪🇨🇪🇨,10000,862,1216,https://www.facebook.com/DanielNoboaOk/posts/pfbid0NRyaR3KLJUz1YLLLVPSUWTDRjvyCZ6FJFxVbf923RSseYKqLApabqka5a5HUR5drl
social_media,facebook,,,El Ecuador solo tiene un camino: y todos sabemos que es hacia adelante 🫡🇪🇨 ,78504,4870,8493,https://www.facebook.com/DanielNoboaOk/posts/pfbid02j58qpEBXpUrGodLb1HLT3c7CyVCHL4fE8ybT6BX2XwY4UMKnCGVZQQv3Tkg2cER6l
social_media,facebook,,,"Han sido claros, lo han dicho. Pero nadie quiere que Ecuador sea como Venezuela. Este 13 de abril vota por un ",42723,7745,4968,https://www.facebook.com/reel/1641329203417008/
social_media,facebook,,,Gracias Loja ,30187,2557,3014,https://www.facebook.com/reel/921214409971070/
social_media,facebook,,,"Vamos a modernizar el sistema educativo, conectar lo que se enseña con lo que el país necesita.Nuestros jóvenes no pueden seguir graduándose sin oportunidades. Vamos a impulsar la formación técnica, el acceso a idiomas, la tecnología y el emprendimiento. Desde todos los ángulos. ",7154,434,937,https://www.facebook.com/reel/692068803348620/
social_media,facebook,,,"Este 13 de abril, Ecuador tiene una decisión clara que tomar: Democracia o dictadura Dólar o ecuadolar Avanzar o retroceder La respuesta es sencilla. Ecuador ya despertó. Y no hay vuelta atrás 🇪🇨",99102,9490,14691,https://www.facebook.com/DanielNoboaOk/posts/pfbid02XiVPZB1rfHuSNdQp2pQcN3DkV2EH4QWNY11JbmqjS5fnaiXy4FaLhvEGi34UrKjkl
social_media,facebook,,,Los resultados hablan por nosotros. El tiempo de las excusas se terminó. ,28054,1043,2992,https://www.facebook.com/DanielNoboaOk/posts/pfbid024jBVpLQ8LZkSbJ29YGEAm9ZiRjJ2raPPSqzuaSZdUFPodmTHfJy7rKXDdDFw5oG2l
social_media,facebook,,,"Vamos con decisiones firmes, aunque incomoden, porque Ecuador tiene que ir hacia adelante. ",44452,3379,5253,https://www.facebook.com/DanielNoboaOk/posts/pfbid035f2Adnwkkg59Udrbo6pp7MuYEtkXcQLPhhqWwkkTJzWi5XhgUvGK49HTVG8icncfl
social_media,facebook,,,Aquí todos empujamos al Ecuador hacia adelante 🇪🇨 ,10000,630,1451,https://www.facebook.com/DanielNoboaOk/posts/pfbid03qCTdrQU2WFwrbdDEDwMWG4k1KuJENRkzRuZt4RYKyaM2j53saZZbZ5bf9xjio1Ul
social_media,facebook,,,"El país se levanta trabajando. Vamos a mover la economía con esfuerzo real, es hora de que el trabajo valga y rinda. ",31983,1870,5311,https://www.facebook.com/DanielNoboaOk/posts/pfbid09QtzGZSTiLk71m8fHbemoy9utKYCH6gdnKS339FLDjqdWsiwY4qBioQHNFpNZqUml
social_media,facebook,,,Santo Domingo elige ir hacia adelante ,13626,1634,2173,https://www.facebook.com/reel/686355807255962/
social_media,facebook,,,Ecuador no está para repetir errores. Vamos con ideas nuevas y resultados claros. ,20451,1443,2890,https://www.facebook.com/DanielNoboaOk/posts/pfbid0VsFFg98EbQTBb1LVySJwztMWcmzJ1Jedwr4UdsimKdVVoqfbMQ2yyLcLuHdZ6Ktkl
social_media,facebook,,,Ecuador solo puede ir para adelante de la mano de jóvenes con oportunidades ,4047,382,419,https://www.facebook.com/reel/9314119785362332/
social_media,facebook,,,Sencillamente la opción del empleo y la inversión. Vamos por ese ,62053,2673,4613,https://www.facebook.com/reel/970156271935260/
social_media,facebook,,,"Santa Cruz necesita un nuevo hospital, y lo va a tener sin mas demoras. La salud en Galápagos tiene que estar a la altura de su gente. ",4370,433,762,https://www.facebook.com/DanielNoboaOk/posts/pfbid0uAiqKPcM1PezkKbjKsBKWihbry2QGNTrtYWd1v4oT7RsxARoKMN6knP3NpwWgokgl
social_media,facebook,,,"Cuando se trata de ustedes, no existen los protocolos. Vamos por ese ",59518,2841,3715,https://www.facebook.com/reel/986901666866554/
social_media,facebook,,,"Vamos a financiar el Centro de Desarrollo Económico Local. Queremos que el talento y el trabajo se queden en Napo, generando oportunidades desde el territorio. ",5902,494,863,https://www.facebook.com/DanielNoboaOk/posts/pfbid07JFipCWezmXex3a9QFYhvnhnNbPzBYHKttX6rdNqqv3i21HKz2wkKhioMT3JGcz5l
social_media,facebook,,,"La Universidad Estatal de Tena será repotenciada. No hay futuro sin educación, y no hay excusas para no invertir donde más se necesita. La juventud de Napo va a tener las herramientas para liderar. ",5760,775,1381,https://www.facebook.com/DanielNoboaOk/posts/pfbid0ECjA89V7VC8jqt9yCaKGa41A62VuYdqFR5T2yw6sAUYzHjxZJ3gZTuGhJpBFkSUNl
social_media,facebook,,,"Los productores de Orellana llevan años sacando adelante al país con su trabajo. Ahora les toca recibir lo que necesitan. Vamos a construir un camal regional moderno, seguro y digno. ",2676,217,487,https://www.facebook.com/DanielNoboaOk/posts/pfbid02ARS3yy5Vtb5oKh7nzPKBoM8BBaz5yfCL83S5Xxh9SwztMSSDAYsEL4qoMLPSWfWjl
social_media,facebook,,,"Vamos a crear el Centro de Impulso a la Bioeconomía, donde aprovecharemos nuestros recursos naturales para generar nuevas oportunidades de empleo y desarrollo sostenible para nuestra gente. ",8368,515,1175,https://www.facebook.com/DanielNoboaOk/posts/pfbid0SmVD1nUJLbksmajYj5WuX8Eu2drFJ1zzmP8fAoevd9jGfMedSYWuqLPaa2tLgoSFl
social_media,facebook,,,"El Hospital Marco Vinicio Iza va a tener más especialidades. Queremos que la gente sea atendida como se merece, sin tener que viajar horas por una consulta. Lo vamos a hacer, y lo vamos a hacer bien. ",7388,698,2490,https://www.facebook.com/DanielNoboaOk/posts/pfbid0fgn4SHi1t7u1XKUXg1dskYVUnKSqgztzGgAEEzChXeQhF267KyVhJ7FtHmAuUL4ql
social_media,facebook,,,Cada día estamos más cerca. Vamos a empujar a este país hacia adelante 💪🏼 ,10486,1574,1693,https://www.facebook.com/DanielNoboaOk/posts/pfbid02SHkEsrEHG7nY59bPkMdSbQ3gqwwcd3cF4swNtNEDX4Z8vmFzBWkLMsRopTQTtsDhl
social_media,facebook,,,Ecuador solo puede ir para adelante ,6210,898,671,https://www.facebook.com/DanielNoboaOk/videos/1644442379523622/
social_media,facebook,,,"Los agricultores sostienen a nuestro país. Con inversión real, asistencia técnica y acceso a mercados, producirán más y mejor. Solo así se empuja al Ecuador hacia adelante: apoyando a quienes lo impulsan todos los días. ",1446,172,185,https://www.facebook.com/reel/1038712134818004/
social_media,facebook,,,"En cada rincón del mundo donde late un ecuatoriano, late también la fuerza de un país que no se rinde. En su gira internacional, el Presidente se encontró con emprendedores que no solo llevan productos, ideas o sueños: llevan la identidad, el coraje y el orgullo de ser ecuatorianos. Son ellos quienes demuestran que Ecuador no tiene límites. ¡Que el mundo lo sepa: donde hay un ecuatoriano, hay grandeza!",2407,183,330,https://www.facebook.com/AdnEcuadorOk/posts/pfbid02Dy5KobF81NuZcMRgpJbgyxhxPUF7KBNPxqCmrTJj898K64cACykD5SxwrKxiuePCl
social_media,facebook,,,🕊️🙏,1081,47,93,https://www.facebook.com/AdnEcuadorOk/posts/pfbid034r4U2eQfZ5Ejbmw4gubQvD6DtNE3KKX2qrG6RsrAgkFyWm6VhSGrDtrW4RyaNwsgl
social_media,facebook,,,"El trabajo en equipo que encabeza el presidente es el reflejo del ADN 🧬🇪🇨que eligió Ecuador: un país que no se rinde, que se esfuerza y que sigue adelante incluso en los momentos más difíciles. Hoy, más que nunca, lo estamos demostrando. Esmeraldas no está sola. El gobierno de está aquí, firme, trabajando sin descanso para reconstruir, enderezar el rumbo y levantar a nuestra gente.",1885,166,309,https://www.facebook.com/AdnEcuadorOk/posts/pfbid0VAwwRMdQ2V552nUvZbjtQz6p8Jy6byxv5HdXeEwifTsrLi3PdnDDsY8UJaVdjaosl
social_media,facebook,,,"No estamos pidiendo carpetas ni dinero. Estamos listos, con compromiso, capacidad y un equipo que conoce al país de cerca. Porque el Ecuador no está para más improvisaciones; está para soluciones reales y trabajo serio desde el primer día. ",10460,900,1354,https://www.facebook.com/reel/655616210712252/
social_media,facebook,,,"✨ Hoy celebramos el arte que habla con el cuerpo y emociona al alma. En el Día Internacional de la Danza, mi abrazo y admiración para quienes hacen de cada movimiento una forma de identidad, expresión y resistencia. ¡Gracias por mantener viva nuestra cultura en cada paso! 💃🇪🇨 ",157,47,9,https://www.facebook.com/mjpintoec/posts/pfbid02qieX7ePxxo4XGNVsDerMD36bWhKysVUAbofrrptE9Cz9Eo3qbtguxW3priko8MiWl
social_media,facebook,,,"En el Minuto Cívico, acompañé a nuestra valiente Policía Nacional. ¡Gracias por cuidar con coraje a todo un país! 🇪🇨 ",319,27,22,https://www.facebook.com/mjpintoec/posts/pfbid02uhdKkHfJTn42D7mWwfTHTaGvLS2GjMJSGpgYp1e6a5MTkBuTPbGVAeBYVXzCNPP1l
social_media,facebook,,,Hoy amanecí contento y con mucha ilusión de que se vienen días mejores para todos. 🇪🇨🩵,74,14,11,https://www.facebook.com/diegoborjapc/posts/pfbid0VYgU2vTecLCobhY279hb2SViXSMWdKxHM1HGWGoGGG9vqJFySdWy8tBEBj9a9T7vl
social_media,facebook,,,🤫🤫🤫🤫,14,2,1,https://www.facebook.com/reel/684742167307236/
social_media,facebook,,,Pero las risas no faltaron. 😄🩵🇪🇨,31,12,2,https://www.facebook.com/reel/1036214941741573/
social_media,facebook,,,"¡La del cielo blanco y celeste! Cerramos nuestra campaña más unidos que nunca. Gracias por este abrazo inmenso, por la esperanza que renace en cada mirada. Este domingo no solo votamos, soñamos juntos con un país distinto. ¡Vamos a devolverle la dignidad al Ecuador! Vamos POR LA VIDA!🩵🇪🇨",52,11,3,https://www.facebook.com/diegoborjapc/posts/pfbid07SLT9CMyh9amgj3E4Lesyv1xnAcLda3bZUfVWYdJ5s6BWqrFXaqdiUuX4zCHcme5l
social_media,facebook,,,"¡El domingo cambiamos de administración! Clausuramos Carondelet, luego de detectar que todo era corruption, nepotismo y una plaga de abusos. 🇪🇨 🩵",15,10,2,https://www.facebook.com/reel/874754448106386/
social_media,facebook,,,¡Vamos con todo! 🩵🇪🇨,35,5,2,https://www.facebook.com/reel/1135801781633184/
social_media,facebook,,,"Mi casa, mi ciudad, mi Quito querida. ¡Gracias por esta campaña que ha sido una lucha por la vida! Con esperanza en el futuro que podemos construir, en unidad con todos los que soñamos un mejor Ecuador y con la responsabilidad de un pueblo que elije días mejores, el domingo vamos a asegurar el cambio que el país necesita. ",76,15,4,https://www.facebook.com/diegoborjapc/posts/pfbid026fziFh3KLvWjoVvrXNJv2JQ9dfySb65ymsVgffRTDYtp8sHkFtyQ94vaAm4hdovzl
social_media,facebook,,,"Los jóvenes quieren un futuro digno. Quieren quedarse, no huir. Basta de ineficiencia, basta de indiferencia. Vamos a cambiar Ecuador, con fuerza, con esperanza… ¡Vamos por la vida! 🩵🇪🇨",54,15,4,https://www.facebook.com/reel/651989904113198/
social_media,facebook,,,¡POR LA VIDA! ¡POR LA PATRIA! 🩵🇪🇨,19,8,1,https://www.facebook.com/reel/652414337718237/
social_media,facebook,,,TODOS JUNTOS POR ESMERALDAS 🙏🇪🇨🧬,343,104,8,https://www.facebook.com/AdnEcuadorOk/posts/pfbid0KyM737za1e2kvPLPkPCCnnTTkxQmyFZPDkGHyBCHdLQhKLLxG32dELQ9Awboz22ul
social_media,facebook,,,"¡🧬ADN DE UNIÓN POR ESMERALDAS🇪🇨! El sismo nos sacudió, pero la solidaridad del pueblo ecuatoriano siempre se levanta. Por ellos, se han habilitado puntos de acopio para canalizar toda la ayuda posible. Puntos de acopio: • Plataforma Norte: Administración, Planta Baja, Bloque Azul • Plataforma Sur: Nodo de seguridad, Planta Baja ¿Qué puedes donar? • Ropa ligera (en buenas condiciones) • Enlatados • Botellones de agua y bebidas hidratantes • Medicinas • Comida no perecible • Artículos de higiene personal • Carpas, toldos o mosquiteros Contactos: • Cristina Romero (Plataforma Norte): 096 026 6940 • Yadira Gavilema (Plataforma Sur): 098 456 1463 Hoy, más que nunca, Ecuador es uno solo. Tu ayuda hace la diferencia.",535,311,29,https://www.facebook.com/AdnEcuadorOk/posts/pfbid02PmJ6Y58WKGL4uPta967pgEzwVHYkRUetR52GhHcwBaf4SZMPhRkiUS5tmRNcWXdXl
social_media,facebook,,,QUÉ VIVA EL ORO 🧬🇪🇨,139,17,7,https://www.facebook.com/AdnEcuadorOk/posts/pfbid02moVQt6YjxAxfvehenuVD7HNEPt7sLAmQvXC2m6ZHXjNpY1TQPdFF7zBssca2nUfhl
social_media,facebook,,,"Hoy en el Minuto Cívico confirmé algo que ya sabía: nuestra Policía Nacional no solo es valiente, también tiene corazón. Cada día, hombres y mujeres patrullan sueños, cuidan esperanzas y protegen a todo un país. ",439,63,24,https://www.facebook.com/reel/1391825882006878/
social_media,facebook,,,"Hoy quiero reconocer de corazón a nuestras mujeres policías. Su fuerza, su valentía y su entrega nos inspiran a diario. Gracias a aquellas pioneras que abrieron el camino, hoy son muchas más las que protegen al Ecuador con honor. Sepan que desde el Gobierno no solo las apoyamos, sino que caminamos junto a ustedes para construir un país más seguro, justo y en paz. ",576,112,22,https://www.facebook.com/mjpintoec/posts/pfbid02vC8YfBeUmb836QuFRYuSWuxSFjXKEQYxmAuCgsudXMVCgCc7m6TRvSJvTZAY2dCtl
social_media,facebook,,,"Hoy en el Minuto Cívico compartí un momento especial con nuestra querida Policía Nacional. Valoro profundamente su entrega, su valentía y su compromiso diario por el país. Desde el Gobierno, sepan que no están solos: cuentan con nuestro respaldo firme y sincero. Sigamos caminando juntos, con fe y esperanza, por un Ecuador más seguro, más justo y en paz. ",1942,80,171,https://www.facebook.com/reel/650907957765272/
social_media,facebook,,,Hoy en el Minuto Cívico tuve el honor de acompañar a nuestra Policía Nacional. Reconozco su entrega y valentía. Desde el Gobierno cuentan con todo nuestro apoyo. Sigamos trabajando juntos por un Ecuador más seguro y en paz.🇪🇨 ,590,107,75,https://www.facebook.com/mjpintoec/posts/pfbid028y84TWRVBoiET9U72KrzgiMBT2apcYAaZ465p3RyeERQuey2RidNRDWmUb72Pfinl
social_media,facebook,,,"En el Día Internacional de la Seguridad y Salud en el Trabajo, reafirmamos nuestro compromiso con espacios laborales seguros y dignos. Cuidar a quienes trabajan es construir un Ecuador más humano y justo. ¡Gracias por su esfuerzo diario! ",117,25,5,https://www.facebook.com/mjpintoec/posts/pfbid02fki1K8Le2d9CPdTxcFqRSVtnAxxFLKdmCyrj6hfCJcnVwK6Kzc33M65yvcwCFMBWl
social_media,facebook,,,"Cuando trabajamos por nuestros niños, estamos sembrando esperanza, sueños y futuro. Cada esfuerzo de hoy es una victoria para el mañana. ",508,102,54,https://www.facebook.com/mjpintoec/posts/pfbid0aYJhoANronVn7PZsqjeTMqpsyVS8Rar9WuDUzj63Th7aZA9ac6htbJPhAztbKb1Tl
social_media,facebook,,,"El Papa ha partido al encuentro con Dios. Hoy no solo despedimos al líder de la Iglesia, despedimos a un pastor que con su voz nos recordó el poder de la fe, la fuerza de la compasión y la urgencia de construir un mundo más justo. Su vida fue testimonio de entrega, su palabra refugio para muchos, y su partida nos invita a volver al silencio, a la oración, y al amor que no muere. Descansa en la paz del Señor.",682,85,45,https://www.facebook.com/AdnEcuadorOk/posts/pfbid025QpnLfjDVu5AmBMJvGQ2hNQSbBngwT3pUT8WP1sB35i1zZj3tekSxDfs1kcjsGFJl
social_media,facebook,,,"En un país donde los malos buscan sembrar miedo, los buenos elegimos fe 🇪🇨🙏 Porque somos más, porque no nos rendimos, y porque con esperanza y valentía, vamos a demostrar que en Ecuador el bien tiene quien lo defienda. Con Dios por delante y el corazón firme, no hay oscuridad que pueda vencernos.",3323,774,404,https://www.facebook.com/AdnEcuadorOk/posts/pfbid035BPcnWzmsscZvZ984yE2Pc2D2wHhRG64BMQSbZtVub39DJG1hnN8eT597YKcQKBtl
social_media,facebook,,, 🧬🇪🇨 | llegó la esperanza guayas 🙏 ,1073,35,67,https://www.facebook.com/AdnEcuadorOk/posts/pfbid0P23pR39v7SHto48Lahutf8GFQsdeanaHyAeQDHJbkLSCcQrJ31nnbvCw1jnGNEJul
social_media,facebook,,,El turismo es uno de los principales sectores afectados por el poco interés del gobierno en solucionar la inseguridad y generar obra pública. Manabí y el resto del país necesita un gobierno responsable que sí se preocupe por su gente.,23,5,1,https://www.facebook.com/reel/674081978313140/
social_media,facebook,,,"Manabí de mi ilusión. La calidez de tu gente nos da más fuerza para la recta final. Y así lo sentimos hoy, logrando compromisos con los comerciantes, transportistas y todos los que con su trabajo sacan adelante a esta provincia y a todo el país. 🩵🇪🇨",26,5,1,https://www.facebook.com/diegoborjapc/posts/pfbid02RZNbnT2ptiyvqqnCJPHNYxcVWQV5BfmsAyUxmqbFTYobiFjPcSs9tw3GrDBYEy7vl
social_media,facebook,,,"Los jóvenes siempre tienen preguntas difíciles, pero merecen respuestas concretas. Pt. 2",15,4,1,https://www.facebook.com/reel/990521413183452/
social_media,facebook,,,Su juego sucio no podrá detenernos. Hoy barremos la casa y el próximo domingo con ustedes. 😉,32,9,3,https://www.facebook.com/reel/654394850777819/
social_media,facebook,,,"Kawsaymanta! En medio de una fiesta y la lluvia de Maca Grande, Cotopaxi; compartimos con las comunidades de esta provincia nuestro acuerdo programático por la vida. 🩵🇪🇨",45,9,3,https://www.facebook.com/diegoborjapc/posts/pfbid02mnj6duuRJ5d4XQz3ZXVHCtDHJEJ8hBHCPvmAA9QuNxaTU6B6sWGp5Y2degz4uRkzl
social_media,facebook,,,"Compartimos con las comunidades de Ozogoche Alto, Totoras, Altillo y Sablog con el firme propósito de consolidar nuestro compromiso con los agricultores y ganaderos, trabajando juntos para mejorar su calidad de vida y fortalecer el desarrollo rural. . 🩵🇪🇨",28,6,0,https://www.facebook.com/diegoborjapc/posts/pfbid0KD7m13Kr2JaiX3JADarU86qFRcsV3XBDbjYfBc72sDzfTSPTc9w6xT8kPw4sfJNpl
social_media,facebook,,,"No nací en la política, crecí en el trabajo social. Ahí, escuchando corazones, aprendí que cada voz importa y cada historia merece ser defendida. 🇪🇨💫 ",523,144,36,https://www.facebook.com/mjpintoec/posts/pfbid02vyZZuVciyGUmL5v6qkE3RnNBUNByPEbgqYHGwtrZgD4P6LiD9yzPsfJu45Ksw8aml
social_media,facebook,,,"Si una mujer prospera, junto a ella avanza su familia y toda la comunidad. 💜🤝 Invertir en una vida digna para las mujeres de mi patria, es garantizar un mejor futuro para todos. 🇪🇨 # MJ",400,63,36,https://www.facebook.com/mjpintoec/posts/pfbid0MB2KGRWnJxnEKMcUWA87kurnNbEW6NtxZcMjWbxzJUGFHo5wGGkq2gBXWLGt9Njyl
social_media,facebook,,,"Unámonos, es el momento.",127,0,5,https://www.facebook.com/mjpintoec/posts/pfbid06ij6rkAk9Pj7ZXELG8RJQvnjmadwcT4M7rsd5nnv5Q6aeD3rbUBHdJhPNzwQpkDcl
social_media,facebook,,,"Los jóvenes tienen el PODER de transformar el país. No necesitan irse en busca de oportunidades, las oportunidades están aquí, y es nuestra responsabilidad crear el futuro que merecemos. 🇪🇨🩵",20,6,0,https://www.facebook.com/reel/1422754162051056/
social_media,facebook,,,"Los apagones han dejado secuelas en miles de comercios en el país. Apoyar a los emprendimientos es clave para fortalecer la economía local, que impulsa a las familias ecuatorianas y al desarrollo de todo el país. 🩵🇪🇨",35,10,9,https://www.facebook.com/reel/491583247242493/
social_media,facebook,,,Recorrimos Cotopaxi para seguir sumando fuerzas. En Salcedo conversamos sobre nuestros planes para apoyar a los pequeños empresarios y artesanos. Es clave ofrecerles facilidades que impulsen sus negocios y fortalezcan el talento local. Y visitamos Alpamalag y Chanchaló donde ratificamos nuestro compromiso por cuidar el agua y hacer de la agricultura y la ganadería una prioridad nacional. ,30,6,3,https://www.facebook.com/diegoborjapc/posts/pfbid0ZkYgQF9HpUSHAwbffgctKCBgorWcxiEhc645BaD1UXWHCEqHvXRZ3QySgwEtydDfl
social_media,facebook,,,"🇪🇨 El país no se arregla solo, pero si caminamos juntos, sí puede cambiar. 🇪🇨 Es tiempo de unirnos, dialogar y construir con esperanza. Gracias por confiar. Ahora, a trabajar por el Ecuador que merecemos. ",479,108,43,https://www.facebook.com/mjpintoec/posts/pfbid0dNfevBFg1Duc5rnKT7BUEtPpSrCBKpAKFMK71gc2uvd1uYisSDMVDwfTV37TSt22l
social_media,facebook,,,"Toda la fuerza para Esmeraldas en estos momentos. El sismo de 6.0 ha dejado afectaciones en viviendas y estructuras, y las autoridades ya se están movilizando para atender la emergencia. Estamos atentos y comprometidos con que se brinde toda la ayuda necesaria para cuidar a las familias afectadas. ",674,60,69,https://www.facebook.com/mjpintoec/posts/pfbid0GveR6SUKkT4pVnLixBeRRNFvs3oF3Fo19vHpNgo2eHytQt7cFjxZjYAHNQ3jQcmFl
social_media,facebook,,,"Nuestro futuro comienza hoy. 🌱 La calidad de vida de nuestros niños depende del acceso a agua segura, educación de calidad y un sistema de salud digno. Ellos no serán el futuro. Ellos son nuestro presente. ",899,185,90,https://www.facebook.com/mjpintoec/posts/pfbid0yh3XNxqu7LZ8WWfktXdk6aecwEdLbPuUzNR2SAEvbvozw2cLGKpABq5FxSzzRok2l
social_media,facebook,,,"¿Y tú, sabes para que te alcanza con los 93.000.000 millones que te debe Noboa? 🩵",55,126,12,https://www.facebook.com/reel/2767471836792317/
social_media,facebook,,,Qué importante conservar nuestros lagos. Tenemos que rescatar a nuestros tesoros naturales para disfrutarlos por mucho tiempo más. ,59,19,14,https://www.facebook.com/diegoborjapc/videos/1194474595804971/
social_media,facebook,,,"El lago San Pablo es uno de los lugares más maravillosos del Ecuador. Pero está en un grave peligro por la contaminación. ¡No podemos perder una maravilla así! Mi gente de Imbabura, cuentan con todo nuestro compromiso para ejecutar los proyectos de saneamiento que protejan la naturaleza, el turismo y el desarrollo del lago San Pablo. ¡Es un compromiso POR LA VIDA! 🩵🇪🇨",40,15,3,https://www.facebook.com/diegoborjapc/posts/pfbid0nfjCSYdESAZqTzj2zdRfruMKkjpqCLFW4oyhqekwcMtkk2JMyPkmjzooKXryeRMNl
social_media,facebook,,,"📚 Hoy celebramos el poder de los libros para abrirnos los ojos y el alma. Les comparto algunas frases de mis libros favoritos, que han marcado mi camino y han sido la chispa de geniales ideas. 📖✨ ✨ “La cultura ya no aspira a ser fuego, sino espectáculo” – La civilización del espectáculo, Vargas Llosa ✨ “Lo que crees es más poderoso que lo que sabes” – Una educación, Tara Westover ✨ “En agosto nos vemos... y todo puede cambiar” – García Márquez ✨ “El liderazgo no se trata de ti, se trata de ellos” – In Leadership, Tony Blair Hoy, regálate una página. ",6495,440,396,https://www.facebook.com/reel/543010268849564/
social_media,facebook,,,"📚Los libros son como espejos: solo se ve en ellos lo que uno ya lleva dentro."" – Carlos Ruiz Zafón Leer no solo nos forma: nos transforma. Nos da lenguaje para nombrar las injusticias, memoria para no repetirlas, y sueños para construir un futuro distinto. 👩‍🏫 Un pueblo que lee, piensa, cuestiona y crea. Porque el desarrollo de una nación empieza por la mente y el alma de su gente. ",529,40,40,https://www.facebook.com/mjpintoec/posts/pfbid0awnZ6jeQQdFb6qA2Umv4zJvBq4fDa7bfkzytK47iL5Wzvg2RbyfYgxQfc3oCo1Ucl
social_media,facebook,,,"Gracias a cada abuelito y abuelita que salió a votar con el corazón. Sabemos que su voto no era obligatorio, pero ustedes decidieron luchar una vez más por su país. Con su ejemplo, nos recuerdan lo que es el amor por el Ecuador. Este mensaje es para ustedes, y si estás viendo esto, compárteselo a ese abuelito o abuelita que tanto quieres. ¡Gracias por creer, por caminar con nosotros y por enseñarnos tanto!",7560,883,926,https://www.facebook.com/mjpintoec/videos/1023442195872558/
social_media,facebook,,,"De vuelta en mi querida Loja, capital cultural de Ecuador. Conversando con la gente para convertir sus sueños y aspiraciones en acciones de gobierno. 🩵🇪🇨",28,11,0,https://www.facebook.com/diegoborjapc/posts/pfbid0CmHqfJsJDE6Uo6yjXJGLg4S3H3JmMmQqMRFGkry3Zfr8gWcwR89KqtfHqfLCk7Kql
social_media,facebook,,,Santo Domingo de los Tsáchilas tiene un gran potencial y una ubicación estratégica como centro logístico del país. Juntos vamos transformar esta tierra llena de oportunidades.,21,3,1,https://www.facebook.com/reel/1182276453603708/
social_media,facebook,,,¡Vamos con todo Ecuador! 💙🤚🏻,17,2,1,https://www.facebook.com/reel/10059193460792568/
social_media,facebook,,,"¡Gracias Quito, gracias Ecuador! Tuve el privilegio de estar en compartiendo mis ideas, sueños y compromisos con ustedes. 🙏 Siento una enorme gratitud por cada mensaje, cada palabra de aliento, cada abrazo que me dan en las calles. Este camino lo caminamos junt. ",2380,91,211,https://www.facebook.com/reel/604416942631297/
social_media,facebook,,,"Gracias, Ecuador. A todos los voluntarios, delegados, abuelitos y ciudadanos que salieron a participar con esperanza y compromiso: esta victoria es de ustedes. Desde el primer día, con el liderazgo de Daniel Noboa, estamos trabajando de la mano para construir un país con más oportunidades, soluciones reales y unión. Esto recién comienza. ¡Gracias por creer en nosotros! ",2807,303,222,https://www.facebook.com/reel/1011502661048913/
social_media,facebook,,,"Mi compromiso es trabajar desde territorio, junto a la gente. 🤝 Es momento de unidad y cooperación, al Ecuador lo vamos a recuperar todos. 🇪🇨 Mira la entrevista completa en mu canal de . ✅️ ",1040,67,57,https://www.facebook.com/reel/1099313985545354/
social_media,facebook,,,¡Nos unimos al trend! 💙,29,3,3,https://www.facebook.com/diegoborjapc/posts/pfbid06ChCb1ciqr6dCkD8LAyZ4C5STSSieizef2U7L6e8gZvwQqMUhU4ZZriEPaJGaVoil
social_media,facebook,,,¡Queremos ser una patria digna y libre! ,22,4,1,https://www.facebook.com/diegoborjapc/videos/1325713155215441/
social_media,facebook,,,"Mi Santo Domingo querido, donde la patria se encuentra. Hoy fuimos un arcoíris de voluntades que se suman a luchar POR LA VIDA. Avanzamos firmes con el compromiso de construir un país de oportunidades, desarrollo y justicia para todos. ",32,8,0,https://www.facebook.com/diegoborjapc/posts/pfbid0gRhNShgLtYcwAQtPBZt6uQQ3vrTCzreJEb1q7ccYcT9RqaogK4oWmxvjP7txGu59l
social_media,facebook,,,"Mejor digamos: ¡no hay dónde dividirnos! Este país lo vamos a sacar adelante juntos. Los que votaron por nosotros y los que no. Porque el Ecuador es de todos. Es hora de sanar, de reencontrarnos y de abrazarnos como lo que somos: una sola familia. ¡Vamos pa’lante, Ecuador! ",2416,249,205,https://www.facebook.com/mjpintoec/videos/1379394529855226/
social_media,facebook,,,"🇪🇨 Este camino lo recorreremos juntos 🇪🇨 De la mano de todo el Ecuador, porque todos soñamos los mismo, porque todos queremos el mejor Ecuador que podamos crear. 💜💫 ",634,80,55,https://www.facebook.com/mjpintoec/posts/pfbid02X8xmbifwp2Jjx9FXS48sv87MTLFZUPQ42C154bSCZMXVuQacMy9v8cpE7r8wcLnFl
social_media,facebook,,,Sentimiento actual: Gratitud 💫 Y en mi corazón compromiso y lucha. ,3118,153,181,https://www.facebook.com/reel/979850454130385/
social_media,facebook,,,"Voy a servir a un pueblo que nunca se rinde. A la gente que trabaja con el corazón, que levanta al país cada día. ",828,45,83,https://www.facebook.com/mjpintoec/posts/pfbid02ohFJ31hLoh4yLeq3rUCdNTzUFjGyLQS3hxxBd5B7V6HUHnHjNd27cRCVbgbVf9hHl
social_media,facebook,,,"Gracias, Ecuador. En cada abrazo, en cada mirada, sentí su fuerza. Recorrí el país y me llevé su lucha en el corazón. Esto no termina aquí. Esto recién empieza. ¡Vamos con todo, Ecuador! El futuro lo construimos juntos. ",2838,178,146,https://www.facebook.com/reel/1394508271465562/
social_media,facebook,,,"Decir gracias no basta, trabajaremos juntos, de su mano para crear el que tanto deseamos. 🇪🇨 ",5519,177,596,https://www.facebook.com/reel/646330084923098/
social_media,facebook,,,"Qué viva Ecuador, la libertad y la justicia. ¡VAMOS PARA DELANTE! Tenemos presidente y vicepresidenta 🧬🇪🇨",3879,235,383,https://www.facebook.com/AdnEcuadorOk/posts/pfbid034DNCqnTVTn3ouNJkLNy6b4YJVPsg1RxKVPjY87Qgc2LWPRbgBwzuBxuRUBAJiNyJl
social_media,facebook,,,LIBERTAD 🇪🇨,1139,168,70,https://www.facebook.com/AdnEcuadorOk/posts/pfbid0PoUs6amGA1XxTPhQvxejddxb2YYGoeMYVZ574ptRRCg8oRHAX6FmMDsNRq5iP6b3l
social_media,facebook,,,"SEREMOS GRANDES, SEREMOS FUERTES 🙏🇪🇨 | 13 de abril",9283,1310,418,https://www.facebook.com/reel/1029119415779847/
social_media,facebook,,,"Hoy celebramos el poder del arte para transformar, cuestionar y sanar. El arte nos conecta con lo más profundo de nuestra identidad, cuenta nuestras historias y nos da fuerza para imaginar un país más justo y humano. 💜🖌🎶💃 Reafirmamos nuestro compromiso con las y los artistas del Ecuador, con su libertad creativa y con una cultura viva que nos representa a todas y todos. ",373,28,35,https://www.facebook.com/mjpintoec/posts/pfbid02xPFYF6A9PbhYCzRe1v5bLhveXCRdXnofZZ4KMprtoETsoxokVNgxoAACDCgTyj3nl
social_media,facebook,,,"🎉 ¡Ganamos! Gracias a cada persona que confió, que votó, que creyó. Este triunfo no es solo nuestro, ¡es del Ecuador! 🇪🇨 Hoy celebramos con esperanza y con el compromiso de honrar cada voto con trabajo y valentía. 💪 ",571,80,60,https://www.facebook.com/mjpintoec/posts/pfbid0toKLHfgX3hQdoqtnozsAErABXHrWdLEebYeM3Y1wHuZLVPhN6EBV2NvCQX5GKcuFl
social_media,facebook,,,"¡Gracias de corazón, Ecuador! Hoy no solo ganamos una elección, ganamos la oportunidad de seguir luchando por lo que más amamos: nuestras familias, nuestros niños, nuestro futuro. Este camino lo hemos recorrido junto a ustedes, paso a paso, con esfuerzo, con cariño, con compromiso. Y así seguiremos, más unidos que nunca, construyendo el Ecuador que soñamos. Porque cuando se trabaja con el corazón, no hay meta imposible. ¡Gracias por creer! ¡Gracias por caminar a nuestro lado!",584,50,35,https://www.facebook.com/reel/643697828510106/
social_media,facebook,,,"¡Gracias, Ecuador! Ganamos con fe, corazón y esperanza junto a Daniel Noboa!¡Hoy empieza el futuro que soñamos! 🇪🇨✨ ",10012,1574,723,https://www.facebook.com/AdnEcuadorOk/videos/1654018018813324/
social_media,facebook,,,ECUADOR PARA ADELANTE 🇪🇨🙏🧬 | ,10000,1399,1538,https://www.facebook.com/AdnEcuadorOk/posts/pfbid02AYkU4nHVvqs4uJXnzra9GSRRFT2knhPbB42AF1EWdGo8ewmxWEbVUxvqfXR831rKl
social_media,facebook,,,"Amar al Ecuador es defender su futuro, esté donde esté. El voto migrante habló con fuerza y esperanza: Ecuador va para adelante, con . Hoy nos toca a los que estamos aquí, levantar este país, cuidarlo, reconstruirlo… 𝐩𝐚𝐫𝐚 𝐪𝐮𝐞 𝐮𝐧 𝐝𝐢́𝐚 𝐪𝐮𝐢𝐞𝐧𝐞𝐬 𝐬𝐞 𝐟𝐮𝐞𝐫𝐨𝐧 𝐩𝐨𝐫 𝐧𝐞𝐜𝐞𝐬𝐢𝐝𝐚𝐝, 𝐩𝐮𝐞𝐝𝐚𝐧 𝐯𝐨𝐥𝐯𝐞𝐫 𝐩𝐨𝐫 𝐝𝐞𝐜𝐢𝐬𝐢𝐨́𝐧. | | ",6333,2085,419,https://www.facebook.com/AdnEcuadorOk/posts/pfbid02XrF7jZbraNfrbBf2pT2CWaimqYxa8uy6tE2MKfyoyaBJt6BvUND2H1vdFCg2fAQpl
social_media,facebook,,,"Gracias, Ecuador! Hoy no gana un candidato. Hoy gana la esperanza, gana el futuro, ganan nuestras familias y nuestros niños. Gracias por confiar, por creer, por salir a votar con el corazón. Ahora comienza una nueva etapa: una etapa para trabajar más unidos que nunca, con responsabilidad, diálogo y compromiso. Seguimos construyendo, paso a paso, el Ecuador que tanto soñamos. Gracias por caminar con nosotros.",967,104,82,https://www.facebook.com/reel/8973130506124307/
social_media,facebook,,,¡Juntos vamos para adelante!,307,16,22,https://www.facebook.com/reel/1594825367892761/
social_media,facebook,,,"¡Ya llegan buenas noticias desde el exterior! Ahora, desde aquí, nos toca seguir cuidando voto a voto con responsabilidad y compromiso. Un beso enorme para todos los voluntarios de las Juntas Receptoras del Voto, gracias por estar ahí con el corazón puesto en el país. Seguimos construyendo, siempre para adelante. ",4138,276,455,https://www.facebook.com/reel/1313072376473040/
social_media,facebook,,,CUIDEMOS EL VOTO 🇪🇨🧬,1365,124,49,https://www.facebook.com/AdnEcuadorOk/posts/pfbid022zAMHddVkzy31psaC3egT2mUpKLGgd9nginfiiBuoyA5zShUeX82pD5KgqBExG1Kl
social_media,facebook,,,"🌍🧬💜 Desde Europa y Asia llega una ola de esperanza con . ¡Casi 14 puntos de ventaja para un Ecuador que quiere ir hacia adelante! 🇪🇨 Esto no es solo una cifra, es un mensaje claro y contundente para el país: 📣 Ecuador va para adelante… y no hay marcha atrás. El mundo ya votó. Ahora le toca a Ecuador cuidar cada voto, defender cada esperanza y seguir escribiendo la mejor historia de nuestra patria en los últimos tiempos.",4785,1186,321,https://www.facebook.com/AdnEcuadorOk/posts/pfbid02NHg7rR4JKFFEkHsQNPb4NSb2VwJr52G1oGp4UMfYeBiRGb3vm56BHHZZVZUsBmDpl
social_media,facebook,,,"Fueron ustedes quien hizo este camino grato. Gracias por cada abrazo, sonrisa, bendición, consejo y, sobre todo gracias por compartir mi visión. Se que todos queremos lo mismo para nuestros hijos y yo me pongo al frente.",281,14,12,https://www.facebook.com/reel/3846088195653054/
social_media,facebook,,,¡Vamos pa' alante!,277,11,50,https://www.facebook.com/reel/1810716332836723/
social_media,facebook,,,"Gracias por alzar su voz en las urnas por un Ecuador que avanza. Votar es soñar con un futuro mejor y hacerlo posible. Por nuestras familias, por nuestros niños, por el país que amamos.",259,15,22,https://www.facebook.com/mjpintoec/posts/pfbid02NxzQE984guDpMYkzbCGB4DqFV73gb4DpW9j2t6ceCS5oaiXvTD3g7TGcbhSZA5fvl
social_media,facebook,,,LLEGÓ EL DÍA 🧬🇪🇨🙏 con | | ,337,38,15,https://www.facebook.com/AdnEcuadorOk/posts/pfbid0EYH15fDsWEhnuHN43epAqYd8UorMbRwiDWwC9XZaz8pkKSiNrE3rSxcVoGTeSzsAl
social_media,facebook,,,ARRIBA ECUADOR 🇪🇨,1203,199,101,https://www.facebook.com/AdnEcuadorOk/posts/pfbid0VrGFEKLGEix6ynXeEDdFZ3K6pyi2NsWSbWed9N7YSs8F1rPZGX2M2TBh4MhUPYMvl
social_media,facebook,,,"Hoy en la Guayaquil de mis amores continuamos uniendo fuerzas POR LA VIDA. De la mano de organizaciones sociales, Pachakutik de la costa, colegios profesionales, comerciantes autónomos y millones de ciudadanos, trabajaremos por un país de oportunidades para todos. 💙🤚🏻",26,31,2,https://www.facebook.com/diegoborjapc/posts/pfbid02rG6mN1m4LMHdu1nnwjzvL8AHuH714hNFZx7TBiRtPSRRdHmu5oANWJhLBsohyNvxl
social_media,facebook,,,"Uniendo fuerzas y superando nuestras diferencias, vamos a transformar nuestro país. ¡Vamos juntos POR LA VIDA!",7,4,1,https://www.facebook.com/reel/9578212188901527/
social_media,facebook,,,"¡Seguimos uniendo fuerzas POR LA VIDA! Mis compañeros de Ilumán, Imbabura; me invitaron a conocer su junta de agua. Esta no sólo les provee de líquido vital, sino que es también una expresión de participación comunitaria. Al regresar a la capital, junto con la directiva de NEO ECUADOR acordamos trabajar en conjunto para darle al Ecuador un futuro de esperanza y dignidad. ",15,10,0,https://www.facebook.com/diegoborjapc/posts/pfbid031Xxdg9q6YxJxmrMdMni6jtqv2T76YmLdLSAFPjHT2BQCgeguGon7bdeyos8QKcxhl
social_media,facebook,,,"Willito es mi fuente de fuerza cada día. Con su amor incondicional, estamos listos para seguir trabajando por nuestro país.",12,2,1,https://www.facebook.com/reel/1691426924828029/
social_media,facebook,,,"Junto a José Vallejo, soy del Carchi 💙",18,2,0,https://www.facebook.com/reel/2057706424727739/
social_media,facebook,,,"Noboa, no. No es mi tesis, fue un debate entre economistas hace 25 años. Hoy tenemos que reparar el daño que ha hecho tu gobierno. Para eso vamos a fortalecer la economía y en eso el dólar es fundamental.",28,60,11,https://www.facebook.com/reel/979481700954858/
social_media,facebook,,,"🍎✨ Hoy celebramos a quienes nos enseñan más que solo letras y números. Gracias, maestros y maestras del Ecuador, por formar con amor, por sembrar futuro, por creer en cada estudiante. ¡Feliz Día del Maestro! 🇪🇨📚 ",106,19,6,https://www.facebook.com/mjpintoec/posts/pfbid0ByXpGPdjEAR7oZXGizLTehKaCsdgusKc5WZyU7aGtZe8bcip8LfBEPq1t2uVS2FLl
social_media,facebook,,,Gracias a todo el Ecuador por acompañarnos en este camino. Gracias por la fe y por ser parte de la esperanza que nos hace seguir luchando por un país más justo y digno.,1087,35,45,https://www.facebook.com/reel/689417273594970/
social_media,facebook,,,"Votar es más que un derecho, es un acto de amor por el país. Si eres joven, ¡anímate! Tu voz importa. Si puedes, acompaña a tus abuelitos, a tus papás, a quienes necesiten una mano para llegar. Hoy es el momento de estar juntos, de elegir con esperanza y con responsabilidad.",1028,52,26,https://www.facebook.com/reel/1177951766820478/
social_media,facebook,,,"Estamos viviendo uno de los momentos más importantes y emocionantes de nuestra historia. Cada oración, cada mensaje, cada muestra de fe y esperanza están llegando. Cada pedido hecho desde el corazón hará que este 13 de abril sea recordado como el día en que nos unimos para empujar al país hacia adelante. Gracias por cada video, cada foto, pero sobre todo… gracias por las oraciones. Porque llegan directo al corazón de nuestro líder, y de nuestra primera dama 💜. Y con ellas, también llega la fuerza de un Ecuador que no se rinde. ",5062,971,572,https://www.facebook.com/reel/3840737529405216/
social_media,facebook,,,"VENGANZA + IMPUNIDAD + GESTORES DE “PAZ” = VOLVER A EXPRIMIR A ECUADOR.🫥 Luchemos por un nuevo país, una nueva historia, enderecemos el rumbo juntos Tu cita: 13 de abril ",24479,8288,6237,https://www.facebook.com/reel/1522934001999331/
social_media,facebook,,,"MENSAJES QUE EMOCIONAN 🇪🇨🧬💜Desde la costa, pasando por la Amazonía, las montañas y hasta las ciudades más pequeñas, nos llegan mensajes.Ecuador está despierto, atento, con el corazón firme y los ojos abiertos.No se trata solo de ser veedor electoral.Se trata de ser ecuatoriano.De cuidar el voto, denunciar lo que no está bien, y defender lo que juntos estamos construyendo.Este 13 de abril elegimos escribir una nueva historia.",9249,514,1445,https://www.facebook.com/AdnEcuadorOk/videos/1196341178624197/
social_media,facebook,,,Estamos trabajando para todos ustedes.,10,3,1,https://www.facebook.com/reel/1194928301998244/
social_media,facebook,,,💙,17,4,1,https://www.facebook.com/reel/1356334798721675/
social_media,facebook,,,"Gracias a todos los ecuatorianos y ecuatorianas que hoy se expresan en las urnas por un Ecuador que avanza 🙌🏻🇪🇨💜 Con cada paso que damos, reafirmamos nuestro compromiso con el país. Votar es creer en el futuro y actuar con responsabilidad por nuestras familias, por nuestros niños y por el Ecuador que queremos ver crecer.",237,22,16,https://www.facebook.com/mjpintoec/posts/pfbid0Aiuc8rNhhW5vf7WWkrBVpoL5eDtsYgTKnt9D3kXn14YuET3qUx8hht9FDUiZQ2S6l
social_media,facebook,,,"🎬 ¡Porque no todo es seriedad! Aquí van unas joyitas del detrás de cámaras: risas, caras raras y mucho, mucho corazón. Sí, a veces nos equivocamos… ¡pero siempre seguimos pa' adelante con buena vibra! 😂🇪🇨 ",3950,72,179,https://www.facebook.com/reel/1006559904405118/
social_media,facebook,,,"Las raíces de mi bisabuelo me recuerdan que la lucha no es solo un eco del pasado, sino una fuerza que me impulsa a seguir adelante hoy.",25,28,1,https://www.facebook.com/reel/646030488132978/
social_media,facebook,,,Juntos vamos por el cambio. 💪🏼,18,8,2,https://www.facebook.com/reel/4056362774689076/
social_media,facebook,,,Ibarra,13,3,1,https://www.facebook.com/diegoborjapc/posts/pfbid0nTH8EgE2SWj9cjDFqSqqKVdFEMXNJdZdRK2NfaYKaUWjXRN9SKYWG8tPWsiAmPesl
social_media,facebook,,,Por más Juan 🧬🇪🇨😎,1132,55,110,https://www.facebook.com/AdnEcuadorOk/posts/pfbid0rCPVFadz3EzgFJru79CZ66T48USRxsSyFw1FbjAcdcZcesb1Xu57YWpUzfbUtnf7l
social_media,facebook,,,"𝐄𝐬𝐜𝐫𝐢𝐛𝐢𝐫 𝐮𝐧𝐚 𝐧𝐮𝐞𝐯𝐚 𝐡𝐢𝐬𝐭𝐨𝐫𝐢𝐚 𝐬𝐢𝐠𝐧𝐢𝐟𝐢𝐜𝐚 𝐚𝐭𝐫𝐞𝐯𝐞𝐫𝐧𝐨𝐬 𝐚 𝐞𝐧𝐝𝐞𝐫𝐞𝐳𝐚𝐫 𝐞𝐥 𝐫𝐮𝐦𝐛𝐨, 𝐞𝐦𝐩𝐞𝐳𝐚𝐧𝐝𝐨 𝐩𝐨𝐫 𝐞𝐥 𝐩𝐫𝐞𝐬𝐞𝐧𝐭𝐞.🇪🇨🧬 Significa construir un Ecuador donde la prosperidad no sea de quienes llegan al poder a robar ni a garantizar impunidad a sus amigos corruptos. Un Ecuador donde quien trabaja no tenga que esconderse. Donde quien sueña no tenga que huir. Un Ecuador donde no existan los llamados “gestores de paz” que amenazan y arrodillan al país frente a la delincuencia. Donde no se disfracen de mediadores quienes en realidad pactan con mafias. Donde la democracia no se negocie, se defienda. Porque escribir una nueva historia no es solo una promesa, es una decisión colectiva. Y el momento es ahora, Ecuador.",22398,1759,2926,https://www.facebook.com/AdnEcuadorOk/posts/pfbid02g9XrKV5Y4Ui6ouwkG4xdAetBww7pokEGZNToBxUZMHmUWiGRUy4q6ZwWahU9U84pl
social_media,facebook,,,🌉 El 5to puente de Guayaquil es prueba clara de que seguimos avanzando y cumpliendo nuestras promesas 🇪🇨✅ ,4346,462,1527,https://www.facebook.com/AdnEcuadorOk/videos/1025192976243623/
social_media,facebook,,,"Acompañé a mi hijo mayor en un momento muy especial: su primera vez votando. Tiene 17 años y, aunque su voto no es obligatorio, decidió ser parte activa del país que sueña. Que orgullos saber que los jóvenes también levanten la mano, participen y hagan oír su voz.",5910,109,328,https://www.facebook.com/reel/492142900530813/
social_media,facebook,,,"Hoy, en el Domingo de Ramos, nos reunimos en comunidad con esperanza y fe para pedir por un Ecuador unido, lleno de paz y oportunidades para todos. Es un día para reflexionar sobre lo que somos capaces de lograr cuando trabajamos juntos, sin importar las diferencias. Que esta jornada nos inspire a seguir adelante con la fuerza y unidad que necesitamos para construir el país que soñamos. 🌿✨",7941,207,434,https://www.facebook.com/reel/1014711463942021/
social_media,facebook,,,"Hoy es el día en que decidimos mirar al futuro y creer en lo que somos capaces de lograr. Seguimos construyendo un país con más oportunidades, más seguridad y más trabajo para todas las familias. El futuro empieza hoy… y lo vamos a caminar juntos, paso a paso, como un solo Ecuador. ",160,34,16,https://www.facebook.com/reel/1822747811906288/
social_media,facebook,,,"Mañana es un día clave para nuestro país. Gracias por todo el apoyo y el cariño. Si mañana sales a votar, y puedes llevar una botellita de agua, un chocolate o un pequeño detalle, llévalo para los voluntarios de las Juntas Receptoras del Voto. Ellos estarán ahí todo el día cuidando nuestro voto, ayudando a que todo funcione. Aunque ya tienen alimentación, un gesto así siempre suma. Porque construir el Ecuador que soñamos también es cuidar a quienes hacen posible la democracia. ",1766,92,137,https://www.facebook.com/reel/1171824154628157/
social_media,facebook,,,"💜 ¡Gracias, Machachi! Nos llevamos su cariño, su fuerza y su fe en un Ecuador mejor. ¡Qué lindo caminar con ustedes! ",437,49,38,https://www.facebook.com/mjpintoec/posts/pfbid0UzaDVLZufpFpai1Gkrkau9yDG1kEvWDFPiAJTc95gzbwYxisxAf1ychw1W88cwocl
social_media,facebook,,,"🏭 ¡Con la industria, construimos el futuro del Ecuador! 🇪🇨✨ Nos reunimos con el sector industrial para avanzar en propuestas reales que impulsen empleo, innovación y desarrollo sostenible. ¡Gracias por abrirnos las puertas, por la visión compartida y las ganas de transformar el país desde la producción! 💪🔧 ",79,11,7,https://www.facebook.com/mjpintoec/posts/pfbid02rVRY4jqZbRaB5KhFLeqWaUn1mgAvAUG4wjV1YNkndGmpwjwfRppF55kim6rKWUjbl
social_media,facebook,,,Hoy amanecí soñando ¿Y ustedes?,16,1,2,https://www.facebook.com/reel/631498783179997/
social_media,facebook,,,"Volver a Ibarra siempre me llena de nostalgia, me recuerda aquellos momentos de juventud. Cada regreso es un recordatorio de lo que fui y lo que siempre será parte de mí.",22,3,0,https://www.facebook.com/reel/2123187008198564/
social_media,facebook,,,Hoy estamos en Ibarra💙 ,22,2,3,https://www.facebook.com/reel/1159274742342702/
social_media,facebook,,,"Cada vez falta menos, cada vez la esperanza invade todo el territorio ecuatoriano. ¿Tú también estas emocionado? ",78,4,9,https://www.facebook.com/reel/666122789449969/
social_media,facebook,,,"Lo mejor son ustedes, cada abrazo, cada historia. ",2124,31,60,https://www.facebook.com/reel/1225152635616762/
social_media,facebook,,,"¡Sueña lindo Ecuador! Soñemos juntos con una realidad mejor, con oportunidades para todos y sobre todo justicia y equidad. ",271,12,18,https://www.facebook.com/reel/2563396804003045/
social_media,facebook,,,"Son los jóvenes quienes recibirán el Ecuador que estamos construyendo, por eso es importante construirlo con ellos, con sus ideas y sueños. Gracias por formar parte del de . ",172,7,42,https://www.facebook.com/reel/1310523173382673/
social_media,facebook,,,"Es gracias a las mentes jóvenes que los países alcanzan desarrollo y, en Ecuador tenemos todo el potencial y talento, solo hace falta oportunidades. Nosotros vamos a crear esas oportunidades dignas para todos. ",172,6,58,https://www.facebook.com/reel/2412340465783345/
social_media,facebook,,,¡Vamos para adelante! ... Todos juntos vamos a hacer posible esta realidad. ,1251,44,46,https://www.facebook.com/reel/1210802397713372/
social_media,facebook,,,"Ya no falta nada, mañana vamos con el corazón lleno de esperanza. Gracias Ecuador, esto apenas empieza. ",127,25,18,https://www.facebook.com/mjpintoec/posts/pfbid0ZKRqnsCE8n4HG3Q5YMLKDpHFrqbwkzesRDjUdgdaPkKCfaCm8NYyJZ7hwZAfhRXFl
social_media,facebook,,,"😂🎬 Cuando intentas ser seria, pero la vida dice: ¡JA! 🎬😂 ",1190,29,82,https://www.facebook.com/reel/1841078470050493/
social_media,facebook,,,"Volvamos a confiar en nuestro país, en nosotros mismo y en nuestra gente. ",62,2,2,https://www.facebook.com/reel/534337623068697/
social_media,facebook,,,"En Tabacundo, reafirmamos el compromiso de con los empresarios y productores. Ese es mi compromiso ponerme al frente pero trabajar de su mano. ",135,12,12,https://www.facebook.com/reel/691600453375402/
social_media,facebook,,,"Un cafecito, buenas conversaciones y muchas ideas. Gracias a los jóvenes que se sumaron a este coffee party para compartir, escuchar y soñar en grande. Porque cuando nos juntamos, nacen cosas increíbles. ¡Seguimos conectando con la gente, con el corazón y con el Ecuador que queremos! ",43,1,2,https://www.facebook.com/reel/1168782474731054/
social_media,facebook,,,"☕✨ Un cafecito, ideas frescas y pura energía juvenil. Gracias a los panas que se sumaron al para compartir sueños, hablar sin filtros y construir juntos el Ecuador que nos merecemos. ¡Con ustedes, todo es posible! ",683,32,40,https://www.facebook.com/mjpintoec/posts/pfbid02TGRgZ2wK5nvLTy3bAJTA6mnZ4W56tpPpjoqeh1g9LAiM7RJTHu3neSViKA1a1GSzl
social_media,facebook,,,¡Faltan solo 2 días! ... sabemos que todos lo corazones laten con el de .,55,19,4,https://www.facebook.com/mjpintoec/posts/pfbid02sqwpJTVX6BMbJYz9Wqn5RWjvHDhKjhbDMYRB9bY47YAbAaRZFoeUAHdSLFdhFGCSl
social_media,facebook,,,"Son más que porcentajes, son más que cifras, son niños 5000 niños que rescatamos de la desnutrición crónica infantil. ",93,8,4,https://www.facebook.com/mjpintoec/posts/pfbid029qaTK97N6WLsjzRFq1b8Fr5bJGSsPz7iD4wJeYpjjWwKdJFFnAvJq6WLJzPZgN6hl
social_media,facebook,,,"Cree, trabaja, logra, es nuestra forma de hacer las cosas. ",223,19,19,https://www.facebook.com/mjpintoec/posts/pfbid0fTTGJKzQnB8nVrmfpEPqWSKDzbYN5vEXTftvqturat2CftpGaFATEpYoSkFHj6akl
social_media,facebook,,,"💥 El Dream Team no se encuentra, ¡se construye! 💡 Convicción, visión y . ¡Vamos con todo! 🚀 ",195,15,7,https://www.facebook.com/reel/1163108032231367/
social_media,facebook,,,"🇪🇨✨ ¡Pedro Moncayo, gracias de corazón! ✨🇪🇨 Sentir su cariño, su esperanza y su fe en un mejor Ecuador nos llena de fuerza para seguir adelante. Juntos, construimos el país que soñamos. ¡Vamos con todo! ",141,21,17,https://www.facebook.com/mjpintoec/posts/pfbid0R1V43FuhQEJ63qUiJ9kNLqUYqox2rKiFdr1M9KwDwbzMJZxj92R5ykuif4CRYJc8l
social_media,facebook,,,"Gracias, Guayaquil Gracias por tanto cariño, por estar presentes, por creer en un Ecuador que avanza con fuerza, con alegría y con esperanza. Cada abrazo, cada sonrisa y cada palabra de aliento nos recuerdan por qué hacemos esto. Seguimos firmes, construyendo un país de oportunidades para todos. Gracias por confiar en Daniel Noboa. Gracias por caminar junto a nosotros. ¡Vamos para adelante, Ecuador! ",236,34,20,https://www.facebook.com/mjpintoec/posts/pfbid0xLrFHrTGQ95x1KPyjSiWyEDvr4cRTLT9QwgYW2Xrdym4GnTm9wbVDq4VmHkLSVRal
social_media,facebook,,,"Este camino lo recorremos con ustedes. Gracias, Guayaquil, por abrirnos las puertas y el corazón. Nos vamos llenos de energía, de esperanza y con más ganas que nunca de seguir construyendo un Ecuador con oportunidades para todos. ",358,60,26,https://www.facebook.com/mjpintoec/posts/pfbid0kMwpWH5KBZHBSMiZFygFYS9dwJ6wze6Et3Gorz9exht7snrpsSqyfSiqpPaWtWnJl
social_media,facebook,,,"Gracias por confiar, por creer y por acompañarnos en este camino. Hoy, sus voces llenas de experiencia nos recuerdan que el futuro se construye de la mano de todas las generaciones. Nuestros mayores ya dieron todo por este país, ahora nos toca a nosotros seguir su ejemplo y seguir adelante. ¡Vamos juntos, Ecuador! ",778,30,26,https://www.facebook.com/reel/1011325601092403/
social_media,facebook,,,"Guayaquil, gracias por todo el cariño. Cada abrazo, cada sonrisa y cada palabra de aliento nos llena de fuerza para seguir trabajando por el Ecuador que soñamos. ¡Vamos para adelante, con ustedes y por ustedes! ",146,8,5,https://www.facebook.com/reel/1810505136540997/
social_media,facebook,,,"Bonito, ¿verdad? 🇪🇨💜 ",102,3,4,https://www.facebook.com/reel/9237089759734810/
social_media,facebook,,,Tribunal Contencioso Electoral,41605,0,0,
social_media,facebook,,,Consejo Nacional Electoral del Ecuador | Quito,415589,0,0,
social_media,facebook,,,RedAlfamed,771,0,0,
social_media,facebook,,,Datalat | Quito,4222,0,0,
social_media,facebook,,,Misión de Observación Electoral de la Unión Europea - MOE UE Ecuador 2025 | Quito,725,0,0,
social_media,facebook,,,Revista Economía y Política,1782,0,0,
social_media,facebook,,,HL7 Ecuador | Quito,246,0,0,
social_media,facebook,,,Movimiento Autónomo y Asociativo de Ecuatorianos en el Exterior,22216,0,0,
social_media,facebook,,,Christian Meléndez,761,0,0,
social_media,facebook,,,GAD Municipalidad de Ambato | Ambato,150454,0,0,
social_media,facebook,,,Voto LGBT+ Ecuador - Un acuerdo por la Igualdad democrática | Quito,1428,0,0,
social_media,facebook,,,Comité Consultivo de Jóvenes de la Unión Europea en Ecuador,238,0,0,
social_media,facebook,,,Grupo Cid | Quito,211,0,0,
social_media,facebook,,,Doctorado en Estudios Políticos Flacso Ecuador,4218,0,0,
social_media,facebook,,,Global Shapers Quito Hub,6015,0,0,
social_media,facebook,,,Asociación Estudiantil FCHE,4577,0,0,
social_media,facebook,,,Guillermo Lasso,1290868,0,0,
social_media,facebook,,,Go Social Suite,2709,0,0,
social_media,facebook,,,Instituto de la Democracia,4307,0,0,
social_media,facebook,,,JRE Ecuador,51650,0,0,
social_media,facebook,,,Ecuador Chequea | Quito,20660,0,0,
social_media,facebook,,,Embajada de Suiza en Ecuador | Quito,8203,0,0,
social_media,facebook,,,Taiwan en Ecuador | Quito,4192,0,0,
social_media,facebook,,,Ecuador Decide - FARO,12814,0,0,
social_media,facebook,,,Estado Abierto Ecuador,3945,0,0,
social_media,facebook,,,CNE - Delegación Provincial Electoral Galápagos | Puerto Baquerizo Moreno,2122,0,0,
social_media,facebook,,,Consulado del Ecuador en Washington D.C. | Washington D.C. DC,2041,0,0,
social_media,facebook,,,Red Ecuatoriana de Ciencia Regional RECIR,842,0,0,
social_media,facebook,,,CNE - Delegación Provincial Electoral El Oro | Machala,11161,0,0,
social_media,facebook,,,Consulado General del Ecuador en Barcelona,114097,0,0,
social_media,facebook,,,RedCONARE | San José,1978,0,0,
social_media,facebook,,,Apolita Consulting,341,0,0,
social_media,facebook,,,CIESPAL | Quito,35340,0,0,
social_media,facebook,,,Ana Belén Cordero,197,0,0,
social_media,facebook,,,"Política, Análisis de Redes y Big Data | Quito",223,0,0,
social_media,facebook,,,Ciencias Políticas Flacso | Quito,6917,0,0,
social_media,facebook,,,U-Report Ecuador,0,0,0,
social_media,facebook,,,CNE - Delegación Provincial Electoral de Pichincha | Quito,9675,0,0,
social_media,facebook,,,Consulado del Ecuador en Londres / Consulate of Ecuador in London | London,8474,0,0,
social_media,facebook,,,MCP Ecuador - Oficial,0,0,0,
social_media,tiktok,2026-01-18 00:03:37+00:00,wilsonzebede,Este es solo el inicio de la “publicidad artificial” 🤖 ,511,56,15,https://www.tiktok.com/@wilsonzebede/video/7596485490862214411
social_media,tiktok,2025-11-08 14:52:31+00:00,soymaulozano,"Se repite en 2025: ANUNCIO DE COCA-COLA CREADO 100% CON IA 👀 A pesar de ser una movida muy controvertida, Coca cola creo nuevamente su icónico anuncio navideño usando inteligencia artificial. Las opiniones están divididas, pero ¿tú qué opinas? ",49200,993,974,https://www.tiktok.com/@soymaulozano/video/7570367464140213535
social_media,tiktok,2025-02-15 23:07:14+00:00,brainet_ia,"Cómo Usar Inteligencia Artificial 🤖 para Publicidad 📢 y Crear Anuncios que Venden Más 💰 en 2025 🚀 Descubre cómo usar IA como Runway 🤖, ChatGPT 💬 y Zapier 🔗 para crear anuncios virales y aumentar tus ventas 📈 en 2025. ¡Transforma tu publicidad con IA! ",31,7,6,https://www.tiktok.com/@brainet_ia/video/7471786353533947142
social_media,tiktok,2025-05-30 15:02:04+00:00,charisu2017,"Cuando una simple publicidad cobra vida... 🧠✨ Gracias a la IA, ya nada es solo un cartel. ¡El futuro del contenido está aquí! # ",7,4,8,https://www.tiktok.com/@charisu2017/video/7510254044053654815
social_media,tiktok,2025-09-11 00:00:00+00:00,helpiere,Creé y automaticé un anuncio completo en menos de 30 segundos usando solo IA. 🤯 Así se ve la publicidad en 2025. ,3,0,0,https://www.tiktok.com/@helpiere/video/7547057341825289528
social_media,tiktok,2025-12-08 14:27:26+00:00,norva.ia,"COMERCIAL DA COCA COLA FEITO 100% COM IA A Coca investiu em inteligência artificial para criar a campanha de Natal de 2025, mas deixou a parte mais importante de lado: as pessoas. Você gostou da nova versão ou prefere os comerciais antigos? . . ",139800,1169,1879,https://www.tiktok.com/@norva.ia/video/7581493627768081672
social_media,tiktok,2025-01-15 00:50:02+00:00,sirmateoabrego,🍾 Anuncios Más Rentables Con IA😯 La Tendencia del 2025! ,12,1,0,https://www.tiktok.com/@sirmateoabrego/video/7459938120935509253
social_media,tiktok,2025-09-06 16:17:34+00:00,thedataprime,"✨ Spoiler: este anuncio no fue magia… 🔥 Fue inteligencia artificial. El reto ya no es qué publicar, sino cómo aprovechar esta nueva realidad. 🚀 ¿Ya estás listo para dar el salto? ",96,7,1,https://www.tiktok.com/@thedataprime/video/7547011085103123718
social_media,tiktok,2025-08-07 03:31:31+00:00,halanburrola,"🚀 IA, automatización y publicidad inteligente están marcando la evolución del marketing digital en 2025. 🔹 Grok IA (de xAI) permite automatizar campañas con análisis predictivo y creatividad adaptativa. 🔹 LinkedIn Ads lanza First Impression Ads, integra Adobe Express y ahora mide ingresos en tiempo real con datos de CRM. 🔹 Google Ads y Microsoft Advertising potencian métricas predictivas, remarketing y visualización sin código. 🔹 Según IAB, el 90 % de anunciantes usará IA generativa en video para 2026. 📊 La tendencia es clara: campañas más personalizadas, automatizadas y centradas en resultados reales. ➡️ En B2B, LinkedIn sigue siendo el canal con mayor retorno: 80 % de los leads sociales provienen de ahí. ¿Ya estás aplicando alguna de estas tecnologías? ¿Tu equipo domina las nuevas herramientas? ",6,0,0,https://www.tiktok.com/@halanburrola/video/7535681115365887238
social_media,tiktok,2025-11-06 06:18:21+00:00,wixariartdigital,Coca‑Cola repite jugada: anuncio navideño 2025 hecho con IA en solo 1 mes. ¿Innovación o pérdida de magia? 🚚🎅✨ Comenta: IA o Humano. ,82,16,29,https://www.tiktok.com/@wixariartdigital/video/7569492804812983564
social_media,tiktok,2025-06-20 08:00:00+00:00,eskimoz.es,"🚨 Google lanza AI Max para campañas de búsqueda en Q3 2025. Una suite de IA que automatiza todo: segmentación, creatividades y pujas. Menos control, más velocidad… ¿pero estás listo para eso? Empieza a probarla antes de que sea obligatorio. ",7,1,0,https://www.tiktok.com/@eskimoz.es/video/7516918277092789526
social_media,tiktok,2024-12-18 13:04:23+00:00,estevao.soares,"⬇️ Mais dicas na legenda O uso da IA para otimizar os anúncios segue como uma grande tendência para 2025, segundo a . Se você estava aguardando o momento em que a IA faria o ""trabalho duro” para você poder focar no conteúdo criativo e na estratégia, essa hora chegou! Imagine só todo o poder do algoritmo da Meta trabalhando a seu favor, bem incrível né? As Campanhas de Compra Advantage+ (ASC) utilizam todo o potencial da IA da Meta para encontrar um público qualificado (e comprador) para sua marca. Por meio da automação e uso da IA em múltiplas camadas, ela utiliza toda a inteligência adquirida na plataforma para entregar para você (anunciante) o melhor resultado em vendas. 📈 Performance baseada em dados: Um estudo realizado no início deste ano revelou que, ao utilizarem os recursos de segmentação baseados em IA nas Campanhas de Compras Advantage+ (parte da suíte Meta Advantage), os anunciantes da América Latina alcançaram um aumento de 17% no retorno sobre o investimento em anúncios em nossas plataformas, registrando uma média de US$ 3,41 por dólar investido. É importante lembrar que essa campanha é ideal para automatizar todo o fluxo de campanha e reduzir drasticamente o tempo que você precisa para gerenciá-la. Se você ainda não testou uma campanha Advantage+ para aquisição de novos clientes, essa é uma ótima oportunidade. 💬 E se você quer ficar por dentro das outras principais tendências de marketing digital para 2025, meus colegas , e também prepararam conteúdos inéditos para guiar suas estratégias no próximo ano! ",556,67,47,https://www.tiktok.com/@estevao.soares/video/7449736984785915141
social_media,tiktok,2025-11-16 20:36:03+00:00,shalomsanchez_17,SAL DE HAY MARIAAA🗣️🔥 | 🇪🇨 ,235700,52600,533,https://www.tiktok.com/@shalomsanchez_17/video/7573424725792148757
social_media,tiktok,2025-04-07 16:28:04+00:00,lupamedia,"🔍 | 🔴📺 Noticieros falsos con IA: la nueva estrategia de desinformación electoral 🕵️‍♂️ Durante la campaña en Ecuador 🇪🇨, la inteligencia artificial se ha convertido en un arma para manipular a los votantes. Lupa Media ha identificado al menos 15 reportajes alterados con deepfake, donde periodistas y noticieros son falsificados para difundir desinformación. 🚨 ¿Cómo funciona esta estrategia? 🎭 Hacen que presentadores digan cosas que nunca dijeron. 📰 Manipulan barras informativas y gráficos de noticieros reales. 🤖 Crean noticias falsas con avatares de IA. 📡 ¿El objetivo? Confundir, desacreditar y manipular la opinión pública. ⚠️ ¡No te dejes engañar! Si la noticia te genera miedo o enojo, duda... ¡verifica! 🎥 Revisa el explicativo completo en lupa.com.ec ",87,13,0,https://www.tiktok.com/@lupamedia/video/7490608838287166726
social_media,tiktok,2025-04-11 17:03:49+00:00,usuariosdigitales,"⚠️ ALERTA - 11 Abril 2025 Abuso de la Inteligencia Artificial 🤖 🤝 APOYO a candidato Vídeo sintético generado con IA Vídeo original: vm.tiktok.com/ZMBVUxrpk/ Denuncia el uso de Inteligencia Artificial en elecciones, si dudas de la veracidad de un vídeo, audio o imagen es posible que haya sido manipulado con IA, escríbenos para denunciarlo ",25,1,2,https://www.tiktok.com/@usuariosdigitales/video/7492102386119462150
social_media,tiktok,2025-01-07 02:26:05+00:00,raycolumna,nan,96000,26500,10500,https://www.tiktok.com/@raycolumna/video/7456994188425710894
social_media,tiktok,2025-04-13 19:59:10+00:00,novedades.y.algo, with Noticias Momento en que el presidente de Ecuador Daniel Noboa ejercio su derecho al voto 🇪🇨 ,3,0,0,https://www.tiktok.com/@novedades.y.algo/video/7492889643071933738
social_media,tiktok,2025-04-06 15:50:34+00:00,ecuavisa.noticias, 📰 | El 13 de abril en se celebrará la segunda vuelta de las 🗳 para elegir al siguiendo Presidente de la República. 🎙 Te contamos todo lo que debes saber sobre el sufragio.,306,22,10,https://www.tiktok.com/@ecuavisa.noticias/video/7490228092699561221
social_media,tiktok,2025-03-14 13:39:55+00:00,renzhowproductions,"ENCUESTA CATALUÑA Elecciones Ecuador 2025 Segunda parte, se continuará con la encuesta hasta completar el 100% de encuestados. Vamos en 25% ",2229,78,874,https://www.tiktok.com/@renzhowproductions/video/7481659454866459926
social_media,tiktok,2025-02-09 12:59:26+00:00,eldatoecua,"🌐 | ¡ECUADOR DECIDE 2025! “INVITAMOS A LA CIUDADANÍA QUE ACUDA A VOTAR PORQUE LE DA LEGITIMIDAD AL PROCESO” “Esperamos que al final gane la democracia y los candidatos acepten que el pueblo ecuatoriano los eligió para gobernar en los próximos cuatro años”, manifestó la presidenta del Consejo Nacional Electoral, Diana Atamaint. ",246,10,235,https://www.tiktok.com/@eldatoecua/video/7469403212366351621
social_media,tiktok,2025-04-08 11:38:08+00:00,makrodigitaltv,"1️⃣ CNE entregó los resultados oficiales de asambleístas electos. 📊🗳️ 2️⃣ Cuenta regresiva para la segunda vuelta electoral en Ecuador. ⏳🇪🇨 3️⃣ Alta volatilidad en bolsas de valores tras los nuevos aranceles impuestos por Donald Trump. 📉🌍 🔴 No te pierdas todos los detalles con Priscila Romero en MakroNoticias, por , con el auspicio de . 📺🗞️",29,1,1,https://www.tiktok.com/@makrodigitaltv/video/7490904941347867950
social_media,tiktok,2024-04-14 18:59:36+00:00,deysitoledo83, 🇪🇨 🇪🇨 🇪🇨🌏💫 ,33,5,18,https://www.tiktok.com/@deysitoledo83/video/7357799408194424070
social_media,tiktok,2025-03-12 10:45:19+00:00,renzhowproductions,"ENCUESTA CATALUÑA Elecciones Ecuador 2025 Primera parte, se continuará con la encuesta hasta completar el 100% de encuestados.",72,4,24,https://www.tiktok.com/@renzhowproductions/video/7480872298698886422
social_media,tiktok,2025-04-04 18:13:14+00:00,profe.ec,Luisa González 🇪🇨 🇪🇨🌏💫 💜💜 Atahualpa,3825,1322,609,https://www.tiktok.com/@profe.ec/video/7489522681172348215
social_media,tiktok,2024-04-30 11:47:52+00:00,quemasjo,Realiza tu cambio de domicilio hasta el 11 de mayo para que puedas votar en las Para mayor información ,5956,4081,260,https://www.tiktok.com/@quemasjo/video/7363625449034976554
social_media,tiktok,2025-01-21 21:50:51+00:00,narcisa_saltos,Te esperamos con ansias 😍♥️🤭 González 🇪🇨 🇪🇨🌏💫,236800,18500,1731,https://www.tiktok.com/@narcisa_saltos/video/7462489546735848710
social_media,tiktok,2025-04-10 21:46:12+00:00,lechuzatv, 🇪🇨 ,17000,2471,281,https://www.tiktok.com/@lechuzatv/video/7491804084601769221
social_media,tiktok,2024-03-13 01:33:01+00:00,backgroundstudiosec,"Cromo de álbum, momentos humildes y memes, identifican a varios de los precandidatos a la presidencia del Ecuador para el 2025. 📸🇪🇨 Faltan once meses y el ambiente electoral ya se siente. ⏳ Si eres ecuatoriano y tienes 35 años de edad, tú también puedes ser candidato a la presidencia en el 2025. ¿Te animas? 🤔 ",4173,415,597,https://www.tiktok.com/@backgroundstudiosec/video/7345654987122281733
social_media,tiktok,2025-04-14 04:23:14+00:00,periodistakatiuskacoral,Elecciones 2025🇪🇨 🇪🇨,45,0,0,https://www.tiktok.com/@periodistakatiuskacoral/video/7493019634380098871
social_media,tiktok,2024-05-09 19:40:15+00:00,la5pata_ec,"¡Pilas, 3 días para cambio de domicilio electoral! 🗳️ 🇪🇨",10400,5732,252,https://www.tiktok.com/@la5pata_ec/video/7367087015466241286
social_media,tiktok,2025-03-24 20:22:45+00:00,3banderas,Elecciones Ecuador 2025 🇪🇨😤✍🏽 ,3419,474,176,https://www.tiktok.com/@3banderas/video/7485474005261061419
social_media,tiktok,2024-05-04 23:09:44+00:00,intiyumbaytaris,"Se desarrolló la Asamblea Provincial en el Movimiento Alianza Social MAS, Lista 63, hemos elegido nuestra nueva directiva en un proceso democrático. ¡Felicitaciones a los líderes electos! 🗳️🇪🇨 ",146,2,2,https://www.tiktok.com/@intiyumbaytaris/video/7365285556001000709
social_media,tiktok,2024-04-24 20:33:06+00:00,teleamazonasec,"🗳️🏠Si no alcanzaste a cambiar tu domicilio en esta consulta, ya puedes hacerlo para las elecciones del 2025 cómo y hasta cuando ",8808,6738,158,https://www.tiktok.com/@teleamazonasec/video/7361534345770765573
social_media,tiktok,2024-08-14 18:04:33+00:00,la5pata_ec,¡Electores ya están habilitados para las elecciones 2025!‼️👀🚨 🇪🇨 ,1934,92,23,https://www.tiktok.com/@la5pata_ec/video/7403057598271917317
social_media,tiktok,2025-04-13 17:53:17+00:00,sebastiansant27,Elecciones 2025 ,240,15,45,https://www.tiktok.com/@sebastiansant27/video/7492857315507358982
social_media,tiktok,2024-06-29 15:02:26+00:00,ladefensaec,"2025. La presencia permanente de Rafael Correa en las campañas le pasa factura al movimiento político. Augusto Verduga es uno de los nombres, pero ataca a la prensa. Y eso ya no pega. Mira nuestro Análisis a Contralanza. ",2045,65,462,https://www.tiktok.com/@ladefensaec/video/7385940769988693254
social_media,tiktok,2025-02-09 23:30:36+00:00,ferrxho,elecciones presidencia Ecuador 2025 🇪🇨 ,198,4,21,https://www.tiktok.com/@ferrxho/video/7469565865155956023
social_media,tiktok,2025-02-06 05:16:00+00:00,raycolumna,Elecciones presidenciales de Ecuador 2025 🇪🇨🌏💫 🇪🇨en🔵usa🇺🇲 🇮🇹🇪🇨🌎 ,297,40,56,https://www.tiktok.com/@raycolumna/video/7468170378859253034
social_media,tiktok,2025-04-14 18:35:18+00:00,christiangalz, solo esperando que toque el timbre para sellar jajajja,1338,45,21,https://www.tiktok.com/@christiangalz/video/7493239217452092678
social_media,tiktok,2025-03-30 05:08:18+00:00,notiecuadoroficial, González Correa Delgado Lasso,11,0,0,https://www.tiktok.com/@notiecuadoroficial/video/7487464971501112581
social_media,tiktok,2024-06-30 13:48:35+00:00,cnegobec,📌 Organizaciones políticas 🇪🇨 inscribieron a sus auditores para las . 🗳️ Conoce más de las actividades desarrolladas en nuestro 📽️,11,1,0,https://www.tiktok.com/@cnegobec/video/7386292819415059718
social_media,tiktok,2024-04-28 13:02:16+00:00,visionlatina.it,ABIERTOS LOS EMPADRONAMIENTOS HASTA EL 11 DE MAYO🇪🇨 ¡Vota más 🗳️ cerca de tu hogar en las ! 🌐 Inscribete de manera presencial o virtual Sigue este tutorial y actualiza tu Domicilio Electoral 🏠 para las .⤵️ 👉🏾 Gracias por su aporte,2297,44,9,https://www.tiktok.com/@visionlatina.it/video/7362902502871764256
social_media,tiktok,2025-02-16 00:22:57+00:00,tvdigitalguaraca2,"ATENCIÓN || El excandidato presidencial de Pachakutik, Leonidas Iza, que quedó en tercer lugar en las elecciones con el 5,23% , más de 535 mil votos, en X d3nunció que el gobierno de Daniel Noboa adeuda cinco meses de pagos a miles de familias proveedoras del Estado del sector de la Economía Popular y Solidaria = =s ⁃ ",11,0,3,https://www.tiktok.com/@tvdigitalguaraca2/video/7471805786432277803
social_media,tiktok,2025-01-14 21:01:21+00:00,equilibripolitico,Elecciones Presidenciales Ecuador 2025,140,14,37,https://www.tiktok.com/@equilibripolitico/video/7459879183909408006
social_media,tiktok,2024-06-24 15:37:03+00:00,tiemporeal_ec,"🚨. | ❌ Mientras la presidenta de la busca puentes para la Unidad de Izquierdas con miras a las próximas elecciones presidenciales 2025. ❌ El exmandatario acaba de dinamitar cualquier intento de alcanzar acuerdos políticos para enfrentar a la derecha. ❌ Al presidente de la lo llama limitado. ❌ A Pedro Granja del partido lo califica de nocivo por quien está atrás de esta agrupación, Enrique Ayala Mora es un delincuente. ❌ Jorge Escala de la Unidad Popular que ha destrozado la educación del ❌ Cree que hay alianzas que no suman, que restan. ✅ ",836,27,323,https://www.tiktok.com/@tiemporeal_ec/video/7384094255775632646
social_media,tiktok,2025-04-12 11:31:30+00:00,eli_yung,Todas las casas de apuestas Luisa es la Favorita por más de 60% ,2341,341,197,https://www.tiktok.com/@eli_yung/video/7492387840811142455
social_media,tiktok,2025-01-05 18:05:36+00:00,tapayelizabeth, de ,9,0,1,https://www.tiktok.com/@tapayelizabeth/video/7456494118248762629
social_media,tiktok,2024-03-07 17:58:54+00:00,bender_rodriguezec, % ,175,13,26,https://www.tiktok.com/@bender_rodriguezec/video/7343682539308993797
social_media,tiktok,2023-11-17 16:16:11+00:00,geovannyguzman15,¡LA PRE CANDIDATA DE LA REVOLUCIÓN CIUDADANA! Pierina Correa informó que González será la precandidata por la Ciudadana para las ▶️ Ec,70,0,12,https://www.tiktok.com/@geovannyguzman15/video/7302465608371916038
social_media,tiktok,2025-03-15 20:38:30+00:00,josuemunozmoreno25,Nueva orden del CNE para las votaciones de abril 2025 en Ecuador 🇪🇨en🔵usa🇺🇲 ,1844,201,456,https://www.tiktok.com/@josuemunozmoreno25/video/7482138338539900202
social_media,tiktok,2025-02-09 17:11:28+00:00,cruz.por.el.mundo,ELECCIONES ECU 2025 🇪🇨,22,5,5,https://www.tiktok.com/@cruz.por.el.mundo/video/7469468179018812674
social_media,tiktok,2025-07-05 13:28:38+00:00,majonews1,07/05/25 ,96,3,2,https://www.tiktok.com/@majonews1/video/7523589029741284638
social_media,tiktok,2026-01-19 23:54:40+00:00,preparador_mariob,"Para nadie es un secreto lo escalofriante que fue 2025 para los migrantes latinos en Estados Unidos. Miedo, incertidumbre y desinformación estuvieron en todas partes… 👉 pero lo que casi nadie está diciendo es esto: en medio del caos, se abrieron oportunidades reales que están beneficiando a miles de personas. ⚠️ Hoy estamos viendo algo histórico: ✅ Green Cards por matrimonio aprobándose en tiempo récord ✅ Casos VAWA avanzando en semanas, no meses ✅ Asilos ganados en menos de 6 meses 📌 El sistema cambió. 📌 Los tiempos cambiaron. 📌 Y el momento importa más que nunca. Si sientes que tienes un buen caso, no lo dejes pasar. A veces, el peor año trae las mejores ventanas de oportunidad. ⏳⚖️ 📲 978 406 2321 🚫 No asesoría legal 🇺🇸 ",14,1,0,https://www.tiktok.com/@preparador_mariob/video/7597225234034461965
social_media,tiktok,2025-12-19 15:54:30+00:00,ab0n1c0kk,Desinformacion ,3,0,0,https://www.tiktok.com/@ab0n1c0kk/video/7585598000454536504
social_media,tiktok,2025-12-17 23:00:00+00:00,politijero,"Se denunció una campaña de desinformación dirigida a desacreditar la consolidación del Bienestar, el programa Salud Casa por Casa, el avance en la construcción de hospitales y clínicas del IMSS e ISSSTE, así como el aumento en el abasto de medicamentos e insumos médicos en el sistema público. En paralelo, circularon noticias falsas sobre las acciones del SAT contra la defraudación fiscal mediante facturas falsas y factureras, señalando un patrón de difusión de falsedades para erosionar políticas públicas en marcha. N=0 C=0",25,6,0,https://www.tiktok.com/@politijero/video/7584924977548250424
social_media,tiktok,2025-06-01 23:45:21+00:00,lorenzoescamilla20,nan,71,0,1,https://www.tiktok.com/@lorenzoescamilla20/video/7511131081454652715
social_media,tiktok,2025-06-03 00:13:37+00:00,user5697562879033,nan,36,0,4,https://www.tiktok.com/@user5697562879033/video/7511509540433612063
social_media,tiktok,2025-06-24 02:58:25+00:00,jesusnavarretecuba,"June 23, 2025 Influencia y Desinformación_ Desvelando la Manipulación Informativa Global ",5,0,0,https://www.tiktok.com/@jesusnavarretecuba/video/7519344781714050335
social_media,tiktok,2025-02-21 15:31:41+00:00,the.guy.with.accent, ,79,24,9,https://www.tiktok.com/@the.guy.with.accent/video/7473895278274252063
social_media,tiktok,2025-03-25 02:13:52+00:00,caonabo_rd, 🇩🇴 🇩🇴 ,6,0,2,https://www.tiktok.com/@caonabo_rd/video/7485564559885880619
social_media,tiktok,2025-01-21 01:37:31+00:00,fabielquiroz, ,2,0,4,https://www.tiktok.com/@fabielquiroz/video/7462176754023632170
social_media,tiktok,2025-03-13 02:18:58+00:00,ecuadorenlupa,🇪🇨 🗳️ 🧠 🚨 ⚡ 📢 📉 ,6,7,1,https://www.tiktok.com/@ecuadorenlupa/video/7481112780943215914
social_media,tiktok,2025-11-22 20:37:06+00:00,mstsaeutil0,No vas a creer lo que está pasando: el gobierno encierra la verdad y la gente calla 🚨 ,10,2,0,https://www.tiktok.com/@mstsaeutil0/video/7575651398436556046
social_media,tiktok,2025-10-07 22:49:29+00:00,alianzaamericas,Actualizaciones sobre el programa DACA a partir del 7 de octubre de 2025. Compartiremos más información en cuanto esté disponible. ¡Síguenos! ,329,55,9,https://www.tiktok.com/@alianzaamericas/video/7558615623652134158
social_media,tiktok,2024-10-23 01:42:39+00:00,morales.gfi.insur,Aquiere tu poliza de seguro de salud con nosotros hoy mismo! Contactanos: (305) 760-2533 / (786) 250-8728 🇺🇸 ,1,1,0,https://www.tiktok.com/@morales.gfi.insur/video/7428780499050515743
social_media,tiktok,2026-01-17 04:14:12+00:00,ritmotropicalradio,"❌ No, eso no es cierto. No existe una ley federal en Estados Unidos que aumente el salario mínimo a $25 por hora firmada por el presidente Donald Trump o por el Congreso. La información que circula en redes y algunos titulares virales sobre un aumento a **$25 la hora a nivel nacional es falsa. Aquí están los hechos reales: 🔹 El salario mínimo federal en EE. UU. sigue siendo de $7.25 por hora y no ha cambiado desde 2009. 🔹 Algunos contenidos en redes mezclaron clips de Trump firmando documentos con afirmaciones falsas de que había elevado el salario mínimo a $25 la hora; estas afirmaciones están comprobadas como desinformación por organizaciones de verificación de hechos. 🔹 Para cambiar el salario mínimo federal se necesitaría una ley aprobada por el Congreso y firmada por el presidente, lo cual no ha ocurrido hasta ahora. 🔹 Aunque el salario mínimo federal es bajo, muchos estados y ciudades tienen salarios mínimos más altos que el federal; por ejemplo, en 2025 varios estados elevaron sus propios mínimos por encima de $14-$16 por hora. Si quieres, puedo darte la lista actualizada de los salarios mínimos por estado o explicarte cómo funciona el salario mínimo federal y estatal en EE. UU.",22,10,1,https://www.tiktok.com/@ritmotropicalradio/video/7596178966013119774
social_media,tiktok,2025-12-18 18:36:17+00:00,inmigrandoconkathia,🇺🇸 El Gobierno quiere desnaturalizar a la mayor cantidad de gente posible • desnaturalizar • USA • inmigrantes • inmigracion • foryoupage • parati • foryou • US • migrantes • AbogadaKathia • KQ • inmigrandoconkathia • Kathia Quiros • delitos,1002,260,84,https://www.tiktok.com/@inmigrandoconkathia/video/7585268575695392031
social_media,tiktok,2025-12-13 14:47:06+00:00,baharjannette,"🛡️ ¿Eres ciudadano naturalizado y escuchaste sobre los nuevos casos de desnaturalización? El DOJ solo revisará solicitudes con fraude o delitos graves; si tu proceso fue limpio, puedes estar tranquilo. ¿Alguna duda sobre tu caso? Compártela y aclaramos mitos. ",746,213,48,https://www.tiktok.com/@baharjannette/video/7583353936602500407
social_media,tiktok,2025-02-03 01:29:38+00:00,sandungallego,nan,0,0,0,https://www.tiktok.com/@sandungallego/video/7466998815145479455
social_media,tiktok,2025-10-25 01:07:57+00:00,vyminformacion, ,114,26,20,https://www.tiktok.com/@vyminformacion/video/7564959815303302430
social_media,tiktok,2025-02-03 01:26:28+00:00,dmc_channel_official,La Portada de The Economist 2025!🔍🌍 ,196200,30100,4764,https://www.tiktok.com/@dmc_channel_official/video/7466998131457035525
social_media,tiktok,2025-05-10 22:29:57+00:00,frecuencia_perdida,Alerta 2025 ,198,9,5,https://www.tiktok.com/@frecuencia_perdida/video/7502947850171534623
social_media,tiktok,2026-01-02 02:21:01+00:00,cometeshta,Quiero hacer un alto por la celebración merecida de un año nuevo 2026 y el recuerdo que nos deja este 2025 antes y después esto se va descontrolar 🇸🇻🇸🇻🇸🇻🇸🇻🇸🇻,167,6,10,https://www.tiktok.com/@cometeshta/video/7590583520335056184
social_media,tiktok,2026-01-20 12:37:48+00:00,movil2025.infomacion,el dolor de no saber nada de tu ser querido 😭 el informe caso de brianna genao ,42,2,2,https://www.tiktok.com/@movil2025.infomacion/video/7597422011324828948
social_media,tiktok,2024-11-09 00:17:03+00:00,latinoscreandowealth, ® ,1194,1056,167,https://www.tiktok.com/@latinoscreandowealth/video/7435066926407142699
social_media,tiktok,2025-12-08 17:47:44+00:00,mariatallacaguabe, ,24700,8237,1308,https://www.tiktok.com/@mariatallacaguabe/video/7581545242147573000
social_media,tiktok,2025-11-18 10:06:45+00:00,kristle2009,Noticia de Última hora: Muchos asilados tendrán que empezar su proceso de cero. Sigueme para más de ,441,467,9,https://www.tiktok.com/@kristle2009/video/7574004438893939998
social_media,tiktok,2025-02-05 08:13:43+00:00,laboral_tips,Nuevo derecho a la desconexión digital aprobado ,17600,6416,937,https://www.tiktok.com/@laboral_tips/video/7467845228385275158
social_media,tiktok,2025-12-20 19:46:17+00:00,zaldivarnews,Mucha indignación con el tema de los archivos liberados por el gobierno.,212,10,19,https://www.tiktok.com/@zaldivarnews/video/7586028733488729374
social_media,tiktok,2025-07-16 10:46:22+00:00,fans_temach716,Hagamos viral el tema para que llegue a los congresistas y se apruebe el plan dignidad ,21,1,4,https://www.tiktok.com/@fans_temach716/video/7527629272815521079
social_media,tiktok,2025-11-05 15:12:51+00:00,wade_editor,"💻📲 Vivimos en una era donde la información es infinita y la desinformación también. 🗂️ El Informe Reuters 2025 revela cómo consumimos noticias hoy: fake news, IA, redes sociales y una alfabetización mediática no tan presente. ⚠️ Políticos + influencers como principales fuentes de desinformación 🎓 Poca gente recibió educación para analizar noticias 🤖 IA si, pero con periodistas supervisando En un mundo donde el algoritmo te informa, aprender a pensar críticamente es una herramienta de emancipación. ❓ ¿Estamos preparados para distinguir verdad de manipulación online? ",17,6,7,https://www.tiktok.com/@wade_editor/video/7569259516592672021
social_media,tiktok,2026-01-14 03:42:12+00:00,chismecitopolitic2,"¿Creíste alguna de estas? 👀 Estas fueron las 5 fake news que dominaron 2025 en México y Nuevo León. ❌ No pasó ❌ Nunca se confirmó ❌ Fue desmentido La desinformación también se vuelve viral… pero verificar es la verdadera tendencia ✅ 👉 Guarda el video 👉 Compártelo con quien siempre reenvía todo 👉 Antes de compartir, verifica ",16,0,0,https://www.tiktok.com/@chismecitopolitic2/video/7595057487720500501
social_media,tiktok,2025-01-12 03:11:05+00:00,.deciencia,¿Tierra plana en 2025? Descubre la lógica de los terraplanistas y sus 'pruebas' absurdas. ¡La ciencia nunca fue tan divertida! ,984,136,970,https://www.tiktok.com/@.deciencia/video/7458861207752150315
social_media,tiktok,2026-01-12 07:54:01+00:00,somosocionews,"2025, año de bulos con IA. ¿Dudas de un vídeo? La IA ha dado un salto, beneficiando la desinformación. ¡Dudar y verificar son tus armas! ",5,0,0,https://www.tiktok.com/@somosocionews/video/7594380088645274912
social_media,tiktok,2025-11-07 14:10:23+00:00,nhudoanngoc547,Apocalipsis en 2025: ¿cómo la desinformación en noticias te manipula? Aprende a identificarla ,12,0,0,https://www.tiktok.com/@nhudoanngoc547/video/7569985365474348301
social_media,tiktok,2025-01-06 22:41:14+00:00,verificado_mx,"¡Ojo acá!🧐 Recientemente se a viralizado información sobre una supuesta "" crisis sanitaria"" pero esto es completamente falso ⚠️❌️ ¿Haz visto algo sobre este tema en tus redes? 🤔 🔎 ",243,172,28,https://www.tiktok.com/@verificado_mx/video/7456936251837435142
social_media,tiktok,2025-04-29 16:18:41+00:00,malditobulo,"Bulos, teorías sin pruebas y desinformaciones sobre el apagón en la península ibérica . . . El 28 de abril de 2025, toda la península ibérica sufrió un apagón eléctrico generalizado. Como es habitual en estas crisis, las redes y canales de mensajería se han llenado de bulos y desinformaciones. Aquí te contamos algunas de las que hemos identificado. ",3083,262,211,https://www.tiktok.com/@malditobulo/video/7498770312524205334
social_media,tiktok,2025-05-09 00:06:16+00:00,michelleriospsic,"Spoiler: no, la ansiedad NO es solo ""estar nerviositx"". Todavía en 2025 hay mitos que dañan y desinforman. Comparte esto si estás hartx de que no tomen en serio la salud mental. 👁‍🗨 Sígueme si tú también quieres cuestionarlo todo. ",1020,45,1,https://www.tiktok.com/@michelleriospsic/video/7502230552410377478
social_media,tiktok,2025-10-24 15:48:44+00:00,selvinlopezanariba, ,9,0,1,https://www.tiktok.com/@selvinlopezanariba/video/7564815661529091359
social_media,tiktok,2025-10-29 00:27:41+00:00,endemocraciafundacionaru,"Bolivia 2025: elecciones del Bicentenario marcadas por la desinformación. Miles buscaban votar con información real. Respondimos con acción: datos transparentes, diálogo ciudadano y capacitación masiva. Porque la desinformación no se combate con más ruido, sino con datos y colaboración. Así lo hicimos posible ",32,1,0,https://www.tiktok.com/@endemocraciafundacionaru/video/7566433756345683212
social_media,tiktok,2025-07-09 00:34:18+00:00,oime_ecuador,"🎭 ¿Puedes notar la diferencia entre un discurso real y uno generado o manipulado por una IA? En las elecciones 2025 en Argentina, los deepfakes engañaron a miles. 🧠 Dale play y descubre cómo el uso no ético de la nueva tecnología alimenta la guerra de narrativas en la esfera digital. 📲 Antes de compartir... verifica. 🎥 | Martín Borja 👇Esta es una iniciativa de la alianza .ec ",43,4,2,https://www.tiktok.com/@oime_ecuador/video/7524873977039310086
social_media,tiktok,2025-01-13 03:40:56+00:00,imperio_mexicano1821, no ande desinformado reina de los chairos ,366,1,177,https://www.tiktok.com/@imperio_mexicano1821/video/7459239990829059334
social_media,tiktok,2025-07-19 18:43:54+00:00,saidochoab,"En pleno 2025 sigue el estigma contra el VIH Miedo, estigma y desinformación: la otra pandemia nuevo episodio en en y ",459,9,7,https://www.tiktok.com/@saidochoab/video/7528865621266812178
social_media,tiktok,2025-04-11 06:17:14+00:00,redbol_bolivia,"🔍 ¡Atención a la desinformación! 🚨 En las redes sociales circulan rumores sobre una supuesta ""pandemia de VIH"" en América Latina. Sin embargo, ONUSIDA no ha declarado ninguna pandemia de VIH en 2025. Es importante basarnos en fuentes oficiales y científicas para evitar alarmas innecesarias. ✅ ¡Mantente informado y comparte información verificada! 🙌 de Salud y Deportes del Pueblo Bolivia",267,19,0,https://www.tiktok.com/@redbol_bolivia/video/7491935756932500791
social_media,tiktok,2025-06-23 14:41:07+00:00,boliviaverifica,"🚨 ¡ALERTA DE DESINFORMACIÓN! 🚨 Un video viral en TikTok dice que Samuel Doria Medina apoya a Evo Morales y que quiere que se lance en 2025. ¡Pero eso es ENGAÑOSO! 🤥 sus declaraciones fueron sacadas de contexto. Cuidado con lo que veas en redes sociales, ¡Verifica siempre antes de compartir! ✅ ",179,8,12,https://www.tiktok.com/@boliviaverifica/video/7519154844117060870
social_media,tiktok,2026-01-12 21:23:37+00:00,lecb2310,"Declaraciones de la Presidenta Encargada Rodríguez Gómez durante el Inicio del Segundo Período Escolar 2025-2026: ✅Mencionó la existencia de campañas de desinformación, así como caricaturas en plataformas como Wikipedia, que intentan distorsionar la realidad sobre el ejercicio del poder en el país. ✅Reafirmó que ante el secuestro del Presidente Constitucional Maduro la autoridad y conducción de la República Bolivariana de Venezuela se mantienen firmes bajo el mando de la Presidenta Encargada, garantizando la estabilidad institucional.",31,2,1,https://www.tiktok.com/@lecb2310/video/7594588841290337547
social_media,tiktok,2025-11-14 00:27:44+00:00,zairusgdloficial,saludos mundo 🌎,31,3,9,https://www.tiktok.com/@zairusgdloficial/video/7572371188299697415
social_media,tiktok,2025-10-01 02:52:39+00:00,ciberwarmis," 📣Memetón contra la Crean un meme en imagen o video corto sobre desinformación electotal en las Elecciones Generales 2025 📆¿Cuándo? Puedes enviar tu meme del 1 al 10 de octubre de 2025 📌¿Cómo participar? Envia tu meme o vídeo Whatsapp 70664686📱. ⚠️IMPORTANTE: debes ser mayor de 18 años para concursar. 📣Premios 🏆Primer lugar Bs. 400 🏆Segundo lugar Bs. 340 🏆Tercer Bs. 100 📣Celebramos nuestra democracia tomando acción contra la desinformación ... Esta actividad es una iniciativa de las en alianza con el Centro de Promoción de la Mujer ""Gregoria Apaza"" - CPMGA, en el marco de las intervenciones de apoyo al proceso electoral para fortalecer el sistema democrático en el país, con enfoque en derechos políticos y de participación financiada por la Unión Europea, la Cooperación Española, el Gobierno de Canadá y es implementado por el PNUD. Gregorias",26,4,1,https://www.tiktok.com/@ciberwarmis/video/7556080766984277260
social_media,tiktok,2025-07-24 03:30:29+00:00,larazontarija," BOLIVIA VERIFICA IDENTIFICA CAMPAÑA DE DESINFORMACIÓN CONTRA SAMUEL DORIA MEDINA Una investigación de Bolivia Verifica reveló que entre mayo y julio de este año se inyectaron cerca de Bs 200.000 en Facebook para difundir contenidos falsos en contra del candidato presidencial Samuel Doria Medina. Dos páginas, identificadas como Click News y Bolivia News, promovieron publicaciones que atribuían falsamente información a medios internacionales como la BBC Mundo, Univisión y CNN en Español. Las publicaciones incluían acusaciones sin sustento sobre vínculos con el narcotráfico, manipulación de encuestas, financiamiento extranjero y pagos ilícitos para la inhabilitación de otros candidatos. También se detectó el uso de inteligencia artificial para falsificar la voz de Doria Medina en un video que buscaba incriminarlo. Según el informe, las páginas operan desde Bolivia y México, con anuncios financiados desde la ciudad de Cochabamba. La campaña también apuntaba contra el candidato Jorge Tuto Quiroga y favorecía indirectamente la imagen de Manfred Reyes Villa. El informe advierte que no se ha identificado a los responsables de esta estrategia, pero alerta sobre el intento de influir en la opinión pública a través de campañas digitales, en un escenario electoral marcado por la polarización. ",146,8,10,https://www.tiktok.com/@larazontarija/video/7530485652668878085
social_media,tiktok,2025-10-01 21:27:19+00:00,yesitavel,"📣Participa del memetón contra la Crean un meme en imagen o video corto sobre desinformación electotal en las Elecciones Generales 2025 📆¿Cuándo? Puedes enviar tu meme del 1 al 10 de octubre de 2025 📌¿Cómo participar? Envia tu meme o vídeo Whatsapp 70664686📱.Debes ser mayor de 18 años para concursar. 📣Premios 🏆Primer lugar Bs. 400 🏆Segundo lugar Bs. 340 🏆Tercer lugar Bs. 100 📣Celebramos nuestra democracia tomando acción contra la desinformación ... Esta actividad es una iniciativa de las en alianza con el Centro de Promoción de la Mujer ""Gregoria Apaza"" - CPMGA, en el marco de las intervenciones de apoyo al proceso electoral para fortalecer el sistema democrático en el país, con enfoque en derechos políticos y de participación financiada por la Unión Europea, la Cooperación Española, el Gobierno de Canadá y es implementado por el PNUD. ",33,4,0,https://www.tiktok.com/@yesitavel/video/7556368013256101176
social_media,tiktok,2025-08-28 17:44:29+00:00,enlamira.ceciliabellido,"¿Cómo se combate la desinformación en torno al proceso electoral? 🗳️ El vocal del TSE, Gustavo Ávila, responde sobre los mitos y noticias falsas. ",33,0,5,https://www.tiktok.com/@enlamira.ceciliabellido/video/7543693718256143622
social_media,tiktok,2025-02-13 01:57:10+00:00,usuariosdigitales,"⚠️ ALERTA - 12 febrero 2025 Abuso de la Inteligencia Artificial 🤖 🎭SÁTIRA a sujeto político Vídeo sintético generado con IA con deepfake de sujeto político Denuncia el uso de Inteligencia Artificial en elecciones, si dudas de la veracidad de un vídeo, audio o imagen es posible que haya sido manipulado con IA, escríbenos para denunciarlo ",3,0,0,https://www.tiktok.com/@usuariosdigitales/video/7470716881574448439
social_media,tiktok,2025-02-05 20:50:01+00:00,usuariosdigitales,"⚠️ ALERTA - 5 febrero 2025 Abuso de la Inteligencia Artificial 🤖 🚨ATAQUE a candidato Vídeo inauténtico con clonación de voz generado con IA Denuncia el uso de Inteligencia Artificial en elecciones, si dudas de la veracidad de un vídeo, audio o imagen es posible que haya sido manipulado con IA, escríbenos para denunciarlo ",11,0,1,https://www.tiktok.com/@usuariosdigitales/video/7468040141156797702
social_media,tiktok,2025-01-21 01:40:33+00:00,usuariosdigitales,"⚠️ ALERTA - 20 enero 2025 Abuso de la Inteligencia Artificial 🤖 🤝APOYO a candidata Usuario en Tiktok difunde vídeo sintético con deepfake. Denuncia el uso de Inteligencia Artificial en elecciones, si dudas de la veracidad de un vídeo, audio o imagen es posible que haya sido manipulado con IA, escríbenos para denunciarlo ",4,0,1,https://www.tiktok.com/@usuariosdigitales/video/7462177630587030789
social_media,tiktok,2025-01-28 00:18:14+00:00,usuariosdigitales,"⚠️ ALERTA - 27 enero 2025 Abuso de la Inteligencia Artificial 🤖 🤝APOYO a candidato Vídeo sintético generado con IA Denuncia el uso de Inteligencia Artificial en elecciones, si dudas de la veracidad de un vídeo, audio o imagen es posible que haya sido manipulado con IA, escríbenos para denunciarlo ",8,0,0,https://www.tiktok.com/@usuariosdigitales/video/7464754037762657541
social_media,tiktok,2025-03-07 18:08:13+00:00,usuariosdigitales,"⚠️ ALERTA - 7 Marzo 2025 Abuso de la Inteligencia Artificial 🤖 🚨ATAQUE a candidato Vídeo con clonación de voz generado con IA de noticiero Denuncia el uso de Inteligencia Artificial en elecciones, si dudas de la veracidad de un vídeo, audio o imagen es posible que haya sido manipulado con IA, escríbenos para denunciarlo ",23,0,2,https://www.tiktok.com/@usuariosdigitales/video/7479131004163165445
social_media,tiktok,2025-03-13 20:21:13+00:00,usuariosdigitales,"⚠️ ALERTA - 13 Marzo 2025 Abuso de la Inteligencia Artificial 🤖 🤝APOYO a candidata Vídeo sintético generado con IA con deepfake de candidata Denuncia el uso de Inteligencia Artificial en elecciones, si dudas de la veracidad de un vídeo, audio o imagen es posible que haya sido manipulado con IA, escríbenos para denunciarlo González",7,0,0,https://www.tiktok.com/@usuariosdigitales/video/7481391789803425079
social_media,tiktok,2025-02-17 17:12:14+00:00,usuariosdigitales,"⚠️ ALERTA - 17 febrero 2025 Abuso de la Inteligencia Artificial 🤖 🎭SÁTIRA a candidata Vídeo sintético generado con IA con deepfake de candidata Denuncia el uso de Inteligencia Artificial en elecciones, si dudas de la veracidad de un vídeo, audio o imagen es posible que haya sido manipulado con IA, escríbenos para denunciarlo González",2,0,0,https://www.tiktok.com/@usuariosdigitales/video/7472437039565180166
social_media,tiktok,2025-02-17 17:09:38+00:00,usuariosdigitales,"⚠️ ALERTA - 17 febrero 2025 Abuso de la Inteligencia Artificial 🤖 🎭SÁTIRA a candidato Vídeo sintético generado con IA con deepfake de candidato Denuncia el uso de Inteligencia Artificial en elecciones, si dudas de la veracidad de un vídeo, audio o imagen es posible que haya sido manipulado con IA, escríbenos para denunciarlo ",4,0,0,https://www.tiktok.com/@usuariosdigitales/video/7472436382326082822
social_media,tiktok,2025-03-06 20:03:15+00:00,usuariosdigitales,"⚠️ ALERTA - 6 Marzo 2025 Abuso de la Inteligencia Artificial 🤖 🚨ATAQUE a candidata Vídeo sintético generado con IA con deepfake de candidata Denuncia el uso de Inteligencia Artificial en elecciones, si dudas de la veracidad de un vídeo, audio o imagen es posible que haya sido manipulado con IA, escríbenos para denunciarlo González",8,0,0,https://www.tiktok.com/@usuariosdigitales/video/7478789573603036471
social_media,tiktok,2024-06-11 19:11:01+00:00,ecuadorplay,Candidatos a la presidencia Ecuador 2025🇪🇨🗳️ 🎤 .lestrange ,25600,1402,1785,https://www.tiktok.com/@ecuadorplay/video/7379325287089130757
social_media,tiktok,2025-11-11 15:01:55+00:00,dayanamonroymonroy,"Consulta Popular Ecuador 2025: ¿Por qué votar SÍ y por qué votar NO? Aquí les resumo los argumentos a favor y en contra. Además, tengo una pregunta para ustedes ¿van a votar informados? Área de la Bahía",264000,138200,11800,https://www.tiktok.com/@dayanamonroymonroy/video/7571483057144761613
social_media,tiktok,2025-04-12 22:50:22+00:00,ronnisc,Seamos un pueblo libre!🇪🇨 ,111600,10700,1984,https://www.tiktok.com/@ronnisc/video/7492562787558804791
social_media,tiktok,2025-02-14 15:05:52+00:00,riobambadigital,: anunció que hasta el 15 de marzo tomarán una postura sobre a quién apoyarán en la segunda vuelta electoral. 🎥 Teleamazonas . . . . ,91,2,6,https://www.tiktok.com/@riobambadigital/video/7471291229741829431
social_media,tiktok,2024-07-01 01:19:11+00:00,ladefensaec,"LA RC EN 2025 Gustavo Jalkh, Paola Pavón, Augusto Verduga y Andrés Arauz son los otros nombres que suenan como precandidatos junto al de Luisa González. Arauz es el menos popular. Mira nuestro Análisis a Contralanza. ",736,28,176,https://www.tiktok.com/@ladefensaec/video/7386470780588084485
social_media,tiktok,2023-05-17 22:22:28+00:00,ecuavisaec,"¿Listos para votar? Tras la muerte cruzada, los ganadores de las elecciones anticipadas terminarán su periodo en mayo de 2025. ",391,29,1,https://www.tiktok.com/@ecuavisaec/video/7234280325289905414
social_media,tiktok,2025-04-13 05:31:09+00:00,mmmusic4all,elecciones del Ecuador 2025,25,4,4,https://www.tiktok.com/@mmmusic4all/video/7492666050513833271
social_media,tiktok,2025-02-09 23:01:17+00:00,diverquiz1,Elecciones Generales 2025: Concluye jornada de votación con más del 80% de asistencia de votantes. ,70,2,5,https://www.tiktok.com/@diverquiz1/video/7469558151151537454
social_media,tiktok,2024-12-29 20:42:22+00:00,andyvec0,Y aún tenemos más 🫣🇪🇨 ,211,15,11,https://www.tiktok.com/@andyvec0/video/7453936939020864773
social_media,tiktok,2024-05-22 23:18:34+00:00,canalrtu," | 🗳️🚨 Diana Atamaint, presidenta del CNE, señaló que, en caso de ir por la reelección, Daniel Noboa deberá pedir permiso a la Asamblea para hacer campaña electoral. Esta iniciará el 5 de enero de 2025 y terminará el 6 de febrero. ",937,91,276,https://www.tiktok.com/@canalrtu/video/7371966701405064454
social_media,tiktok,2025-02-09 22:23:26+00:00,thebandidboyqpaucar, 🇪🇨,17,0,0,https://www.tiktok.com/@thebandidboyqpaucar/video/7469548431942405418
social_media,tiktok,2024-05-29 17:18:15+00:00,elemprendedor_,CNE depurará lista de partidos políticos para las elecciones de 2025 🗳️🔍 El Consejo Nacional Electoral (CNE) ha anunciado que depurará la lista de partidos políticos y movimientos nacionales para las elecciones de 2025. Entre las organizaciones que podrían quedar fuera de la contienda se encuentra el movimiento Construye. Esta medida forma parte de los esfuerzos del CNE para asegurar una elección transparente y ordenada. 🏛️🗳️ 🇪🇨❤️ ,15,0,3,https://www.tiktok.com/@elemprendedor_/video/7374472120794942726
social_media,tiktok,2024-05-22 21:06:41+00:00,correoec,"El definirá hasta el 14 de junio las organizaciones políticas que estarán habilitadas para las . La presidenta del Consejo, Diana Atamaint, dijo que el Pleno del Consejo tiene 160 informes de este tipo de agrupaciones que debe resolver. Más en www.diariocorreo.com.ec Nacional del Ecuador Alba @💜 Chuico Peña Armijos386 # video viral # machala # Sucesos # Noticias ",17,0,0,https://www.tiktok.com/@correoec/video/7371933391521910021
social_media,tiktok,2024-04-30 18:37:05+00:00,benavideswilson,El ex contralor y el ex vicepresidente de se han vuelto un lastre político totalmente pesado para la a menos de un año de las ,124,8,0,https://www.tiktok.com/@benavideswilson/video/7363730962783472901
social_media,tiktok,2025-04-08 23:16:07+00:00,enfoke_tv,"Daniel Noboa () cierra su campaña presidencial en el Coliseo Jefferson Pérez, en Cuenca, ante cientos de simpatizantes. ¡Recta final rumbo al 13 de abril! ",635,48,50,https://www.tiktok.com/@enfoke_tv/video/7491085092484386053
social_media,tiktok,2025-04-13 11:08:57+00:00,ladataecu," Diana Atamaint llegó a la inauguración del proceso electoral. La presidenta del Consejo Nacional Electoral, Diana Atamaint, llegó a la inauguración oficial del proceso electoral de la Segunda Vuelta Presidencial en la ciudad de Quito. Con su presencia, se dio inicio a una jornada clave para la democracia ecuatoriana. 👈 ",828,17,193,https://www.tiktok.com/@ladataecu/video/7492752467990662446
social_media,tiktok,2025-03-30 03:23:26+00:00,sancacellos, ,44,0,1,https://www.tiktok.com/@sancacellos/video/7487437955770944823
social_media,tiktok,2024-08-01 20:42:44+00:00,reportecuadorec,Augusto Tandazo advierte: La situación en Venezuela impactará a la Revolución Ciudadana en las . Entrevista ,19200,4072,6298,https://www.tiktok.com/@reportecuadorec/video/7398273489712516357
social_media,tiktok,2025-02-07 11:46:40+00:00,apcspodcast,"La campaña electoral ha terminado, es importante conocer quienes han usado bienes públicos para promocionar su candidatura. Votarán pensandoooo!!!!! ",364,61,242,https://www.tiktok.com/@apcspodcast/video/7468642280132447493
social_media,tiktok,2025-01-16 19:20:58+00:00,ecuavisa.noticias,"🗳️ 📌 La campaña electoral es la evidencia de que la polarización política entre correísmo y anticorreísmo está más viva que nunca. Aunque esta división viene de antes, hoy se evidencia una nueva realidad electoral en el país. Más información 📲 Ecuavisa.com ",12900,260,1093,https://www.tiktok.com/@ecuavisa.noticias/video/7460595510286486790
social_media,tiktok,2025-04-05 10:04:13+00:00,ecuadorenlupa, ,20,8,7,https://www.tiktok.com/@ecuadorenlupa/video/7489767295015849262
social_media,tiktok,2026-01-02 00:00:00+00:00,ecuavisaec," 🔎 | El presidente Daniel Noboa ganó una elección, superó un paro indígena, pero cerró el año perdiendo una 🗳️🗳️ y con contratos fallidos. 🎙️ Patricio Díaz cuenta cuáles son los cinco puntos clave de la gestión política del jefe de Estado.",27300,1166,1054,https://www.tiktok.com/@ecuavisaec/video/7590092230233296139
social_media,tiktok,2025-01-07 17:29:23+00:00,jaramijoaldiadigital,🗳️ El 5 de enero comenzaron las campañas políticas para elegir nuevo presidente en Ecuador 🇪🇨. Salimos a las calles a preguntar: ¿Por quién votaría usted? 🤔 Esta fue la respuesta de la ciudadanía. 🗣️💬 ¡Descúbrelo aquí! ,2052,91,371,https://www.tiktok.com/@jaramijoaldiadigital/video/7457226968384261382
social_media,tiktok,2025-01-06 22:53:05+00:00,telesurclips,"En Ecuador comenzó, de manera oficial, el periodo de campañas para las elecciones generales de febrero de 2025 y, en medio de críticas, el presidente Daniel Noboa inició su campaña sin solicitar licencia para realizar proselitismo. A la polémica se suma el hecho de no permitir que se posesione al frente del país la vicepresidenta Verónica Abad y la crisis integral que vive la nación. ",825,20,29,https://www.tiktok.com/@telesurclips/video/7456939291676019973
social_media,tiktok,2025-01-05 21:54:42+00:00,policriticotik,"🚨 ¡ECUADOR, DESPIERTA! 🚨 Hoy, 5 de enero de 2025, inicia la campaña política, y el futuro de nuestra nación está en tus manos. 🗳️ NO MÁS NARCO-SOCIALISMO. NO MÁS DÉCADAS ROBADAS. 🔴 ¡Es hora de alzar la voz, analizar y decidir con conocimiento! 🔥 Etiqueta a tus amigos, comparte este video y juntos hagamos tendencia la lucha por un Ecuador libre. 🇪🇨 💬 Comenta qué harás para defender la democracia. ",28,8,9,https://www.tiktok.com/@policriticotik/video/7456553145431362848
social_media,tiktok,2025-04-10 05:24:58+00:00,cruzaeldato,"LA ELECCIÓN 2025 🇪🇨 | DANIEL NOBOA CERRÓ SU CAMPAÑA EN QUITO CON MÚSICA, MULTITUDES Y MENSAJES CLAVES. 📣 “Este domingo vamos a acabar con esa revolución fallida” Así lo dijo el presidente Daniel Noboa en su cierre de campaña en Quito, a días de la segunda vuelta presidencial. 🗳️¿Cómo votarás este 13 de abril? ¡Comenta, dale like y comparte! Video: X ",57,4,2,https://www.tiktok.com/@cruzaeldato/video/7491551207740230917
social_media,tiktok,2025-03-23 23:35:32+00:00,telesurclips,"La campaña electoral para la segunda vuelta presidencial en Ecuador empezó hoy domingo de manera oficial, proceso en que los ecuatorianos deberán elegirá el 13 de abril próximo nuevo mandatario entre la candidata de izquierda Luisa González y el actual presidente Daniel Noboa, quien busca la reelección, confirmó el Consejo Nacional Electoral (CNE). ",193,4,4,https://www.tiktok.com/@telesurclips/video/7485152716675665157
social_media,tiktok,2025-04-13 04:49:09+00:00,chechosangui,🗳️🔥 La decisión que definirá el futuro de Ecuador está aquí: Novoa contra el socialismo progresista. Un momento crítico para el país y la región. ,14200,858,1364,https://www.tiktok.com/@chechosangui/video/7492655043250883882
social_media,tiktok,2025-04-15 03:23:49+00:00,fjterranova,"🗳️ ¡Así se reconfigura el mapa electoral! 🇪🇨 Daniel Noboa 🟣 se impone en 19 de 24 provincias y le arrebata 5 al correísmo. 🔵 🔥 Guayas, El Oro, Santo Domingo, Orellana e Imbabura cambiaron de color. 🟦🔄🟪 Mientras Daniel Noboa se afianza en la Sierra y logra más del 78 % de apoyo en Tungurahua, Luisa González mantiene su bastión en Manabí con más del 63 %. ゚ ",122,17,7,https://www.tiktok.com/@fjterranova/video/7493375420138523911
social_media,tiktok,2024-08-14 04:20:53+00:00,amarusalas593,"🔴 ¡ALERTA! 🔴 Un golpe en el Tribunal Contencioso Electoral (TCE) a vísperas de las elecciones presidenciales en 🇪🇨 El Presidente del TCE, Fernando Muñoz, fue destituido por jueces cercanos al presidente de la República. Ivonne Coloma, quien asumió la Presidencia, es la jueza encargada del caso que podría inhabilitar a ""Verónica Abad"". 😱 ¿Noboa quiere deshacerse de su Vicepresidenta? ¿Qué opinas? 🤔 ",12000,3430,3279,https://www.tiktok.com/@amarusalas593/video/7402845343391550726
social_media,tiktok,2025-04-09 03:46:53+00:00,jotacparati," , , , , , 🇪🇨💪💙 bienvenida a la lucha , gran mujer",17300,3339,868,https://www.tiktok.com/@jotacparati/video/7491154860113431813
social_media,tiktok,2025-02-08 03:09:53+00:00,meli.macias,Elecciones presidenciales 2025 Ecuador #🇪🇨 Valverde E S S I C A,27,0,5,https://www.tiktok.com/@meli.macias/video/7468880202026781957
social_media,tiktok,2025-04-16 22:14:03+00:00,simonbolivar6219,No olvidar la década del correismo ,8225,3375,892,https://www.tiktok.com/@simonbolivar6219/video/7494037669492575534
social_media,tiktok,2025-02-08 00:12:24+00:00,jvinicio.tv,LUISA GONZÁLEZ presidenta 2025 🇪🇨💙 Rafael Correa Todo Ecuador con la 5 🖐️,45500,4939,2457,https://www.tiktok.com/@jvinicio.tv/video/7468834459408796934
social_media,tiktok,2025-10-25 22:19:15+00:00,giolopezjr,"¿Ya sabes qué vas a votar este 16 de noviembre? 🤔 Te explico en menos de 90 segundos las 4 preguntas del referéndum y la consulta popular, sin política, sin banderas… solo información clara. Porque entender lo que votas… también es poder. 💪🇪🇨 ",5259,4747,681,https://www.tiktok.com/@giolopezjr/video/7565287449560157448
social_media,tiktok,2025-01-04 19:22:45+00:00,negrita__66,REELECCIÓN DANIEL NOBOA PRESIDENTE 2025 #🇪🇨🇪🇨🇪🇨🇪🇨 ,57000,5444,6520,https://www.tiktok.com/@negrita__66/video/7456142933893369093
social_media,tiktok,2025-05-15 04:12:28+00:00,simonbolivar6219,"Niels Olsen Coherencia, Humildad y Sentido Común ",363,55,19,https://www.tiktok.com/@simonbolivar6219/video/7504520289775062314
social_media,tiktok,2025-01-17 06:47:56+00:00,elargumentomagistral,Rafael Correa un gran humanista 💙♥️🇪🇨 ,36000,8821,2905,https://www.tiktok.com/@elargumentomagistral/video/7460772499647778053
social_media,tiktok,2025-11-16 21:43:42+00:00,shalomsanchez_17,JAJAJAJA 🇪🇨🔥| 🇪🇨,308800,112600,633,https://www.tiktok.com/@shalomsanchez_17/video/7573442146578009365
social_media,tiktok,2025-04-17 23:01:15+00:00,simonbolivar6219,Jamás olvidar las palabras de Fernando Villavicencio ,91400,16300,3659,https://www.tiktok.com/@simonbolivar6219/video/7494420984624090414
social_media,tiktok,2025-02-09 18:16:03+00:00,kchradio,LLEGÓ PARA DEVORAR 💋🇪🇨 Elba González con su iconica vestimenta para las elecciones 2025. ,55200,4600,579,https://www.tiktok.com/@kchradio/video/7469484807911722246
social_media,tiktok,2025-02-09 13:12:40+00:00,danielnoboaok,Empezamos el día con todo 🔥 ,375600,11200,8893,https://www.tiktok.com/@danielnoboaok/video/7469406632103939333
social_media,tiktok,2024-11-04 22:27:58+00:00,ecuadoor.com,✊🏻💜EL PRESI MÁS GUAPO💜✊🏻 ,493,68,43,https://www.tiktok.com/@ecuadoor.com/video/7433554449668345094
social_media,tiktok,2025-11-17 00:03:25+00:00,gregoriecuador,TRAPEADA HISTÓRICA a DANIEL | PARTE 1,33700,24500,2015,https://www.tiktok.com/@gregoriecuador/video/7573478153486683414
social_media,tiktok,2025-03-15 11:36:01+00:00,espososrevolucionarios,Mi voto desde ya!!!👋🏻💙 Usen el efecto todos 👏🏻 🇪🇨 💛💙❤️,70400,6047,3441,https://www.tiktok.com/@espososrevolucionarios/video/7481998615003680006
social_media,tiktok,2025-02-08 17:24:31+00:00,victorpinta82,"Elecciones 2025 por un Ecuador libre y en paz , dejar un mejor país para nuestros hijos y terminar con la corrupción, delincuencia y el narcotrafico🙏🇪🇨💪✍️🫡 ",7848,4133,893,https://www.tiktok.com/@victorpinta82/video/7469100445214969094
social_media,tiktok,2025-02-07 14:59:06+00:00,jvinicio.tv,Luisa Presidenta 2025 🇪🇨 Rafael Correa 🩵 vota todo 5 🖐️ 🩵 ,10700,912,644,https://www.tiktok.com/@jvinicio.tv/video/7468691881661172997
social_media,tiktok,2025-04-12 01:34:17+00:00,jvinicio.tv,🇪🇨 Luisa González PRESIDENTA 💙 Rafael Correa 💙 Hasta la victoria siempre ✊ ,16300,1199,1311,https://www.tiktok.com/@jvinicio.tv/video/7492233929592769797
social_media,tiktok,2025-02-09 20:07:31+00:00,adrianamahite,"Elbita Gonzalez llego a romperla en la elecciones de este 2025 ""llego la Reina de Manabi "" 😅😍✨️✨️✨️ 🇪🇨 ",67500,4156,196,https://www.tiktok.com/@adrianamahite/video/7469513535823940869
social_media,tiktok,2025-02-10 13:00:19+00:00,loco_ec, 🇪🇨,145200,30100,5531,https://www.tiktok.com/@loco_ec/video/7469774527514430726
social_media,tiktok,2025-11-16 14:31:24+00:00,k_beto, 🇪🇨 García,17000,200,71,https://www.tiktok.com/@k_beto/video/7573330773378469140
social_media,tiktok,2025-02-09 16:36:06+00:00,carlos.alvear54,Hasta la vista baby 🇪🇨 ,50100,12000,6631,https://www.tiktok.com/@carlos.alvear54/video/7469459054952303927
social_media,tiktok,2025-04-13 03:05:39+00:00,vida56562, 🇪🇨 🇪🇨❤️ 🇪🇨 🇪🇨🌏💫 🇪🇨en🔵usa🇺🇲 ,50800,10200,3335,https://www.tiktok.com/@vida56562/video/7492628576273976631
social_media,tiktok,2025-03-24 02:36:20+00:00,joeloyn,Debate presidencial. 🇪🇨🇪🇨 🇪🇨 ,356800,91600,6455,https://www.tiktok.com/@joeloyn/video/7485199306731818295
social_media,tiktok,2025-04-14 04:41:08+00:00,amanzalocosec,CONTUNDENTE APOYO AL PRESIDENTE REELECTO 🇪🇨 ゚ ,146300,7166,4050,https://www.tiktok.com/@amanzalocosec/video/7493024258109607173
social_media,tiktok,2025-01-08 20:51:14+00:00,daniboy.2025,"100% 100% Noboa corazón, por un país de progreso, no queremos volver al pasado 💜💜 ",50000,5760,2119,https://www.tiktok.com/@daniboy.2025/video/7457650067185372421
social_media,tiktok,2024-06-24 16:06:51+00:00,lamiraec,"¿Ya suenan nombres de posibles candidatos? Durante una entrevista en Radio Pichincha,Rafael Correa - Comunidad aa a conocer posibles nombres de precandidatos y precandidatas para las Suenan nombres como Luisa González, Paola Pabón, Augusto Verduga y Gustavo Jalkhc",112,5,25,https://www.tiktok.com/@lamiraec/video/7384100922101648645
social_media,tiktok,2023-11-08 23:57:48+00:00,ecuadorplay,Cambio de domicilio para las próximas elecciones 🗳️🇪🇨 🎤 .lestrange ,31000,11300,302,https://www.tiktok.com/@ecuadorplay/video/7299244791013969157
social_media,tiktok,2025-04-13 14:39:44+00:00,radiocentro.ec," | ""El decreto de estado de excepción es ultranecesario"". Quienes intentan transgredir la ley buscan imponer a la fuerza y a la brava sus resultados después de las 5 de la tarde. La diferencia entre los candidatos existe, pero no es amplia. No se dejen desmoralizar, confundir ni disuadir. Estén atentos a las señales, porque son claras."" El comentario de 📌 EN VIVO, en nuestro canal de YouTube y en todas nuestras plataformas digitales. ",344,21,45,https://www.tiktok.com/@radiocentro.ec/video/7492807436747820294
social_media,tiktok,2024-06-10 02:46:52+00:00,abg.noticias1, ,42,5,21,https://www.tiktok.com/@abg.noticias1/video/7378700594556456197
social_media,tiktok,2025-02-09 12:56:02+00:00,mqradiofm,"🗳️ | A las 07h00 inició la jornada electoral en el Colegio Central Técnico, en donde existen 26 juntas receptoras del voto. Al ingreso del recinto personal de Fuerzas Armadas precautela la seguridad de quienes asisten a ejercer su derecho al voto. ",39,1,0,https://www.tiktok.com/@mqradiofm/video/7469402347114974469
social_media,tiktok,2025-04-11 03:33:30+00:00,economistaedumartan,Elecciones Presidenciales Ecuador Segunda Vuelta 2025,8,0,5,https://www.tiktok.com/@economistaedumartan/video/7491893583176355077
social_media,tiktok,2025-02-08 19:34:03+00:00,rogeraaronta,Elecciones presidenciales Febrero 2025 Por quién votarás? 🇪🇨,102,10,16,https://www.tiktok.com/@rogeraaronta/video/7469133836236967223
social_media,tiktok,2025-05-21 15:34:21+00:00,joseaitomatik,"¡Los anuncios de Google I/O 2025 son REVOLUCIONARIOS! ¿Lo más alucinante? ¡VEO 3 crea vídeos con IA con personajes que hablan y que mantienen una consistencia perfecta a lo largo de las escenas, con controles de cámara profesionales y generación automática de sonido... todo a partir de prompts sencillos! Flow se integra con él para una producción cinematográfica fluida. Project Lumar nos trae gafas de realidad extendida con Android, mientras que Search Live de Project Astral te ayuda a identificar y comprar cualquier cosa que veas. El modo Agente en Search, la reserva de viajes con IA y la prueba virtual de ropa completan la lista. Todo se lanza primero en Estados Unidos y aún no hay fecha para Europa. ¿Qué función te cambiaría más la vida? ",48,4,2,https://www.tiktok.com/@joseaitomatik/video/7506922755976203542
social_media,tiktok,2025-01-06 18:48:48+00:00,hechoenmarketing.com,"¡Revolución Digital! Cómo la IA Está Cambiando las Reglas del Marketing en 2025. El papel de la inteligencia artificial en el marketing digital: ¿Héroe o amenaza? Caso de éxito: Coca-Cola y la IA creativa Un ejemplo brillante del impacto de la IA en el marketing digital es Coca-Cola, que utilizó herramientas de inteligencia artificial generativa para diseñar campañas visuales y creativas. La compañía implementó DALL-E ... (Ver Blog). . ",2,0,0,https://www.tiktok.com/@hechoenmarketing.com/video/7456876356060646662
social_media,tiktok,2025-06-02 15:30:00+00:00,andreas.barbeiro,🎉🤠🌽 Até a IA entrou no clima de festa junina! Prefeitura usa inteligência artificial para criar comercial sobre as festas juninas… e o resultado ficou hilário (e um pouco bizarro também)! ,7,5,0,https://www.tiktok.com/@andreas.barbeiro/video/7511323359649500421
social_media,tiktok,2025-06-08 01:18:25+00:00,nznerio,"🚨 En China ya están haciendo lives con avatares de inteligencia artificial… y lo más loco es que ¡venden más que un humano real! 🤯 Mientras tú dudas en aparecer en cámara, ellos están vendiendo 24/7 sin parar. ¿Quieres aprender a usar esta tecnología para vender por internet? 💡 Comenta IA y te regalo un PDF con estrategias y herramientas para empezar YA. ",519,208,155,https://www.tiktok.com/@nznerio/video/7513381711644790021
social_media,tiktok,2024-11-24 14:24:20+00:00,mariacervantes2565,nan,2,0,0,https://www.tiktok.com/@mariacervantes2565/video/7440851523569012010
social_media,tiktok,2025-02-09 11:47:21+00:00,mundo_libr3,Ecuador elecciones 2025. ,6144,702,644,https://www.tiktok.com/@mundo_libr3/video/7469383980211670318
social_media,tiktok,2025-04-13 16:52:13+00:00,rosita.sanchezv,nan,18,0,2,https://www.tiktok.com/@rosita.sanchezv/video/7492841447809404202
social_media,tiktok,2025-04-13 14:33:59+00:00,telesurclips,"Este sábado 12 de abril, Ecuador dio inicio oficial al proceso de voto en el exterior de cara a las elecciones presidenciales del 2025. La inauguración se llevó a cabo en la sede del Consejo Nacional Electoral (CNE) en Quito. Este mecanismo democrático permitirá que 456.485 ciudadanos ecuatorianos residentes en el extranjero puedan ejercer su derecho al sufragio en los próximos comicios. ",126,1,2,https://www.tiktok.com/@telesurclips/video/7492805957630692614
social_media,tiktok,2025-02-09 22:20:55+00:00,zamora_gio,🚨Elecciones de Ecuador 2025 - NOTICIAS EE.UU.,23200,152,806,https://www.tiktok.com/@zamora_gio/video/7469547787701521707
social_media,tiktok,2025-03-24 18:37:58+00:00,simonbolivar6219,Democracia Elecciones 2025 ,53600,7773,6280,https://www.tiktok.com/@simonbolivar6219/video/7485447000943545642
social_media,tiktok,2025-02-09 17:16:21+00:00,ecua.blood.ventas_tts,NOTICIA DE ULTIMA HORA. DANIEL NOBOA EJERCE EL VOTO ,48,6,0,https://www.tiktok.com/@ecua.blood.ventas_tts/video/7469469280589942059
social_media,tiktok,2024-08-08 14:18:02+00:00,wilopradoec,😱🔴 Estos son los candidatos para Presidente de Ecuador en 2025. 🇪🇨 🇪🇨,8859,312,1787,https://www.tiktok.com/@wilopradoec/video/7400772723582029062
social_media,tiktok,2025-01-20 06:06:31+00:00,madostv, ,6202,504,1157,https://www.tiktok.com/@madostv/video/7461875090490248454
social_media,tiktok,2023-02-22 16:22:29+00:00,andresbonilla.ec,¿POR QUIEN VOTARAS? ,6485,339,2924,https://www.tiktok.com/@andresbonilla.ec/video/7203016383930666245
social_media,tiktok,2025-01-06 21:53:36+00:00,enfoke_tv,Empezó la campaña electoral en Ecuador y los candidatos se volvieron tiktokers ,152,9,11,https://www.tiktok.com/@enfoke_tv/video/7456923963499891973
social_media,tiktok,2024-02-28 17:51:35+00:00,apaktv,CANDIDATOS PRESIDENCIALES ECUADOR 2025 ,8846,1215,6753,https://www.tiktok.com/@apaktv/video/7340711926386740485
social_media,tiktok,2025-03-29 17:47:25+00:00,jose_calderon998,Uno viendo videos tranqui y le pasa esto 🫠 ,34900,10100,1220,https://www.tiktok.com/@jose_calderon998/video/7487289524834372869
social_media,tiktok,2025-02-09 18:58:53+00:00,nathaly.erazo99,JAJAJAJA🤣🗳️ @💸📿,138500,11300,1734,https://www.tiktok.com/@nathaly.erazo99/video/7469495843712716038
social_media,tiktok,2025-04-13 20:18:37+00:00,radiocentro.ec," | Mayores de 65 años aún estamos a tiempo, salgamos a votar. El llamado a hijos, nietos y hermanos a llevar a sus adultos mayores a ejercer este voto importante que marcará la diferencia. 📌 EN VIVO, en nuestro canal de YouTube y en todas nuestras plataformas digitales. ",3064,37,151,https://www.tiktok.com/@radiocentro.ec/video/7492894758751309062
social_media,tiktok,2025-03-28 00:39:53+00:00,ioao7,🤖🗳️ Las IAs eligen: ¿Por quién votarían en Ecuador 2025? ,36300,10400,3019,https://www.tiktok.com/@ioao7/video/7486653642955607302
social_media,tiktok,2025-04-12 11:01:24+00:00,carmend20211,"Elecciones presidenciales 2025, segunda vuelta. ",46,23,5,https://www.tiktok.com/@carmend20211/video/7492380070070439173
social_media,tiktok,2025-02-10 04:54:47+00:00,lizb3_th,🇪🇨❤️ ,16200,491,758,https://www.tiktok.com/@lizb3_th/video/7469649384825785605
social_media,tiktok,2025-01-07 02:28:03+00:00,jairoaguilarsarmi,Ecuador elecciones 2025 Venceremos ,14,0,4,https://www.tiktok.com/@jairoaguilarsarmi/video/7456994690508786986
social_media,tiktok,2025-04-13 16:07:57+00:00,elizamalg1,Dios bendiga a mi patria 🇪🇨🇪🇨 ,25,1,0,https://www.tiktok.com/@elizamalg1/video/7492830174812114181
social_media,tiktok,2025-02-10 01:56:13+00:00,briggittegamboa, 💜✨ ,18,0,0,https://www.tiktok.com/@briggittegamboa/video/7469603238673780010
social_media,tiktok,2025-02-09 18:46:34+00:00,katimar589,Elecciones de Ecuador 2025 🇪🇨 ,15,0,0,https://www.tiktok.com/@katimar589/video/7469492689667394838
social_media,tiktok,2025-04-13 15:53:50+00:00,anylucastr,eleccionesecuatorianas2025###,12,0,6,https://www.tiktok.com/@anylucastr/video/7492826537692073238
social_media,tiktok,2025-04-13 15:50:07+00:00,elifuentes27,Votemos con responsabilidad 🇪🇨 ,18,1,2,https://www.tiktok.com/@elifuentes27/video/7492825580564450615
social_media,tiktok,2025-02-10 19:54:28+00:00,vmasnoticias1,Elecciones presidenciales en Ecuador 2025 ,62,0,3,https://www.tiktok.com/@vmasnoticias1/video/7469881258269625655
social_media,tiktok,2025-11-16 20:19:02+00:00,aeeehb,Primera vezzz y última 🤧🥱 🇪🇨 ,118,3,6,https://www.tiktok.com/@aeeehb/video/7573420319130668308
social_media,tiktok,2025-02-10 10:45:43+00:00,amarusalas593,🔴RESULTADOS OFICIALES Daniel Noboa empata con Luisa González y se alista para la segunda vuelta electoral. ¿Quién será el próximo presidente de Ecuador? ¡Sígueme para más periodismo! ,4154,556,740,https://www.tiktok.com/@amarusalas593/video/7469739830692433207
social_media,tiktok,2025-02-08 16:24:27+00:00,jimmypattersonh,"Las elecciones presidenciales en Ecuador, programadas para el 9 de febrero de 2025, se perfilan como una contienda decisiva entre el actual presidente, Daniel Noboa, y la candidata correísta, Luisa González. ",50,0,7,https://www.tiktok.com/@jimmypattersonh/video/7469084964567502086
social_media,tiktok,2024-11-05 16:45:09+00:00,ojopoliticobypatriaec,"La Abogada Luisa González Alcivar candidata a la presidencia del Ecuador 2025, por la Revolución Ciudadana ganaria las elecciones presidenciales de 🇪🇨 en primera vuelta, luego de una encuesta realizada por una empresa extranjera en Ecuador donde sostiene un apoyo popular del 62% de los ecuatorianos @@🇪🇨 FUTURO EN MOVIMIENTO 🇪🇨@ González@ POLITICA@@⚖️ Adrian Pazmiño ⚖️@@###🇪🇨🌏💫",204,34,24,https://www.tiktok.com/@ojopoliticobypatriaec/video/7433837196576034053
social_media,tiktok,2025-02-09 17:57:01+00:00,hispanosmagazineradio,Elecciones Presidenciales 2025 ,16,2,1,https://www.tiktok.com/@hispanosmagazineradio/video/7469479919983004950
social_media,tiktok,2025-02-09 00:23:58+00:00,espososrevolucionarios,Esa sonrisa falsa!!!! ,76300,6029,4620,https://www.tiktok.com/@espososrevolucionarios/video/7469208530613046583
social_media,tiktok,2025-02-10 19:17:01+00:00,alanclaudettlaz0, ,9,0,0,https://www.tiktok.com/@alanclaudettlaz0/video/7469871348404276510
social_media,tiktok,2025-02-06 14:26:44+00:00,visionariasec,"Los PPL están votando. De hecho, por años, los presos han sido los primeros en ejercer su derecho al voto. Son más de 6 mil presos sin sentencia ejecutoriada quienes pueden acceder a este derecho. Presos como Glas y Terán no pueden votar Salazar ",103,20,24,https://www.tiktok.com/@visionariasec/video/7468312466368253190
social_media,tiktok,2025-02-16 02:31:24+00:00,omarch1704,RESULTADOS OFICIALES PRIMERA VUELTA ELECCIONES ECUADOR 2025 🇪🇨 ,33,1,2,https://www.tiktok.com/@omarch1704/video/7471838963586698501
social_media,tiktok,2025-03-24 15:01:21+00:00,jose_espinoza593,Del odio al amor hay un solo paso 🇪🇨 ,143500,94700,4826,https://www.tiktok.com/@jose_espinoza593/video/7485391307729390903
social_media,tiktok,2025-02-09 04:42:32+00:00,es.parod.ia,Ají .ia ,29000,8917,1535,https://www.tiktok.com/@es.parod.ia/video/7469275157908049207
social_media,tiktok,2025-11-15 20:41:42+00:00,aka.teo64,Manejando la seriedad🤓☝🏽 ,136,64,9,https://www.tiktok.com/@aka.teo64/video/7573055093516291346
social_media,tiktok,2025-02-09 03:50:21+00:00,elizabeth19986, 🇪🇨,16,0,3,https://www.tiktok.com/@elizabeth19986/video/7469261598280994078
social_media,tiktok,2025-02-04 14:41:55+00:00,adrianacanizares23,"Manabí merece dinamizar su economía local, por eso proponemos eliminar el IVA para la actividad turística y permitir así que los recursos se queden en la comunidad para su fortalecimiento. Este 9 de febrero te invito a votar por Adriana Cañizares, lista 17 PSE ",25,10,2,https://www.tiktok.com/@adrianacanizares23/video/7467574199964437765
social_media,tiktok,2025-03-27 12:27:42+00:00,fantasiaepic,"RC5 en vivo: menos discursos, más rock. 🇪🇨 ",12,1,5,https://www.tiktok.com/@fantasiaepic/video/7486464971073670422
social_media,tiktok,2025-04-02 06:31:43+00:00,geraldarevalo70,Elecciones Ecuador 2025 ,21100,2194,3113,https://www.tiktok.com/@geraldarevalo70/video/7488599732210781462
social_media,tiktok,2025-06-27 16:54:02+00:00,radiocentro.ec,"Se descarta el ""fraude"" en las últimas elecciones de Ecuador. Gabriel Mato, jefe de la Misión de Observación Electoral de la Unión Europea, presentó este viernes, el informe final sobre los comicios presidenciales del 2025, el funcionario descartó la existencia de indicios de fraude. La excandidata de la RC, Luisa Gonzalez, defendió esa tesis tras su derrota en las urnas. Mato enfatizó que ""no encontraron ni un solo elemento objetivo que avale dicha acusación"".",1436,199,146,https://www.tiktok.com/@radiocentro.ec/video/7520673434234326277
social_media,tiktok,2025-04-12 04:05:55+00:00,alonso_19_yuquilema,me peleó con toda mi familia ya esta decidido queremos un Ecuador libre el correismo nunca mas ,21300,2984,898,https://www.tiktok.com/@alonso_19_yuquilema/video/7492273019008601350
social_media,tiktok,2025-01-20 05:12:08+00:00,wilsonortizar,Juan Cueva Candidato presidencial. ,28,2,1,https://www.tiktok.com/@wilsonortizar/video/7461861064813202694
social_media,tiktok,2025-01-14 23:57:52+00:00,libreopinionecuador,"Daniel Noboa Lidera Las Encuestas Para 2025"" ""¿Será Una Victoria En Primera Vuelta?"" Valbonesi ECUADOR OK",408,44,107,https://www.tiktok.com/@libreopinionecuador/video/7459924672042274053
social_media,tiktok,2025-04-12 05:02:27+00:00,octopus.licores, 🇪🇨 🇪🇨 ,60800,62800,625,https://www.tiktok.com/@octopus.licores/video/7492287566461422903
social_media,tiktok,2024-11-18 01:46:36+00:00,emeerrem,¿Qué está pasando en Ecuador? ,10500,1493,716,https://www.tiktok.com/@emeerrem/video/7438429752446291255
social_media,tiktok,2025-04-11 11:54:57+00:00,informateecc,Sin obligar ni pagar a nadie el país está con 💜 ,846,56,38,https://www.tiktok.com/@informateecc/video/7492022797577801015
social_media,tiktok,2025-01-25 01:55:19+00:00,adrianacanizares23, ,32,1,1,https://www.tiktok.com/@adrianacanizares23/video/7463665797852876037
social_media,tiktok,2025-02-09 13:21:58+00:00,danielbonec,Devorando 💋 ,9913,2997,92,https://www.tiktok.com/@danielbonec/video/7469409027009629446
social_media,tiktok,2025-04-13 23:18:48+00:00,danielabradel,Que gane el menos peor ✨ ,1636,26,11,https://www.tiktok.com/@danielabradel/video/7492941191600688389
social_media,tiktok,2025-02-22 05:55:29+00:00,roddyespinales, 🇪🇨 🤍💙❤️🌴_manabi 🇪🇨,866,23,37,https://www.tiktok.com/@roddyespinales/video/7474118056743111942
social_media,tiktok,2024-10-18 03:04:39+00:00,topic.x100pre,Jan Topic es el Líder que necesitamos 🇪🇨🥰🌟 Topic Calvache ,512,24,49,https://www.tiktok.com/@topic.x100pre/video/7426946205386607878
social_media,tiktok,2025-11-16 17:14:27+00:00,mariuxi_avilaz,Así se viven las Elecciones en Ecuador 🇪🇨,17900,1638,156,https://www.tiktok.com/@mariuxi_avilaz/video/7573372788732448020
social_media,tiktok,2025-04-13 22:18:19+00:00,punto_comaec," | 🕔 A las 17h00 concluyeron oficialmente las votaciones para elegir al próximo presidente del Ecuador. ✅ Participación electoral del 83%, mayor que en la primera vuelta. 🕊️ Jornada pacífica y sin contratiempos, según el CNE. Ahora inicia la fase de escrutinio: • Clasificación de papeletas • Conteo público • Transparencia garantizada con presencia de delegados políticos, observadores internacionales y medios de comunicación 🕕 A partir de las 18h00 se empezarán a visualizar los primeros resultados oficiales en las plataformas del . 🕖 A las 19h00 concluirá el conteo en las juntas del exterior. Lo informó Diana Atamaint, presidenta del CNE. ",844,67,31,https://www.tiktok.com/@punto_comaec/video/7492925604396911927
social_media,tiktok,2025-02-19 01:18:32+00:00,intesa38,trend del mashi Correa Delgado González Presidenta @🇪🇨 FUTURO EN MOVIMIENTO 🇪🇨,7651,1284,280,https://www.tiktok.com/@intesa38/video/7472933439507795222
social_media,tiktok,2025-01-20 16:13:23+00:00,eldespertarecuatoriano, 🇪🇨,215,73,33,https://www.tiktok.com/@eldespertarecuatoriano/video/7462031497357266198
social_media,tiktok,2025-04-14 00:59:46+00:00,inmaunot,Se salvó Ecuador ,15600,1740,148,https://www.tiktok.com/@inmaunot/video/7492967218251091255
social_media,tiktok,2025-01-31 17:23:33+00:00,jennyhidalgotv,Al ritmo de la quemona las elecciones 2025 ,1557,60,179,https://www.tiktok.com/@jennyhidalgotv/video/7466131512879107334
social_media,tiktok,2025-04-13 19:06:14+00:00,meatrevoaamartee,hagámoslo viral elecciones Ecuador 2025 tik tok has lo tuyo 🇪🇨 ,9849,4441,550,https://www.tiktok.com/@meatrevoaamartee/video/7492876109705514246
social_media,tiktok,2025-11-17 01:50:03+00:00,georgecepedal, ,296,97,17,https://www.tiktok.com/@georgecepedal/video/7573505648885812488
social_media,tiktok,2025-11-14 20:29:17+00:00,nacioncreciente,Si o NO Ecuador ,5042,2734,502,https://www.tiktok.com/@nacioncreciente/video/7572680819932810508
social_media,tiktok,2025-02-10 01:30:12+00:00,dayana_paladines,Y por quien votaron ?😪 🇪🇨 ,338,2,22,https://www.tiktok.com/@dayana_paladines/video/7469596684268342533
social_media,tiktok,2025-04-17 00:05:12+00:00,kayee.tv,Hablemos de los resultados electorales. Elecciones presidenciales Ecuador 2025.,204,51,28,https://www.tiktok.com/@kayee.tv/video/7494066408309984517
social_media,tiktok,2025-11-16 13:35:49+00:00,shalomsanchez_17,JAJAJAJA 🇪🇨🔥 | 🇪🇨 ,5525,1016,20,https://www.tiktok.com/@shalomsanchez_17/video/7573316452145564948
social_media,tiktok,2025-02-08 04:30:13+00:00,frankfort69,Los Ecuatorianos están listo para elegir en estas elecciones presidenciales 2025 ? ,47200,3389,3315,https://www.tiktok.com/@frankfort69/video/7468900893052718342
social_media,tiktok,2025-02-09 19:33:22+00:00,santysg593, 🇪🇨❤️💙 Iza Salazar,65,0,2,https://www.tiktok.com/@santysg593/video/7469504734869769477
social_media,tiktok,2025-03-27 22:37:27+00:00,informacion.al.dia.593,ELECCIONES 2025 🇪🇨 SEGUNDA VUELTA 🇪🇨 🇪🇨🌏💫 🇪🇨 🇪🇨❤️ 🇪🇨 🇪🇨en🔵usa🇺🇲 ,914,23,26,https://www.tiktok.com/@informacion.al.dia.593/video/7486622058764373291
social_media,tiktok,2025-04-13 22:49:12+00:00,luisamaria202180,Estamos bien representados ,64,1,9,https://www.tiktok.com/@luisamaria202180/video/7492933418129411371
social_media,tiktok,2025-04-11 18:06:25+00:00,ecuadorplay,Pago para Miembros de mesa en las elecciones 2025💸🗳️ 🎤 .prz ,15100,2651,366,https://www.tiktok.com/@ecuadorplay/video/7492118519027453239
social_media,tiktok,2025-01-14 00:16:55+00:00,radiohcjb,¿Estás listo para las en 2025? Te compartimos información valiosa para un ,121,6,3,https://www.tiktok.com/@radiohcjb/video/7459558492139949318
social_media,tiktok,2025-02-10 00:53:53+00:00,user036749675,🇪🇨 🇪🇨🌏💫,5,0,2,https://www.tiktok.com/@user036749675/video/7469587232437947691
social_media,tiktok,2025-01-24 18:23:58+00:00,santosreey,Se vienen las votaciones y Lulu lo sabe 🇪🇨 🇪🇨 ,212700,34400,1836,https://www.tiktok.com/@santosreey/video/7463549494420851973
social_media,tiktok,2025-01-20 02:11:00+00:00,portonoticiasec,El también tuvo frases célebres que causaron 🫣🫣🫣 ,10100,2990,382,https://www.tiktok.com/@portonoticiasec/video/7461814403877342469
social_media,tiktok,2025-10-24 17:53:28+00:00,radiomainstreet,"🗳️ ¡Ey, Ecuador! Este es TU momento 🔥 El domingo 16 de noviembre de 2025 vamos todos a decir presente en las urnas. 🇪🇨 Tu voto es más que un acto: es voz, es decisión, es futuro. 👉 Participa en el Referéndum & Consulta Popular 👉 Sé parte del cambio que quieres ver 👉 Porque cuando tú votas, el país avanza. 🇪🇨 ",20,0,2,https://www.tiktok.com/@radiomainstreet/video/7564847678266395959
social_media,tiktok,2025-11-23 22:41:01+00:00,informateecc,Y aún así hay gente que le cree a estos políticos 🇪🇨 🇪🇨 ,48600,4879,305,https://www.tiktok.com/@informateecc/video/7576054510112623893
social_media,tiktok,2025-05-24 15:22:15+00:00,ladataecu," Diana Jácome, presente por un nuevo Ecuador Con emoción y compromiso, la asambleísta de ADN, Diana Jácome, llega al pleno para ser parte de este día histórico. Su presencia representa la voz del cambio que hoy empieza a escribirse. 👈 ",14100,309,564,https://www.tiktok.com/@ladataecu/video/7508032746183232810
social_media,tiktok,2025-04-24 04:06:42+00:00,simonbolivar6219,"Rafael Correa no deja la costumbre, ni así lo pongan de Papa ",36100,35600,3745,https://www.tiktok.com/@simonbolivar6219/video/7496726018162527534
social_media,tiktok,2024-05-27 20:49:41+00:00,guayacaenuk, 🇪🇨🌏💫,1002,511,67,https://www.tiktok.com/@guayacaenuk/video/7373784418462305569
social_media,tiktok,2025-01-19 17:25:49+00:00,marcoolmedook,"¡Trabajamos por ti, , por tu gente, su presente y futuro! 🏔️ 💜 💜 🇪🇨",259,7,19,https://www.tiktok.com/@marcoolmedook/video/7461679078408523013
social_media,tiktok,2025-02-09 08:09:35+00:00,cecubarcelona,✅ELECCIONES ECUADOR 2025🇪🇨✅ ,2550,709,614,https://www.tiktok.com/@cecubarcelona/video/7469328508053949718
social_media,tiktok,2025-04-01 04:32:43+00:00,makrodigitaltv,1️⃣ Daniel Noboa y Luisa González continúan con sus estrategias electorales rumbo a la segunda vuelta. 🗳️🇪🇨 2️⃣ Daniel Noboa notificó al CNE que su campaña electoral se extenderá hasta el 10 de abril. 📅🗳️ 3️⃣ Tragedia en Myanmar-Birmania: el saldo del terremoto ya supera los 2000 fallecidos. 🌍💔 ,35,1,8,https://www.tiktok.com/@makrodigitaltv/video/7488197761851084074
social_media,tiktok,2025-01-17 04:46:21+00:00,waltherushcoquintana, ,191,7,16,https://www.tiktok.com/@waltherushcoquintana/video/7460741177470389510
social_media,tiktok,2025-01-07 20:04:51+00:00,eqradio593,¡Así arrancó la campaña presidencial 2025 en Ecuador! 🇪🇨🗳️ ,29,1,6,https://www.tiktok.com/@eqradio593/video/7457267041066552582
social_media,tiktok,2025-01-12 05:48:36+00:00,charlieloverpandy,"Elecciones Ecuador 2025, planes de campaña, qué candidato votar? 🇪🇨 ",77,17,46,https://www.tiktok.com/@charlieloverpandy/video/7458901792395382021
social_media,tiktok,2025-01-05 23:58:57+00:00,viajaconcesar,": Con Himno Nacional del Ecuador el presidente inicia la campaña electoral 2025, junto a sus simpatizantes. 🇪🇨",497,5,49,https://www.tiktok.com/@viajaconcesar/video/7456585188047408390
social_media,tiktok,2024-12-27 02:13:33+00:00,merari_chavez5, ,6,0,0,https://www.tiktok.com/@merari_chavez5/video/7452909014234500383
social_media,tiktok,2025-12-18 17:28:30+00:00,abelzaldivarpreparador,"Según reportes del New York Times, la administración Trump buscaría desnaturalizar 200 personas por mes en este 2026. ",270,43,18,https://www.tiktok.com/@abelzaldivarpreparador/video/7585251094503148813
social_media,tiktok,2025-03-12 20:59:23+00:00,usuariosdigitales,"⚠️ ALERTA - 12 Marzo 2025 Abuso de la Inteligencia Artificial 🤖 🚨ATAQUE a candidata Vídeo manipulado con clonación de voz generada con IA con deepfake de candidata Denuncia el uso de Inteligencia Artificial en elecciones, si dudas de la veracidad de un vídeo, audio o imagen es posible que haya sido manipulado con IA, escríbenos para denunciarlo González",17,0,3,https://www.tiktok.com/@usuariosdigitales/video/7481030542398393605
social_media,tiktok,2025-07-26 09:37:03+00:00,polcorominas,"📉 YouTube ha eliminado más de 11.000 canales en el segundo trimestre de 2025 por estar supuestamente vinculados a operaciones de influencia estatal de países como China, Rusia, Irán, Turquía, Israel o Ghana. 👉 Solo este año ya suman más de 34.000 canales eliminados bajo esta etiqueta. Según Google, la mayoría de estos canales formaban parte de campañas coordinadas de desinformación con contenido en múltiples idiomas, y se detectaron redes enteras de vídeos automatizados y cuentas sin interacción. 🇨🇳 Más de 7.700 canales estaban ligados a redes prorrégimen chino. 🇷🇺 Alrededor de 2.000, a medios o campañas alineadas con el Kremlin. 🇮🇷 También se han eliminado cuentas de Irán, Azerbaiyán o Turquía con fines propagandísticos regionales. Hasta aquí, todo parecería un esfuerzo lógico para frenar la desinformación. Pero… 🧩 ¿Dónde empieza la censura y dónde acaba la moderación de contenidos? 📌 Porque no olvidemos que YouTube es una plataforma estadounidense, y este tipo de decisiones también responden a los intereses y criterios de un país concreto. Es un debate complejo: – Por un lado, nadie quiere propaganda encubierta ni manipulación masiva. – Por otro, la línea entre propaganda y opinión política cada vez es más fina… y peligrosa. ¿Quién decide qué es desinformación y qué es simplemente un punto de vista distinto? 🧠 ¿Qué opinas tú?",466,25,13,https://www.tiktok.com/@polcorominas/video/7531322289976053014
social_media,tiktok,2025-10-19 04:27:01+00:00,nathalieiriarte.informa,"Desinformación, contenido engañoso y Fake News marcaron esta campaña electoral: aquí mi reporte para France 24 🇫🇷 a solo un día de las elecciones. El rol de los periodistas es informar y aportar al ejercicio democrático. Celebro el aporte de mis colegas que trabajaron durante estos meses en las verificadoras de noticias y ",39,2,3,https://www.tiktok.com/@nathalieiriarte.informa/video/7562784554407234872
social_media,tiktok,2025-02-28 01:23:12+00:00,usuariosdigitales,"⚠️ ALERTA - 27 febrero 2025 Abuso de la Inteligencia Artificial 🤖 🎭SÁTIRA a candidato Vídeo sintético generado con IA con deepfake de candidato Denuncia el uso de Inteligencia Artificial en elecciones, si dudas de la veracidad de un vídeo, audio o imagen es posible que haya sido manipulado con IA, escríbenos para denunciarlo ",11,1,1,https://www.tiktok.com/@usuariosdigitales/video/7476274423645883654
social_media,tiktok,2025-02-21 00:48:53+00:00,usuariosdigitales,"⚠️ ALERTA - 16 febrero 2025 Abuso de la Inteligencia Artificial 🤖 🎭SÁTIRA a candidata Vídeo sintético generado con IA con deepfake de candidata Denuncia el uso de Inteligencia Artificial en elecciones, si dudas de la veracidad de un vídeo, audio o imagen es posible que haya sido manipulado con IA, escríbenos para denunciarlo González ",19,0,0,https://www.tiktok.com/@usuariosdigitales/video/7473667989145980215
social_media,tiktok,2025-02-13 02:04:33+00:00,usuariosdigitales,"⚠️ ALERTA - 12 febrero 2025 Abuso de la Inteligencia Artificial 🤖 🎭SÁTIRA a candidato Vídeo sintético generado con IA con deepfake de candidato Denuncia el uso de Inteligencia Artificial en elecciones, si dudas de la veracidad de un vídeo, audio o imagen es posible que haya sido manipulado con IA, escríbenos para denunciarlo ",4,0,0,https://www.tiktok.com/@usuariosdigitales/video/7470718784844631302
social_media,tiktok,2025-03-03 14:31:35+00:00,usuariosdigitales,"⚠️ ALERTA - 3 Marzo 2025 Abuso de la Inteligencia Artificial 🤖 🤝APOYO a candidato Vídeo sintético generado con IA con deepfake de candidato Denuncia el uso de Inteligencia Artificial en elecciones, si dudas de la veracidad de un vídeo, audio o imagen es posible que haya sido manipulado con IA, escríbenos para denunciarlo ",7,0,2,https://www.tiktok.com/@usuariosdigitales/video/7477590846318136581
social_media,tiktok,2025-02-05 20:57:38+00:00,usuariosdigitales,"⚠️ ALERTA - 5 febrero 2025 Abuso de la Inteligencia Artificial 🤖 🎭SÁTIRA a candidato Vídeo sintético generado con IA con deepfake de candidato Denuncia el uso de Inteligencia Artificial en elecciones, si dudas de la veracidad de un vídeo, audio o imagen es posible que haya sido manipulado con IA, escríbenos para denunciarlo Felipe Tilleria ",6,0,0,https://www.tiktok.com/@usuariosdigitales/video/7468042107140214022
social_media,tiktok,2025-02-13 01:59:07+00:00,usuariosdigitales,"⚠️ ALERTA - 12 febrero 2025 Abuso de la Inteligencia Artificial 🤖 🎭SÁTIRA a candidato Vídeo sintético generado con IA con deepfake de candidato Denuncia el uso de Inteligencia Artificial en elecciones, si dudas de la veracidad de un vídeo, audio o imagen es posible que haya sido manipulado con IA, escríbenos para denunciarlo ",14,0,1,https://www.tiktok.com/@usuariosdigitales/video/7470717387340254469
social_media,tiktok,2025-05-21 01:33:58+00:00,usuariosdigitales,"⚠️ ALERTA - 20 Mayo 2025 Abuso de la Inteligencia Artificial 🤖 🎭SÁTIRA a asambelístas Vídeo sintético generado con IA con deepfake de asambleístas Vídeo original: vm.tiktok.com/ZMSNGGHk2/ Denuncia el uso de Inteligencia Artificial en elecciones, si dudas de la veracidad de un vídeo, audio o imagen es posible que haya sido manipulado con IA, escríbenos para denunciarlo ",8,0,0,https://www.tiktok.com/@usuariosdigitales/video/7506706189250530616
social_media,tiktok,2025-03-11 00:24:18+00:00,usuariosdigitales,"⚠️ ALERTA - 10 Marzo 2025 Abuso de la Inteligencia Artificial 🤖 🚨ATAQUE a candidato Vídeo sintético generado con IA con deepfake de candidato Denuncia el uso de Inteligencia Artificial en elecciones, si dudas de la veracidad de un vídeo, audio o imagen es posible que haya sido manipulado con IA, escríbenos para denunciarlo ",3,0,1,https://www.tiktok.com/@usuariosdigitales/video/7480341171944885510
social_media,tiktok,2025-01-23 00:20:49+00:00,usuariosdigitales,"⚠️ ALERTA - 22 enero 2025 Abuso de la Inteligencia Artificial 🤖 🎭SÁTIRA a candidata Vídeo sintético generado con IA con deepfake de candidata a asambleísta Denuncia el uso de Inteligencia Artificial en elecciones, si dudas de la veracidad de un vídeo, audio o imagen es posible que haya sido manipulado con IA, escríbenos para denunciarlo ",6,0,1,https://www.tiktok.com/@usuariosdigitales/video/7462899261672262918
social_media,tiktok,2025-01-21 01:54:18+00:00,usuariosdigitales,"⚠️ ALERTA - 20 enero 2025 Abuso de la Inteligencia Artificial 🤖 🚨ATAQUE a candidata Usuario en Tiktok difunde vídeo sintético con deepfake. Denuncia el uso de Inteligencia Artificial en elecciones, si dudas de la veracidad de un vídeo, audio o imagen es posible que haya sido manipulado con IA, escríbenos para denunciarlo ",8,0,1,https://www.tiktok.com/@usuariosdigitales/video/7462181192276708613
social_media,tiktok,2025-03-06 19:51:06+00:00,usuariosdigitales,"⚠️ ALERTA - 6 Marzo 2025 Abuso de la Inteligencia Artificial 🤖 🎭SÁTIRA a candidato Vídeo sintético generado con IA con deepfake de candidato Denuncia el uso de Inteligencia Artificial en elecciones, si dudas de la veracidad de un vídeo, audio o imagen es posible que haya sido manipulado con IA, escríbenos para denunciarlo ",5,0,1,https://www.tiktok.com/@usuariosdigitales/video/7478786430018555191
social_media,tiktok,2025-03-06 20:05:52+00:00,usuariosdigitales,"⚠️ ALERTA - 6 Marzo 2025 Abuso de la Inteligencia Artificial 🤖 🚨ATAQUE a candidato Vídeo sintético generado con IA con deepfake de candidato Denuncia el uso de Inteligencia Artificial en elecciones, si dudas de la veracidad de un vídeo, audio o imagen es posible que haya sido manipulado con IA, escríbenos para denunciarlo ",5,0,0,https://www.tiktok.com/@usuariosdigitales/video/7478790246319099191
social_media,tiktok,2025-02-27 01:51:03+00:00,usuariosdigitales,"⚠️ ALERTA - 26 febrero 2025 Abuso de la Inteligencia Artificial 🤖 🎭SÁTIRA a candidatos Vídeo sintético generado con IA con deepfake de candidatos Denuncia el uso de Inteligencia Artificial en elecciones, si dudas de la veracidad de un vídeo, audio o imagen es posible que haya sido manipulado con IA, escríbenos para denunciarlo González",3,0,1,https://www.tiktok.com/@usuariosdigitales/video/7475910493409004805
social_media,tiktok,2025-03-13 20:18:42+00:00,usuariosdigitales,"⚠️ ALERTA - 13 Marzo 2025 Abuso de la Inteligencia Artificial 🤖 🎭SÁTIRA a candidato Vídeo sintético generado con IA con deepfake de candidato Denuncia el uso de Inteligencia Artificial en elecciones, si dudas de la veracidad de un vídeo, audio o imagen es posible que haya sido manipulado con IA, escríbenos para denunciarlo ",2,0,0,https://www.tiktok.com/@usuariosdigitales/video/7481391146523036933
social_media,tiktok,2025-02-20 01:27:16+00:00,usuariosdigitales,"⚠️ ALERTA - 19 febrero 2025 Abuso de la Inteligencia Artificial 🤖 🎭SÁRIRA a candidato Vídeo sintético generado con IA con deepfake de candidato Denuncia el uso de Inteligencia Artificial en elecciones, si dudas de la veracidad de un vídeo, audio o imagen es posible que haya sido manipulado con IA, escríbenos para denunciarlo ",5,0,0,https://www.tiktok.com/@usuariosdigitales/video/7473306773382909189
social_media,tiktok,2025-03-06 19:59:35+00:00,usuariosdigitales,"⚠️ ALERTA - 6 Marzo 2025 Abuso de la Inteligencia Artificial 🤖 🎭SÁTIRA a candidato Vídeo sintético generado con IA con deepfake de candidato Denuncia el uso de Inteligencia Artificial en elecciones, si dudas de la veracidad de un vídeo, audio o imagen es posible que haya sido manipulado con IA, escríbenos para denunciarlo ",3,0,1,https://www.tiktok.com/@usuariosdigitales/video/7478788627334466871
social_media,tiktok,2025-03-11 00:22:21+00:00,usuariosdigitales,"⚠️ ALERTA - 10 Marzo 2025 Abuso de la Inteligencia Artificial 🤖 🎭SÁTIRA a candidata Vídeo sintético generado con IA con deepfake de candidata Denuncia el uso de Inteligencia Artificial en elecciones, si dudas de la veracidad de un vídeo, audio o imagen es posible que haya sido manipulado con IA, escríbenos para denunciarlo González",3,0,2,https://www.tiktok.com/@usuariosdigitales/video/7480340673577618694
social_media,tiktok,2025-02-06 05:53:11+00:00,frankfort69,Los Ecuatorianos ya se decieron están listo para elegir en estas elecciones presidenciales 2025 ? ,15400,811,1505,https://www.tiktok.com/@frankfort69/video/7468180094822010117
social_media,tiktok,2025-11-06 21:41:07+00:00,corahervas,Harán el favor de votar en plancha Quiero contar rápido para ir a la casa… 🇪🇨 ,3299,869,70,https://www.tiktok.com/@corahervas/video/7569730659741338888
social_media,tiktok,2025-01-12 06:54:00+00:00,diarioexxtra_,"Usa falda escocesa o falda de cosaco ruso, lo cierto que el look del candidato Pedro Granja causa revuelo en redes aunque lo que debería causar intereses son las propuestas de los candidatos. ",18100,8349,3753,https://www.tiktok.com/@diarioexxtra_/video/7458918655871520005
social_media,tiktok,2025-03-10 04:01:25+00:00,frankfort69,Ecuatorianos ya estan listos para la segunda vueltas en estas elecciones presidenciales 2025.? ,39800,4309,3629,https://www.tiktok.com/@frankfort69/video/7480026042023906615
social_media,tiktok,2025-02-12 15:52:51+00:00,jazsual,Elecciones Ecuador en Madrid España 🇪🇸 🇪🇨 🇪🇨❤️ ,183,110,148,https://www.tiktok.com/@jazsual/video/7470561170248731910
social_media,tiktok,2025-11-15 23:31:21+00:00,jovannyvera71,Elecciones electoral ecuador 😭💔🇪🇨 🇪🇨🌏💫 ,23900,24300,486,https://www.tiktok.com/@jovannyvera71/video/7573098723522153783
social_media,tiktok,2025-05-24 20:50:42+00:00,danielnoboaok,"No se trata solo de llegar, se trata de transformar. De entender que el cambio real no es instantáneo, pero sí es posible, si hay carácter. ",257300,14000,11900,https://www.tiktok.com/@danielnoboaok/video/7508117524978945336
social_media,tiktok,2025-10-16 09:02:00+00:00,simonbolivar6219,La famosa constituyente del PR0FVG0 para beneficiar a sus angelitos GDOs y para que las FFAA y la Policía Nacional no puedan ni siquiera tocarlos Correa Delgado ,843,274,69,https://www.tiktok.com/@simonbolivar6219/video/7561742183175376183
social_media,tiktok,2024-10-22 10:15:31+00:00,naturalinteligence, ,4243,421,1472,https://www.tiktok.com/@naturalinteligence/video/7428541607269387526
social_media,tiktok,2025-02-07 18:28:05+00:00,faustortayupanda_r,@#🇪🇨...,9327,3716,143,https://www.tiktok.com/@faustortayupanda_r/video/7468745732166634758
social_media,tiktok,2025-04-19 14:37:01+00:00,renzhowproductions,Conteo de Votos Una de las muchas mesas en Barcelona que no cuadraba e hicieron cuadrar. Que piensas del sistema de conteo? ,58,9,16,https://www.tiktok.com/@renzhowproductions/video/7495033252084796694
social_media,tiktok,2025-03-13 02:55:21+00:00,daniboy.2025,"Nuestro bailando una bella desde la provincia , . ゚ ",54000,2879,4114,https://www.tiktok.com/@daniboy.2025/video/7481122271713676550
social_media,tiktok,2025-04-13 15:39:24+00:00,ronnisc,"Nuestro País, NUESTRA HISTORIA!🇪🇨 🇪🇨 ",5569,221,16,https://www.tiktok.com/@ronnisc/video/7492822817973882117
social_media,tiktok,2025-02-09 21:35:55+00:00,eldespertarecuatoriano, 🇪🇨 ,1834,168,207,https://www.tiktok.com/@eldespertarecuatoriano/video/7469536324807068950
social_media,tiktok,2025-04-13 21:07:02+00:00,luis_hd89,solo en el carchi ,490,276,47,https://www.tiktok.com/@luis_hd89/video/7492907250336419077
social_media,tiktok,2025-01-28 17:18:26+00:00,eldespertarecuatoriano, 🇪🇨,1254,388,183,https://www.tiktok.com/@eldespertarecuatoriano/video/7465016950129708310
social_media,tiktok,2025-01-20 07:42:32+00:00,madostv,Andrea González y Luisa González ,4628,936,369,https://www.tiktok.com/@madostv/video/7461899830403550470
social_media,tiktok,2025-04-13 03:08:13+00:00,soniagutierrez_,Un importante proceso electoral en Ecuador mañana domingo 13 de abril. Les comparto algunos aspectos de este sistema electoral. 🇪🇨,333,14,29,https://www.tiktok.com/@soniagutierrez_/video/7492629226269576453
social_media,tiktok,2025-02-24 07:48:42+00:00,historiaec92, 🇪🇨 🇪🇨 #,721,56,116,https://www.tiktok.com/@historiaec92/video/7474889419611196727
social_media,tiktok,2025-11-16 23:54:27+00:00,lojanita0, ,17,0,4,https://www.tiktok.com/@lojanita0/video/7573475834833538326
social_media,tiktok,2024-05-12 17:23:48+00:00,cnegobec, 📢 | Este 11 de mayo culminó el plazo para solicitar el para las .🇪🇨🗳️ Conoce más en nuestro resumen semanal ⬇️📽️,13,1,0,https://www.tiktok.com/@cnegobec/video/7368165112135388422
social_media,tiktok,2024-08-09 16:03:55+00:00,eldatoecua," Binomio Presidencial del movimiento ADN, período 2025 - 2029. ",4791,204,2712,https://www.tiktok.com/@eldatoecua/video/7401171095400795398
social_media,tiktok,2025-06-06 03:00:00+00:00,eipm.mexico,"🤖 ¿Quieres revolucionar tus anuncios con Inteligencia Artificial? En PUBLICIDAD CDMX 2025 descubre cómo la IA está transformando la publicidad. 🧠 Creación y optimización de campañas con IA 📊 Análisis predictivo y segmentación avanzada ⚙️ Automatización y personalización de anuncios 🧰 Nuevas tecnologías y herramientas innovadoras 🌐 Casos de éxito y proveedores líderes 🚀 Potencia tu estrategia publicitaria con tecnología de vanguardia. 🗓 17, 18 y 19 de junio 📌 WTC CDMX 🎟️ Regístrate GRATIS: 🡺 bit.ly/42wioWDy . . . ",0,0,0,https://www.tiktok.com/@eipm.mexico/video/7510717172839156997
social_media,tiktok,2025-08-19 12:30:28+00:00,filmora_editor_fr,"💸 Découvre comment créer une publicité de 2025 en quelques minutes, en utilisant les outils d'IA les plus performants : ChatGPT, Mid-Journey, Kling et Filmora ! ✨ ",5,0,0,https://www.tiktok.com/@filmora_editor_fr/video/7540272951032155425
social_media,tiktok,2025-12-08 22:35:39+00:00,jheitrujillo,Herramientas de inteligencia artificial que van a impulsar tu negocio o marca personal! ,4825,635,160,https://www.tiktok.com/@jheitrujillo/video/7581619418808044818
social_media,tiktok,2024-12-14 17:58:03+00:00,ivanpiniella,Facebook Ads 2025 AI 🤖,6,0,0,https://www.tiktok.com/@ivanpiniella/video/7448328325183098158
social_media,tiktok,2024-06-07 20:12:21+00:00,alastvdigital, ||• El PSC ya tiene en la mira un binomio para las Cortesía: Ecuavisa,52,3,7,https://www.tiktok.com/@alastvdigital/video/7377856307786681605
social_media,tiktok,2025-04-14 03:26:37+00:00,sailyndmerchan8,Los leo 👀 Empiezo yo!! Resulta que a medio pueblo se le habían robado la cédula 🤣 #🇪🇨 ,3820,27,206,https://www.tiktok.com/@sailyndmerchan8/video/7493005054710959366
social_media,tiktok,2024-02-21 15:31:52+00:00,ecuadorinmediato,"Diana Atamaint, presidenta del CNE, señala que el movimiento Construye y MOVER, ex Alianza País, no formarían parte de las elecciones presidenciales 2025. Atamaint explicó que los jueces del TCE son quienes aplican las sanciones.",80,13,10,https://www.tiktok.com/@ecuadorinmediato/video/7338078177908100358
social_media,tiktok,2024-05-27 14:02:10+00:00,tiemporeal_ec,"📌. | ‼️ Frente al llamado a dialogar de la presidenta de , con miras a las elecciones del 2025, el precandidato de , saluda la apertura para buscar la unidad de las izquierdas en el . 👉 Sin embargo, critica que mientras González realiza acercamientos, el expresidente y el sabelotodo insultan y denigran a los dirigentes de los movimientos sociales. 👉 “Hay dirigentes que no están permitiendo establecer a una nueva camada de dirigentes, pensemos en el país”. 🎥 ✅ ",324,20,93,https://www.tiktok.com/@tiemporeal_ec/video/7373679423817583878
social_media,tiktok,2024-06-11 14:55:08+00:00,la5pata_ec,¿Cómo saber si estas afilidado a un partido político?😨🫠🫣‼️ ,8836,1018,123,https://www.tiktok.com/@la5pata_ec/video/7379259342278741254
social_media,tiktok,2025-04-12 19:08:29+00:00,soy_yaelcamara,Elecciones ecuador 2025 🇪🇨 ,17,0,1,https://www.tiktok.com/@soy_yaelcamara/video/7492505492024036638
social_media,tiktok,2025-04-14 08:18:55+00:00,80.rocio,🇪🇨 🇪🇨 🇪🇨,27,1,6,https://www.tiktok.com/@80.rocio/video/7493080374101282070
social_media,tiktok,2026-01-02 17:03:29+00:00,angel.cars.s,Ya no habrá más vehículos legalizados por decreto ,8006,2602,221,https://www.tiktok.com/@angel.cars.s/video/7590810961775185173
social_media,tiktok,2026-01-14 16:23:59+00:00,nahummachoficial,"🚨 ÚLTIMA HORA: Revelan la base legal de la Operación ""Absolute Resolve"" Nuevos documentos desclasificados del Departamento de Justicia de EE. UU. arrojan luz sobre la captura de Nicolás Maduro el pasado 3 de enero de 2026. Un memorando clave, fechado el 23 de diciembre de 2025, detalla por qué la administración Trump decidió proceder con la incursión militar en Caracas. ⚖️ ¿Captura o Invasión? La Justificación Jurídica Según el documento dirigido al Consejo de Seguridad Nacional, la acción no fue clasificada como una ""invasión"" ni como un ""cambio de régimen"", sino bajo la figura jurídica de: • Captura Extraterritorial por Extradición Forzada: EE. UU. sostiene que, dado que el Estado venezolano ""no estaba dispuesto ni era capaz"" de entregar a Maduro por sus cargos de narcoterrorismo, se activó este mecanismo de ejecución de ley. 🔑 Puntos Clave del Memorando Desclasificado: 1. Imposibilidad de Entrega Voluntaria: El reporte legal concluía que Maduro jamás abandonaría el país por voluntad propia para enfrentar a la justicia. 2. Riesgo de Resistencia Armada: Se justificó el uso de fuerzas especiales (Delta Force) ante la ""alta probabilidad"" de una respuesta violenta por parte de los anillos de seguridad y milicias. 3. Agotamiento de Vías Diplomáticas: El DOJ argumentó que las opciones convencionales habían sido superadas por la urgencia de desarticular el ""Cártel de los Soles"". 🚁 Contexto de la Operación La operación, que involucró a más de 150 aeronaves y unidades de élite, culminó con el traslado de Maduro al buque USS Iwo Jima y su posterior encarcelamiento en Brooklyn, donde actualmente espera juicio por cargos de narcotráfico internacional. ¿Qué opinas sobre este argumento legal? ¿Crees que sienta un precedente para el derecho internacional? 👇 Sheinbaum Pardo Internacional",8118,861,830,https://www.tiktok.com/@nahummachoficial/video/7595253776731147551
social_media,tiktok,2025-12-17 00:17:53+00:00,nac0615, ,544000,45100,941,https://www.tiktok.com/@nac0615/video/7584614460103347477
social_media,tiktok,2026-01-19 22:59:38+00:00,monitoreamos,"El ciudadano francés Camilo Pierre Castro, liberado en noviembre de 2025 tras cinco meses de desaparición forzada en Venezuela, relató públicamente por primera vez las condiciones de detención y los abusos que sufrió mientras estuvo bajo custodia de cuerpos de seguridad del Estado venezolano. Castro, un profesor de yoga de 41 años que residía en Colombia, desapareció el 26 de junio de 2025 en el puesto fronterizo de Paraguachón, adonde había acudido para renovar su visado. Su paradero fue desconocido durante semanas, hasta que finalmente se supo que formaba parte de los rehenes extranjeros secuestrados por el régimen venezolano. En su testimonio transmitido en el canal de Youtube del activista Emanuel Figueroa, Castro describió haber sido trasladado a un sótano en lo que cree que era Maracaibo, donde fue interrogado y recluido en condiciones extremas. Señaló que fue llevado a un espacio con celdas, baños en estado de abandono y señales de que otras personas habían permanecido allí durante meses. Relató que en ese lugar observó instrumentos utilizados para torturar detenidos y que pasó su primera noche en un ambiente insalubre, con humedad, calor y sin ventilación adecuada. Castro afirmó que agentes de la Dirección General de Contrainteligencia Militar (DGCIM) lo sometieron a intimidación, amenazas y presiones psicológicas, además de mantenerlo encapuchado, esposado y sin información sobre su situación. También denunció haber sido drogado durante un traslado, sometido a tratos degradantes y víctima de agresiones de carácter sexual por parte de funcionarios durante el viaje hacia otro centro de detención. Según su relato, pasó una semana completa en un sótano, encapuchado, esposado, sin acceso a higiene y recibiendo alimentos solo una vez al día, mientras era interrogado repetidamente y se le hacía perder la noción del tiempo. Castro explicó que finalmente fue llevado al centro de detención conocido como Rodeo I, donde otros detenidos le explicaron que se encontraba en un espacio donde permanecían personas secuestradas por motivos políticos, tanto venezolanos como extranjeros. “Pude entender que estaba en un sistema, en una industrialización del secuestro y una política de rehenes con fines políticos”, afirmó. El francés también reflexionó sobre la paradoja de su historia familiar: su padre, un chileno exiliado político en Francia tras sufrir torturas durante la dictadura militar, y él, décadas después, secuestrado por un gobierno que se autodefine como revolucionario. Castro fue liberado en noviembre de 2025, en medio de negociaciones entre gobiernos extranjeros y la administración venezolana para la excarcelación de rehenes y presos políticos. Su testimonio se suma a los de otros ciudadanos venezolanos y extranjeros que han denunciado desapariciones forzadas, torturas y detenciones arbitrarias en centros de reclusión del Estado venezolano.",31100,4854,661,https://www.tiktok.com/@monitoreamos/video/7597211160777215244
social_media,tiktok,2025-12-19 10:21:10+00:00,musashi3741,nan,4917,10100,587,https://www.tiktok.com/@musashi3741/video/7585512098289962262
social_media,tiktok,2026-01-19 16:43:38+00:00,dana49041, aquí está el video ,923,926,108,https://www.tiktok.com/@dana49041/video/7597114172316323127
social_media,tiktok,2025-12-19 12:08:34+00:00,ojano.lockyer, ,3307,2708,248,https://www.tiktok.com/@ojano.lockyer/video/7585539721514814734
social_media,tiktok,2025-07-21 23:03:27+00:00,matias.cix,Análisis de PIB nominal + RIN de los 10 primeros países de Latam. Datos obtenidos del FMI y bancos centrales de cada país (2025). PIB nominal: valor total de bienes y servicios producidos. RIN (Reservas Internacionales Netas): indicador de estabilidad económica y capacidad de pago internacional. 🇵🇪 ,647,20,107,https://www.tiktok.com/@matias.cix/video/7529674668756782392
social_media,tiktok,2026-01-20 13:20:30+00:00,greisser.zador,¿Estás listo para el futuro? Entrevistas más estrictas y controles en redes sociales en 2025 😱✋ ,1,0,0,https://www.tiktok.com/@greisser.zador/video/7597432852971605303
social_media,tiktok,2026-01-19 17:10:27+00:00,nx_noticias_,Noticias de la mañana Sheinbaum aclara alerta aérea por acciones militares de EU Envía México ayuda humanitaria a Jamaica tras huracán Melissa Finabien mantiene inercia como la mejor remesadora Aumenta recaudación tributaria durante 2025 Mejora SHCP prácticas para transparentar auditorías Enorme expectación por presentación de BTS en México Sube cifra de muertos por choque de trenes en España Putin descarta diálogo inmediato con Delcy Rodríguez Seguro y Ventura pasan a segunda vuelta electoral en Portugal ,56,0,2,https://www.tiktok.com/@nx_noticias_/video/7597121252532309304
social_media,tiktok,2025-11-13 15:30:00+00:00,losirritantes,fallas en el SIMCE 2025 afectaron a muchos estudiantes es te año,2,0,0,https://www.tiktok.com/@losirritantes/video/7570086812018904332
social_media,tiktok,2026-01-20 03:55:48+00:00,noticias.99, La presidenta de México admite que un avión militar de EE.UU. estuvo en el país | Noticias Telemundo. Claudia Sheinbaum aseguró que el Lockheed Martin Super Hercules aterrizó en el aeropuerto de Toluca como parte de un acuerdo bilateral y que estaba autorizado desde octubre de 2025. También descartó que su visita tenga que ser aprobada por el Congreso. (se me hace que hay gato encerrado 🤔😏🚨),48,0,2,https://www.tiktok.com/@noticias.99/video/7597287513941740808
social_media,tiktok,2025-08-03 14:33:19+00:00,favorite_sadlife97, ,855,415,26,https://www.tiktok.com/@favorite_sadlife97/video/7534367329325485318
social_media,tiktok,2026-01-01 03:09:54+00:00,mhnnews, ,65,27,19,https://www.tiktok.com/@mhnnews/video/7590225056396021014
social_media,tiktok,2025-12-23 02:27:21+00:00,tramitesolutions, ,221,56,34,https://www.tiktok.com/@tramitesolutions/video/7586874284073618718
social_media,tiktok,2025-10-23 05:39:29+00:00,hectorgonzalez698,nan,9,1,0,https://www.tiktok.com/@hectorgonzalez698/video/7564287382778891575
social_media,tiktok,2026-01-14 11:01:12+00:00,changedb036,"¡Es hora de despertar! 🚨 México se está destruyendo, ¡no más indiferencia! 💪 ",23,1,10,https://www.tiktok.com/@changedb036/video/7595170573987187998
social_media,tiktok,2024-05-24 22:20:46+00:00,magdalenarobles441,"Arranca campaña 2025 de Daniel Noboa Como dicen el que tiene plata hace y dice lo que quiere, el resto hace silencio. El silencio de las autoridades preocupa más!! Correa Delgado ",53,10,8,https://www.tiktok.com/@magdalenarobles441/video/7372694644360105221
social_media,tiktok,2025-03-28 21:16:49+00:00,makrodigitaltv,1️⃣ Pachakutik anunciará su apoyo a la Revolución Ciudadana este 30 de marzo. 🔵🟡🟢 2️⃣ Daniel Noboa confirma que no pedirá licencia para la campaña de segunda vuelta. 🗳️🇪🇨 3️⃣ Venezuela reducirá su jornada laboral a solo 3 días debido a apagones. ⚡🇻🇪 ,64,0,12,https://www.tiktok.com/@makrodigitaltv/video/7486972363922279723
social_media,tiktok,2025-01-05 13:04:17+00:00,manuelortizcamp18,Elecciones 2025 electoral ,348,11,87,https://www.tiktok.com/@manuelortizcamp18/video/7456416488090635525
social_media,tiktok,2024-02-27 10:47:34+00:00,lilibeth1447ga, ,117,15,82,https://www.tiktok.com/@lilibeth1447ga/video/7340231561515781408
social_media,tiktok,2025-02-03 04:00:53+00:00,elorgulloecuatorino0,🇪🇨 🇪🇨 🇪🇨💜💪🏻 🇪🇨 #💜💜💜🇪🇨🇪🇨🇪🇨 🇪🇨🌏💫 🇪🇨 🗣️💜💜💜💜 Eloy Alfaro DEMOCRÁTICA NACIONAL,147,5,24,https://www.tiktok.com/@elorgulloecuatorino0/video/7467037798177017130
social_media,tiktok,2025-01-12 00:58:05+00:00,alexandravidentemundial,Predicciones Presidenciales en Ecuador 2025🇪🇨 Noboa🇪🇨 ,30000,5067,5144,https://www.tiktok.com/@alexandravidentemundial/video/7458826942565993734
social_media,tiktok,2025-02-09 19:00:31+00:00,ecuavisa.noticias," 🗳️ | Los comicios en la Universidad de Guayaquil, iniciaron con un retraso de casi 40 minutos. La UG 🏫 es uno de los recintos electorales más grandes del país, con 65 mil electores y 270 juntas receptoras del voto. 👮‍♂️ Así mismo, en este recinto se desplegaron varios operativos de seguridad en previsión de que varias autoridades ejercerán su derecho al voto en estas instalaciones. Bessy Granja está en el sitio con más información. 🎙️ Mantente informado con Ecuavisa.com 🔗",650,8,10,https://www.tiktok.com/@ecuavisa.noticias/video/7469496273356229943
social_media,tiktok,2025-01-19 22:31:16+00:00,ladataecu," “Venimos este día cargados de decisión”. Leonidas Iza, candidato presidencial, expresó con firmeza su determinación para enfrentar los desafíos que Ecuador enfrenta. Su arribo al debate muestra su compromiso con la transformación del país. 👈 ",35,2,15,https://www.tiktok.com/@ladataecu/video/7461757741292375342
social_media,tiktok,2024-09-30 22:15:49+00:00,shumiral.tv,Los binomios presidenciales solo tendrán hasta este 2 de octubre para inscribirse en el CNE para las elecciones 2025 🇪🇨,79,9,7,https://www.tiktok.com/@shumiral.tv/video/7420563334136696069
social_media,tiktok,2025-02-11 05:54:05+00:00,ladataecu," ¡Alerta electoral! Asambleístas electos de ADN denuncian posibles inconsistencias en asignación de curules. Los asambleístas electos Esteban Torres, Diana Jácome, Juan José Reyes, Andrés Castillo, Nataly Morillo, Hernán Zapata y la candidata Giovanna Ubidia denuncian inconsistencias en la asignación de curules. Exigen respeto a la voluntad popular y se mantienen en pie de lucha por la democracia. 👈 ",228,8,10,https://www.tiktok.com/@ladataecu/video/7470034885206461742
social_media,tiktok,2025-02-08 20:21:24+00:00,kailyhc,"✅ Acude a tiempo a las urnas, evita la multa y no te quedes sin votar 🇪🇨🗳️ 🇪🇨 ",73,5,6,https://www.tiktok.com/@kailyhc/video/7469146033285549318
social_media,tiktok,2025-02-10 03:46:30+00:00,reporterabou,Voto en el exterior de ecuatorianos en las Elecciones Generales 2025 en California- USA. ,13,0,1,https://www.tiktok.com/@reporterabou/video/7469631719818202414
social_media,tiktok,2025-02-11 18:37:13+00:00,vtvradio937fm, 🇪🇨🇪🇨 ,1470,417,403,https://www.tiktok.com/@vtvradio937fm/video/7470232427495984439
social_media,tiktok,2025-04-09 20:10:18+00:00,simonbolivar6219,"Campaña Política Presidencial, de dónde saca la plata la revolución ciudadana? ",144,22,12,https://www.tiktok.com/@simonbolivar6219/video/7491408161602112814
social_media,tiktok,2025-01-20 03:32:12+00:00,egerardo4, ,6018,1417,85,https://www.tiktok.com/@egerardo4/video/7461835329167691014
social_media,tiktok,2025-01-05 21:38:41+00:00,danny_bei,Inicio de campaña 🇪🇨❤️ 🩵 González Correa Delgado,322,7,6,https://www.tiktok.com/@danny_bei/video/7456549041783033094
social_media,tiktok,2025-02-04 16:51:01+00:00,ecuadorurbano,"Este Domingo por el bien de tu País, escóndele la cédula a tu familiar Correista Valbonesi ",7371,2517,1022,https://www.tiktok.com/@ecuadorurbano/video/7467607464125418757
social_media,tiktok,2025-01-13 22:31:04+00:00,radiovision106.1fm,"Pedro Granja, candidato a la presidencia por el Partido Socialista Ecuatoriano, en su presentación en la ciudad, detalló sus propuestas de campaña, entre estas: el cuidado medioambiental, lucha contra el crimen organizado, vialidad, remesas, entre otros. Además, califica a esta campaña política como desigual. Trabajo de: Alfredo Lazo ",41,1,2,https://www.tiktok.com/@radiovision106.1fm/video/7459531228958428422
social_media,tiktok,2025-01-14 00:10:08+00:00,politi_ivan,El movimiento oficialista ADN empieza a desesperarse porque no crece en las encuestas. ,13900,1226,1047,https://www.tiktok.com/@politi_ivan/video/7459556738509966597
social_media,tiktok,2025-11-14 03:11:42+00:00,ab.cordovaasociados,Jueves 13/11/2025 Gran cierre de Campaña que se realizó en el Distrito 1 en la calle 34 y callejón Parra junto a los Asambleista del Guayas y la Ministra de Gobierno Zaida Rovira,85,6,2,https://www.tiktok.com/@ab.cordovaasociados/video/7572413437150563592
social_media,tiktok,2026-01-01 23:00:00+00:00,ladefensaec,"PERLAS DEL AÑO: FRASES Y ESCENAS QUE DEFINIERON LA POLÍTICA ECUATORIANA EN 2025 Desde campañas presidenciales hasta declaraciones en micrófono abierto, el 2025 dejó frases que revelan más de lo que aparentan. En LA DEFENSA reunimos las “perlas” más llamativas de este 2025. Mira el especial completo y revisa cómo estas frases reflejan el estado de la política en Ecuador. ",425,31,7,https://www.tiktok.com/@ladefensaec/video/7590488044885544203
social_media,tiktok,2025-01-05 20:20:23+00:00,otraperspectiva.ec," | Presidente Noboa realiza campaña implícita, pese a no solicitar licencia para este proceso. 🗣️ A las 13h30, el presidente Noboa dio un discurso -desde un balcón del Palacio de Gobierno- dirigido a sus simpatizantes, quienes se tomaron la Plaza Grande de Quito, desde la mañana de este domingo, 5 de enero de 2025. ⭕ Este acto que podría ser considerado como campaña electoral duró 2 minutos con 35 segundos y contó con el resguardo de la Policía Nacional, que cercó el centro histórico, y miembros del Ejército ecuatoriano, quienes colocaron dos vehículos militares y personal en los exteriores de . 🗣️ En el discurso del presidente resonó la frase ""el Ecuador resurge"", mientras hizo un llamado a resguardar la democracia (pese a existir un conflicto latente con la vicepresidenta y a las críticas por la posible manipulación e interpretación errónea de la ) y a defender la dignidad humana (sin ni siquiera hacer referencia a quienes fueron víctimas de una , organizada por ). 📢 Noboa señaló ""esto no es solo una elección, es una lucha contra la desigualdad, contra el pasado, el narcotráfico y la delincuencia"". 🧐 Uno de los mensajes utilizados por el presidente para persuadir en la intención del voto señalaba, ""en 5 semanas venceremos y necesitamos el apoyo de cada uno de ustedes. Necesitamos también el apoyo de una Asamblea que apoye, en lugar de poner trabas a cada uno de los proyectos del ejecutivo"". ""Qué viva el y que viva el "" fue la frase con la que el terminó su discurso y tras el cual se retiró inmediatamente del balcón del . ✅ Reportó: .profesional Transmisión: Only Panas 🔴¿Usted cree que el realizó pronunciamientos implícitos de y debería pedir licencia de sus funciones?",197,18,32,https://www.tiktok.com/@otraperspectiva.ec/video/7456528862655171846
social_media,tiktok,2025-01-12 01:15:44+00:00,alondra_cgp,"Hoy les cuento, que ha pasado desde redes sociales en la carrera hacía 🏛️🏛️ 🇪🇨 ゚",104,33,9,https://www.tiktok.com/@alondra_cgp/video/7458831488952405253
social_media,tiktok,2025-01-13 04:34:00+00:00,luchoelvakan222, 🇪🇨 🖐️👊 ,311,5,19,https://www.tiktok.com/@luchoelvakan222/video/7459253657167482118
social_media,tiktok,2025-06-06 00:46:23+00:00,xande.ia,"🎯 Propaganda criada por Inteligência Artificial! 🤖✨ Apresentamos uma revolução na forma de divulgar sua marca: vídeos, imagens e textos totalmente desenvolvidos com o poder da IA! Tudo pensado para impactar, atrair clientes e elevar o nível do seu negócio. 🚀 📈 Se você quer uma propaganda moderna, criativa e com aparência profissional, esse é o momento! 📲 Quer fazer um orçamento profissional? Me chame no Direct ou pelo WhatsApp: (83) 99326-4198 💬 Vamos criar algo incrível para sua marca! 💼 ",133,56,12,https://www.tiktok.com/@xande.ia/video/7512631282891754757
social_media,tiktok,2025-10-21 19:18:40+00:00,gustavocampelocosta,"😲A forma mais RÁPIDA de criar PROPAGANDAS!😲 Quem diria que, nos tempos atuais, poderíamos criar vídeos de propaganda com tanta facilidade! ",37500,7344,1091,https://www.tiktok.com/@gustavocampelocosta/video/7563756561840065803
social_media,tiktok,2025-09-10 17:00:00+00:00,mejoresherramientas.ia,IA crea anuncios impactantes en segundos – Los estudios no quieren que lo veas ,3,0,0,https://www.tiktok.com/@mejoresherramientas.ia/video/7548409025445104918
social_media,tiktok,2025-07-30 16:50:29+00:00,istrategymx,"🚀 Tendencia 2025: IA Generativa La revolución del contenido ya está aquí. Herramientas como ChatGPT están transformando la manera en que las marcas crean textos, imágenes y videos personalizados en segundos. 🤖 La clave: usar la tecnología con transparencia para mantener la confianza del consumidor. ¿Tu marca ya está aprovechando el poder de la IA? ",3,1,0,https://www.tiktok.com/@istrategymx/video/7532918330315885831
social_media,tiktok,2024-12-15 18:27:48+00:00,marjorihaddad,"2025 el año de los agentes AI 🤖 Nuevo episodio disponible en youtube, spotify y apple. Goicoechea ",2889,258,18,https://www.tiktok.com/@marjorihaddad/video/7448707066501352710
social_media,tiktok,2025-02-05 20:36:53+00:00,iaconsantiago,"🔥 ¿Eres emprendedor? Entonces necesitas conocer estas 4 tendencias de IA para 2025. 🤖🚀 La Inteligencia Artificial está evolucionando a una velocidad increíble, y estos avances van a revolucionar la forma en que hacemos negocios. 📌 Aquí tienes las 4 tendencias que marcarán el 2025: 1️⃣ Agentes Autónomos que manejarán tareas sin intervención humana. 2️⃣ Marketing personalizado con IA que optimizará cada campaña. 3️⃣ Educación en línea con IA, adaptándose a cada usuario. 4️⃣ Asistentes de IA en finanzas, ayudando a gestionar inversiones y ahorros. 💡 El futuro de los negocios está en la IA. ¿Estás listo? Dale clic al video y descubre cómo aprovechar estos cambios. 📲 Sígueme para más contenido sobre IA y negocios digitales. ",20,0,2,https://www.tiktok.com/@iaconsantiago/video/7468036527948401962
social_media,tiktok,2025-01-05 14:39:56+00:00,luisn0090,nan,37,1,1,https://www.tiktok.com/@luisn0090/video/7456441056159108382
social_media,tiktok,2025-01-18 03:11:41+00:00,waltherushcoquintana, ,171,2,8,https://www.tiktok.com/@waltherushcoquintana/video/7461087871190043910
social_media,tiktok,2025-01-10 00:16:17+00:00,marco.chala.espinoza,Elecciones 2025 Marco Chala 🇪🇨 🇪🇨 ,175,45,38,https://www.tiktok.com/@marco.chala.espinoza/video/7458074003098422534
social_media,tiktok,2024-07-11 20:15:00+00:00,ecualava,Pura propaganda política para las elección del 2025 🤷🏻‍♂️ ,287,10,63,https://www.tiktok.com/@ecualava/video/7390474336303402245
social_media,tiktok,2024-07-08 15:42:44+00:00,jimmyjairala, ,282,38,21,https://www.tiktok.com/@jimmyjairala/video/7389290915581529349
social_media,tiktok,2025-01-15 22:21:44+00:00,gabbyerazo86, 🇪🇨 ,93,1,14,https://www.tiktok.com/@gabbyerazo86/video/7460270988777917702
social_media,tiktok,2024-05-08 17:52:57+00:00,infogramatv,"Durante entrega de condecoraciones a policía, el presidente Daniel Noboa dijo que la campaña para el 2025 ya comenzó y se refirió a La Fattoria y a como ataques dirigidos a él. ",52,1,19,https://www.tiktok.com/@infogramatv/video/7366688279929818374
social_media,tiktok,2025-01-06 03:52:48+00:00,samuel_celleri,Hoy ratifico mi compromiso con Esmeraldas. Vamos juntos a la Asamblea 2025 🤍💚. Así inicié hoy la campaña electoral. ,195,19,37,https://www.tiktok.com/@samuel_celleri/video/7456645448305085702
social_media,tiktok,2025-01-08 23:02:21+00:00,luiy_pakyris,Elecciones Presidenciales 2025 🇪🇨 । ,267,17,38,https://www.tiktok.com/@luiy_pakyris/video/7457683859539266821
social_media,tiktok,2024-05-21 16:04:45+00:00,radiodinamicaecu, >> Luisa González aseguró que el correísmo buscaría alza con Leonidas Iza para las elecciones presidenciales del 2025. . . . . ,415,19,294,https://www.tiktok.com/@radiodinamicaecu/video/7371484506710084869
social_media,tiktok,2025-04-14 13:39:17+00:00,tanya_landazuri,Lo dice la IA no yo 🙂✅🤷🏼‍♀️ ,14,4,1,https://www.tiktok.com/@tanya_landazuri/video/7493162941533916471
social_media,tiktok,2024-05-30 12:39:58+00:00,ecuadorinmediato,"‼️ Carlos Rabascall confirma que no será candidato presidencial por Centro Democrático para las elecciones de 2025. Además, indica que ha iniciado conversaciones con RETO. ▶️ Primera Plana",873,145,179,https://www.tiktok.com/@ecuadorinmediato/video/7374770540545936646
social_media,tiktok,2024-05-09 18:22:38+00:00,nancygomez641,"Daniel Noboa, se prepara para la campaña del 2025, según nuestro presidente desde el día de ayer se inició la política sucia, TÚ qué dices de esto?? ",71,1,52,https://www.tiktok.com/@nancygomez641/video/7367067014990466309
social_media,tiktok,2025-01-12 06:52:02+00:00,charlieloverpandy,Planes de campaña Elecciones de Ecuador 2025. A qué candidato votar? 🇪🇨 ,62,11,18,https://www.tiktok.com/@charlieloverpandy/video/7458918131201740038
social_media,tiktok,2024-05-31 12:41:58+00:00,juntosec,"Para que el Presidente Daniel Noboa pueda hacer campaña electoral debe pedir licencia, y su reemplazo es la Vicepresidente Verónica Abad. ",324,39,27,https://www.tiktok.com/@juntosec/video/7375143099334413573
social_media,tiktok,2024-04-09 20:32:58+00:00,conaie_ec,"La es una maniobra política de una jugada anticipada y calculada con miras a su campaña electoralv2025. La solo favorece los intereses de los grandes empresarios, que buscan el beneficio propio a través del arbitraje internacional y el contrato por horas. ¡Dile NO a la consulta de Noboa! 🗳️🚫 ",967,121,213,https://www.tiktok.com/@conaie_ec/video/7355968040569457925
social_media,tiktok,2023-12-22 17:40:20+00:00,cromaclic,¡NOBOA ESTÁ EN CAMPAÑA! 🇪🇨🗳️ En la edición navideña de 🗣️ analizamos el escenario al que se enfrenta Daniel Noboa de cara a las elecciones de 2025. ¡Suscríbete al canal! ,23,0,0,https://www.tiktok.com/@cromaclic/video/7315475239754910982
social_media,tiktok,2025-01-05 21:22:11+00:00,raul_farinango_25,nan,1,0,0,https://www.tiktok.com/@raul_farinango_25/video/7456544780143660293
social_media,tiktok,2025-01-09 05:30:24+00:00,rg_lucy90,ADN 7 💜 😎🇪🇨💯 🇪🇨 🇪🇨 💜💜💜💜,27,1,0,https://www.tiktok.com/@rg_lucy90/video/7457783856830090501
social_media,tiktok,2024-10-01 03:12:48+00:00,informatech.ec," || Jan Topic ha oficializado su candidatura presidencial para las elecciones de 2025 con un video en redes sociales, en el que expone su visión para construir un más seguro y próspero. Su compañera de fórmula será Mishelle Calvache, consolidando un equipo que representa al partido SUMA. Con una propuesta centrada en seguridad y desarrollo, ambos buscan liderar un cambio significativo en el país. ",55,9,11,https://www.tiktok.com/@informatech.ec/video/7420639879261850885
social_media,tiktok,2026-01-19 17:12:29+00:00,red_deproyectos_alc,2025 nos dejó algo claro: juntos pasan cosas grandes 💥 🐑🧱🫐🏫 Impacto real. Personas reales. Resultados que se sienten. 👇 Comenta el número de la campaña que más te movió: 1 – 2 – 3 – 4 🚀 2026 se viene con más. ゚viral ,11,1,0,https://www.tiktok.com/@red_deproyectos_alc/video/7597121735279824139
social_media,tiktok,2025-04-18 01:16:01+00:00,ecuadorenlupa, ,21,4,2,https://www.tiktok.com/@ecuadorenlupa/video/7494455698240064810
social_media,tiktok,2024-11-17 02:30:41+00:00,durtk8876,#🇪🇨 🇪🇨 🇪🇨,81600,5873,1999,https://www.tiktok.com/@durtk8876/video/7438070036176129335
social_media,tiktok,2025-04-07 21:43:35+00:00,telesurtv_oficial,"El Consejo Nacional Electoral de Ecuador llevó a cabo un simulacro para probar el sistema de votación para las elecciones presidenciales del 13 de abril, donde compiten Luisa González y Daniel Noboa. El simulacro busca asegurar que todos los componentes del proceso electoral estén listos, incluyendo votación, escrutinio y divulgación de resultados. ",221,7,8,https://www.tiktok.com/@telesurtv_oficial/video/7490690147965521158
social_media,tiktok,2024-10-09 16:43:00+00:00,revolucionariosec,"HIPOCRESÍA ELECTORAL, VERSIÓN JAN TOPIC! 😂 Prohibido olvidar a quién te vacunó con sus radares truchos y apoyó en su día al nefasto Daniel NOboa! 😉 ",50800,17700,2755,https://www.tiktok.com/@revolucionariosec/video/7423817333430406406
social_media,tiktok,2025-02-21 23:51:19+00:00,telmopunina,Al Parecer esto va para Largo @👑Runa Youtubers 👑 𝐆𝐎𝐍𝐙𝐀𝐋𝐄𝐒 🇪🇨 ,21600,961,4993,https://www.tiktok.com/@telmopunina/video/7474024227167915270
social_media,tiktok,2025-02-09 11:02:11+00:00,xavierraphy17,elecciones 2025 Ecuador,12,3,4,https://www.tiktok.com/@xavierraphy17/video/7469373008763800854
social_media,tiktok,2024-05-11 15:39:06+00:00,ecuaexterior,"🟨🟦🟥 ULTIMO DIA PARA CAMBIAR TU DOMICILIO ELECTORAL || Hoy termina el plazo para efectuar el para las . 🇪🇨 11 de , se atenderá de forma presencial de 08h30 a 17h00 a escala nacional y en el exterior en las oficinas consulares de acuerdo a cada huso horario. También puedes realizar tu trámite en línea ( link en las historias para ) ",8,3,0,https://www.tiktok.com/@ecuaexterior/video/7367767041878560005
social_media,tiktok,2024-05-29 00:51:32+00:00,jorgeguzman2501,": Presidente Ainaguano A. señala que la organización ratificará el respaldo a la precandidatura presidencial de Iza Salazar para las elecciones generales de , en la convención nacional de Oficial. ",28,6,7,https://www.tiktok.com/@jorgeguzman2501/video/7374217845045087494
social_media,tiktok,2024-01-30 17:47:23+00:00,israelnews.ec,"‼️ Jan Topic “para nosotros es la primera opción en estos momentos”, señala Jaime Nebot sobre quién será el candidato del PSC en las elecciones presidenciales del 2025. Agrega que Topic está “listo a tomar una decisión, pronto. Lo veo muy interesado en el tema. ",12,1,4,https://www.tiktok.com/@israelnews.ec/video/7329949411134475525
social_media,tiktok,2025-02-13 15:42:37+00:00,sara.velastegui,🇪🇨 ,26000,8591,3,https://www.tiktok.com/@sara.velastegui/video/7470929621966392581
social_media,tiktok,2024-06-18 03:26:16+00:00,ladefensaec,"Respecto al rumor de una virtual candidatura de Amanda Villavicencio por en las elecciones de 2025, asegura que tiene ""una relación respetuosa y de muchísima cordialidad"", pero que no puede hablar a nombre de ninguna otra persona. Menciona que están enfocados en la supervivencia del movimiento y la conformación de una coalición. 🇪🇨",362,15,85,https://www.tiktok.com/@ladefensaec/video/7381679429770022149
social_media,tiktok,2025-02-09 20:32:00+00:00,mariossf92,### por un nuevo Ecuador 💜💜💜💜💜###,8,0,2,https://www.tiktok.com/@mariossf92/video/7469519732371148062
social_media,tiktok,2025-02-10 01:28:05+00:00,patricioarqui3, ,40,0,1,https://www.tiktok.com/@patricioarqui3/video/7469596007592938794
social_media,tiktok,2024-04-17 00:45:15+00:00,deysitoledo83, 🇪🇨 🇪🇨,78,9,21,https://www.tiktok.com/@deysitoledo83/video/7358630652024999174
social_media,tiktok,2025-03-13 12:58:29+00:00,pedrocifuentes907,nan,1,0,0,https://www.tiktok.com/@pedrocifuentes907/video/7481277661667462446
social_media,tiktok,2025-04-14 01:27:11+00:00,elorgulloecuatorino0,🇪🇨 😁🇪🇨🇪🇨👌🏻 #💜💜💜🇪🇨🇪🇨🇪🇨 🇪🇨 🇪🇨 🇪🇨 🇪🇨 #💜💜💜🇪🇨 🇪🇨 🗣️💜💜💜💜 Valbonesi DEMOCRÁTICA NACIONAL,132,11,8,https://www.tiktok.com/@elorgulloecuatorino0/video/7492974207672896814
social_media,tiktok,2025-02-15 01:59:14+00:00,elorgulloecuatorino0,🇪🇨 🇪🇨 #💜💜💜🇪🇨 #💜💜💜🇪🇨🇪🇨🇪🇨 #💜💜💜🇪🇨🇪🇨🇪🇨,87,3,12,https://www.tiktok.com/@elorgulloecuatorino0/video/7471459527561350446
social_media,tiktok,2024-04-15 15:53:02+00:00,elsa_rc5, 🇪🇨🇪🇨 🤗💖💕 Santos Patricio Figueroa Mirand A 1 ,177,28,26,https://www.tiktok.com/@elsa_rc5/video/7358122420890275077
social_media,tiktok,2024-06-05 18:00:40+00:00,noticiasoromar,"🔵 Noticias Oromar | La vicepresidenta Verónica Abad cree que la Asamblea Nacional y la Corte Constitucional deben pronunciarse sobre la sucesión presidencial, cuando Daniel Noboa participe en la campaña para las elecciones 2025. Más noticias en oromartv.com ",50,0,6,https://www.tiktok.com/@noticiasoromar/video/7377080626463182085
social_media,tiktok,2025-01-30 01:17:48+00:00,mariocalle83,nan,3,0,1,https://www.tiktok.com/@mariocalle83/video/7465511373309594923
social_media,tiktok,2025-06-30 11:58:34+00:00,jr.ainonymous,Lo tolol kalo masih ngira butuh tim mahal untuk buat untuk bikin iklan proffesional ini di 2025…. Sayang sih kalau gak belajar sekarang . # ,53,6,14,https://www.tiktok.com/@jr.ainonymous/video/7521710554755386680
social_media,tiktok,2025-08-31 17:09:58+00:00,ramirobotton.arbo,Quer faturar alto com IA em 2025? 💰 Então pare de vender chatbot genérico que é só um Band-Aid para os problemas da empresa. O verdadeiro dinheiro está em construir uma infraestrutura de IA completa e focada em um nicho. artificial ,436,42,22,https://www.tiktok.com/@ramirobotton.arbo/video/7544798071201287480
social_media,tiktok,2025-09-10 10:33:28+00:00,geniart08,"¿Real o IA? El nuevo anuncio de Vodafone está dividiendo TikTok. Una cara perfecta, una voz convincente… pero no existe. ¿Tú lo notaste? ",1,0,0,https://www.tiktok.com/@geniart08/video/7548406756179971351
social_media,tiktok,2025-04-16 01:01:11+00:00,anais_neron,"Si tu veux entrer dans le AI et les automatisations en 2025, aide les entreprises à être plus productives ou/et à commercialiser leur innovation 😁 ",63,11,3,https://www.tiktok.com/@anais_neron/video/7493709754913656082
social_media,tiktok,2025-06-28 00:36:03+00:00,josemichel3,Inteligencia artificial AI y chatGPT en tendencia 2025.¿Que opinas tú? 😳🧠😵👌🙁,7,0,1,https://www.tiktok.com/@josemichel3/video/7520792331784637710
social_media,tiktok,2025-04-11 04:48:36+00:00,daniel.calderon.montero,💜Gran caravana motorizada en el cantón Mira presidente!! ,210,14,10,https://www.tiktok.com/@daniel.calderon.montero/video/7491912919920250167
social_media,tiktok,2025-04-07 01:11:11+00:00,informacion.al.dia.593, el presidente candidato daniel Noboa 🇪🇨 🇪🇨 🇪🇨 🇪🇨🌏💫 🇪🇨en🔵usa🇺🇲 # ➕ #,515,9,55,https://www.tiktok.com/@informacion.al.dia.593/video/7490372484856810795
social_media,tiktok,2025-01-06 23:05:11+00:00,teleamazonasec,Calendario🗳️🇪🇨 ¿Qué sigue tras el inicio de la campaña electoral en Ecuador? cómo va el calendario de las Elecciones Generales 2025. ,153,3,1,https://www.tiktok.com/@teleamazonasec/video/7456942427824196869
social_media,tiktok,2025-11-01 17:22:11+00:00,sonorama_ec,"UNIDAD POPULAR INICIA CAMPAÑA POR EL “NO” EN LA CONSULTA POPULAR 2025 En el mercado San Vicente de Paúl, en Guayaquil, la organización política Unidad Popular dio inicio oficial a su campaña por el “No” en la consulta popular y referéndum del 16 de noviembre. El movimiento anunció recorridos por distintas provincias para promover su postura frente a las preguntas impulsadas por el Gobierno. En el evento participó el ex candidato presidencial Jorge Escala, quien enfatizó que la campaña busca defender los derechos laborales y sociales. 🎥 Diario Expreso ",439,51,129,https://www.tiktok.com/@sonorama_ec/video/7567808507576159500
social_media,tiktok,2025-12-10 00:24:48+00:00,municipio_puerto_quito,"Lanzamiento oficial de la campaña “Derechos con Dignidad por un Ecuador sin Mendicidad y sin Trabajo Infantil 2025”, junto al proyecto ETI en convenio con el Ministerio de Desarrollo Humano y el GAD Municipal de Puerto Quito. ✨ ",48,3,0,https://www.tiktok.com/@municipio_puerto_quito/video/7582018639012826375
social_media,tiktok,2025-04-10 01:30:13+00:00,nelc593,"📍 🇪🇨 La candidata presidencial, , realizó el cierre de su campaña para la segunda vuelta electoral la tarde del 9 de abril en . La candidata del correísmo eligió la calle Moro Moro, cerca del estadio del Aucas, donde sus seguidores se reunieron para escuchar su discurso, el cual destacó el retroceso de Ecuador en los últimos ocho años y afirmó que su candidatura busca la unidad nacional y ha logrado el apoyo de más de 75 gremios y organizaciones, así como de movimientos políticos como Pachakutik y Reto.",112,6,3,https://www.tiktok.com/@nelc593/video/7491490704364014903
social_media,tiktok,2025-01-27 02:25:39+00:00,patricio_mkt,Analizamos a Luisa Gonzalez y su campaña política para la presidencia del Ecuador 2025 Cuéntame ¿Crees que Luisa Gonzalez está entre las favoritas para ganar las elecciones? ¿Te habías dado cuenta de estas curiosidades en su campaña? ¿Qué otro candidato quisieras que analicemos? ,41,7,4,https://www.tiktok.com/@patricio_mkt/video/7464415773491023110
social_media,tiktok,2025-03-20 00:15:02+00:00,marcelramirezrh,Hoy inicio la primera campaña política digital hecha 100% con un avatar creado con Inteligencia Artificial. Vamos a innovar completamente la forma en que hasta ahora se hacian las campañas políticas digitales. Bienvenidos a la nueva era de la comunicación política digital. ,24,3,14,https://www.tiktok.com/@marcelramirezrh/video/7483678475623124255
social_media,tiktok,2025-04-16 18:05:28+00:00,widesilvente,"🚨 This Tesla commercial wasn’t made by Tesla. Just one person. AI did everything: visuals, video, music, voice. But the vision? 100% human. The result? A spot that looks like it came from a high-end production studio. 📲 Is this the future of advertising? AI ",116,95,4,https://www.tiktok.com/@widesilvente/video/7493973720910941462
social_media,tiktok,2025-11-11 02:52:29+00:00,web7.digitall,"A Coca-Cola levou a inteligência artificial para o Natal. O comercial de 2025 foi criado com IA generativa, com mais de 7 mil vídeos produzidos a partir de prompts e apenas cinco profissionais no comando. Mesmo com críticas e falhas visuais, a marca segue acelerando na adoção da tecnologia que já aparece em quase 30% dos comerciais do mundo. ",1,0,1,https://www.tiktok.com/@web7.digitall/video/7571295213126290709
social_media,tiktok,2025-11-11 15:10:26+00:00,aprendiendoddtodo,"Coca-Cola lanzó su anuncio navideño 2025 hecho con IA y cuando explotó la polémica, publicaron un video ""detrás de cámaras"" FALSO para pretender que había trabajo humano. Internet los destrozó en segundos. Te cuento TODO el escándalo que tiene a la industria publicitaria en llamas 🔥 ",2829,139,112,https://www.tiktok.com/@aprendiendoddtodo/video/7571485410598178070
social_media,tiktok,2025-05-16 16:30:20+00:00,tibo.on.tech,"Is This the End of Human Advertising? Zuckerberg just launched a full-scale AI takeover of the advertising world—and it’s changing everything. In May 2025, he introduced “Infinite Creative”—a bold Meta initiative where AI generates, tests, targets, and optimizes ads automatically. All businesses have to do is plug in their goals and bank accounts. No creative teams, no agencies. Just AI running the show. ",2,0,0,https://www.tiktok.com/@tibo.on.tech/video/7505081755917995271
social_media,tiktok,2025-02-20 00:00:00+00:00,dotpenji,"OpenAI’s Super Bowl Ad: Is This the Start of AI Domination? Did OpenAI’s 2025 Super Bowl ad blow your mind? It wasn’t just an ad—it was a statement about AI’s future. Watch to see why this matters for marketing! OpenAI’s Super Bowl ad used art to show AI’s impact on humanity, from fire to ChatGPT. Unlike typical product ads, it sparked talks on AI’s role in jobs, ethics, and innovation. For marketers, this signals a shift: AI isn’t just a tool—it’s a trend. Other tech brands like Google followed, but OpenAI’s storytelling stood out. Stay ahead by watching AI marketing trends closely. What’s your take on AI in ads? Like this video, comment below, and share it with your network. Follow Penji for more on AI, branding, and marketing trends. Hit the bell for updates! ",48,0,0,https://www.tiktok.com/@dotpenji/video/7473078109634415902
social_media,tiktok,2025-09-02 12:20:25+00:00,everydayai101,Discover how AI ads in 2025 are changing marketing: ✅ Smarter targeting ✅ Automated optimization ✅ Higher ROI with less effort Are AI ads worth it in 2025? Watch this short review to find out! 👀 ,1,0,1,https://www.tiktok.com/@everydayai101/video/7545465627155189014
social_media,tiktok,2025-04-26 13:30:00+00:00,iah.brasil,"A inteligência artificial está revolucionando o mercado publicitário, permitindo a criação de campanhas altamente personalizadas e visualmente impactantes. Imagine uma propaganda de lençóis, pijamas ou colchões onde uma mulher flutua suavemente entre nuvens, transmitindo conforto e tranquilidade — tudo isso gerado por IA. Essa abordagem não só cativa o público, mas também reduz custos e tempo de produção. À medida que a tecnologia avança, as marcas que adotam essas inovações se destacam, oferecendo experiências únicas e memoráveis aos consumidores.​ ",103,4,6,https://www.tiktok.com/@iah.brasil/video/7497324555229302021
social_media,tiktok,2025-11-03 19:15:39+00:00,soy.lumina,"🚀 ¡Coca-Cola redefine la publicidad! Su campaña ""Holidays Are Coming 2025"" incorpora IA para contar historias emotivas, reduciendo el tiempo de producción a un mes. 🌟🐾 ¡No te lo pierdas! ",5,1,0,https://www.tiktok.com/@soy.lumina/video/7568579898797853964
social_media,tiktok,2025-11-07 12:19:09+00:00,instaprenurs,"AI has officially made it to Christmas. In Coca-Cola’s 2025 holiday commercial, the brand has taken a bold step into the future by creating the entire advert using artificial intelligence. The ad showcases the classic red Coca-Cola trucks gliding through snowy landscapes, as animals from all over the world stop to watch the magic unfold. It’s a perfect mix of nostalgia and innovation, showing that even traditions can evolve with technology. This is a clear reminder that in business, AI isn’t coming — it’s already here. The companies that adapt and use it creatively will thrive, while those who resist will be left behind. Are you using AI to move your brand forward, or are you still waiting to catch up? Credit: Coca-Cola ",36,6,3,https://www.tiktok.com/@instaprenurs/video/7569956917775289622
social_media,tiktok,2025-06-18 23:59:15+00:00,kevinsalazarmkt,¡Ads en 2025! Domina la IA o Quedarás Atrás Descubre cómo la inteligencia artificial está transformando las campañas de Facebook Ads. Aprende a configurar tanto el píxel como la API para maximizar tus resultados con las nuevas campañas Advantage. ¡No te pierdas esta guía esencial para el éxito en 2025! ,21,0,0,https://www.tiktok.com/@kevinsalazarmkt/video/7517443251503123717
social_media,tiktok,2025-11-11 01:20:08+00:00,elpelondelaia,por segundo año consecutivo -Cola lanza su comercial hecho con que les parece el video? rñ recuerden que lo vieron con su amigo ,1911,174,144,https://www.tiktok.com/@elpelondelaia/video/7571271426045463828
social_media,tiktok,2025-03-27 22:11:37+00:00,usuariosdigitales,"⚠️ ALERTA - 27 Marzo 2025 Abuso de la Inteligencia Artificial 🤖 🚨 ATAQUE a candidato Vídeo inauténtico con clonación de voz generado con IA Vídeo original: x.com/MashiRafael/status/1903823675540767040 Denuncia el uso de Inteligencia Artificial en elecciones, si dudas de la veracidad de un vídeo, audio o imagen es posible que haya sido manipulado con IA, escríbenos para denunciarlo ",2,0,1,https://www.tiktok.com/@usuariosdigitales/video/7486615440337227014
social_media,tiktok,2025-03-01 21:11:05+00:00,usuariosdigitales,"⚠️ ALERTA - 1 Marzo 2025 Abuso de la Inteligencia Artificial 🤖 🎭SÁTIRA a candidato Vídeo sintético generado con IA con deepfake de candidato Denuncia el uso de Inteligencia Artificial en elecciones, si dudas de la veracidad de un vídeo, audio o imagen es posible que haya sido manipulado con IA, escríbenos para denunciarlo ",10,0,2,https://www.tiktok.com/@usuariosdigitales/video/7476951622707350789
social_media,tiktok,2025-02-27 01:48:10+00:00,usuariosdigitales,"⚠️ ALERTA - 26 febrero 2025 Abuso de la Inteligencia Artificial 🤖 🎭SÁTIRA a candidato Vídeo sintético generado con IA con deepfake de candidato Denuncia el uso de Inteligencia Artificial en elecciones, si dudas de la veracidad de un vídeo, audio o imagen es posible que haya sido manipulado con IA, escríbenos para denunciarlo ",10,0,0,https://www.tiktok.com/@usuariosdigitales/video/7475909757241511223
social_media,tiktok,2025-03-19 22:58:07+00:00,usuariosdigitales,"⚠️ ALERTA - 19 Marzo 2025 Abuso de la Inteligencia Artificial 🤖 🎭SÁTIRA a candidatos Vídeo sintético generado con IA con deepfake de candidatos Vídeo original: Denuncia el uso de Inteligencia Artificial en elecciones, si dudas de la veracidad de un vídeo, audio o imagen es posible que haya sido manipulado con IA, escríbenos para denunciarlo González",7,0,1,https://www.tiktok.com/@usuariosdigitales/video/7483658734057655557
social_media,tiktok,2025-04-04 00:40:56+00:00,usuariosdigitales,"⚠️ ALERTA - 3 Abril 2025 Abuso de la Inteligencia Artificial 🤖 🚨 ATAQUE a candidato Vídeo inauténtico con clonación de voz generado con IA Vídeo original: vm.tiktok.com/ZMBHNA7fp/ Denuncia el uso de Inteligencia Artificial en elecciones, si dudas de la veracidad de un vídeo, audio o imagen es posible que haya sido manipulado con IA, escríbenos para denunciarlo ",20,0,4,https://www.tiktok.com/@usuariosdigitales/video/7489251500993154359
social_media,tiktok,2025-04-10 21:50:13+00:00,usuariosdigitales,"⚠️ ALERTA - 10 Abril 2025 Abuso de la Inteligencia Artificial 🤖 🚨 ATAQUE a candidato Vídeo inauténtico con clonación de voz generado con IA Vídeo original: tiktok.com//video/7491345711418772742 Denuncia el uso de Inteligencia Artificial en elecciones, si dudas de la veracidad de un vídeo, audio o imagen es posible que haya sido manipulado con IA, escríbenos para denunciarlo ",16,0,3,https://www.tiktok.com/@usuariosdigitales/video/7491805117847522566
social_media,tiktok,2025-03-08 17:51:45+00:00,usuariosdigitales,"⚠️ ALERTA - 8 Marzo 2025 Abuso de la Inteligencia Artificial 🤖 🎭SÁTIRA a candidato Vídeo sintético generado con IA con deepfake de candidato Denuncia el uso de Inteligencia Artificial en elecciones, si dudas de la veracidad de un vídeo, audio o imagen es posible que haya sido manipulado con IA, escríbenos para denunciarlo ",14,0,0,https://www.tiktok.com/@usuariosdigitales/video/7479497852499053829
social_media,tiktok,2025-01-21 09:29:03+00:00,tutopress,"Tendencia 2025 : inteligencia artificial Si bien la inteligencia artificial será muy importante, aun debes enviar la información de conversiones para que la IA optimice tus campañas y te lleve al público más propenso a convertir. ",5,0,0,https://www.tiktok.com/@tutopress/video/7462298382141312262
social_media,tiktok,2025-10-08 16:39:03+00:00,chouink_agency237,10 IA à utiliser en 2025 ,7479,10700,114,https://www.tiktok.com/@chouink_agency237/video/7558891343041318200
social_media,tiktok,2025-02-07 18:15:33+00:00,indieprojectmx,Descubre y maximiza el potencial de la IA en tu estrategia comercial del 2025. Acércate a nosotros para llegar más rápido a tus KPI’s del Q1. ,11,1,0,https://www.tiktok.com/@indieprojectmx/video/7468742508252630278
social_media,tiktok,2025-05-31 17:37:42+00:00,lichote_,IA 2021 x IA 2025 🤯 . . . . 🔓🕊👫💍,582200,65200,3547,https://www.tiktok.com/@lichote_/video/7510665382881987845
social_media,tiktok,2025-05-26 12:54:49+00:00,escolafuturooficial_,"Tendência 2025🇺🇸 Essa é a nova tendência do mercado digital nos Estados Unidos, que está tornando muita gente milionária em 2025. Você cria atendentes virtuais com IA e presta esse serviço para as empresas personalizadas ",3260,215,41,https://www.tiktok.com/@escolafuturooficial_/video/7508737065979268358
social_media,tiktok,2025-10-27 00:56:15+00:00,isabelyclickshop,"La IA no es una moda, ¡es el futuro de los negocios! En 2025, las oportunidades serán infinitas. ¡Prepárate para la revolución y escala tu negocio! ",0,0,0,https://www.tiktok.com/@isabelyclickshop/video/7565698923675880718
social_media,tiktok,2025-12-11 17:17:30+00:00,g1,"A revista norte-americana Time escolheu os personagens ""arquitetos da IA"" como pessoas do ano em 2025. O anúncio ocorreu nesta quinta-feira (11). Em uma das duas capas divulgadas na edição de 2025, a revista mostra, em uma imagem gerada por IA, CEOs de big techs como Mark Zuckerberg (Meta), Lisa Su (AMD), Elon Musk (Tesla, SpaceX), Jensen Huang (Nvidia), Sam Altman (OpenAI), Satya Nadella (Microsoft), entre outros. Na imagem, os executivos estão sentados em uma estrutura de aço no topo de um prédio, conversando. A criação da Time é uma referência à foto tirada em 1932 de 11 operários em cima de uma viga durante a construção do arranha-céus Rockefeller Plaza, em Nova York. ""2025 foi o ano em que todo o potencial da inteligência artificial se revelou, e quando ficou claro que não haveria volta. Por inaugurar a era das máquinas pensantes, por impressionar e preocupar a humanidade, por transformar o presente e transcender o possível, os Arquitetos da IA ​​são as Personalidades do Ano de 2025 da TIME"", escreveu a revista. Leia mais no ",2159,20,50,https://www.tiktok.com/@g1/video/7582650694365220117
social_media,tiktok,2025-12-27 21:05:56+00:00,entertainment_square,"A Tik Tok creator just used Al to turn 2025's chaotic internet culture into a full cinematic experience. All the memes, trends, and random moments that lived on our timeline this year come together to create a masterpiece. What's crazy is that it's almost entirely built with Al. A perfect example at how these tools are being used to document culture by taking year of digital history and making it look like a high end production. ",1595,1098,67,https://www.tiktok.com/@entertainment_square/video/7588646907312983304
social_media,tiktok,2024-06-19 16:09:04+00:00,hablemos.de.consp,Respuesta a 🇲🇽,3487,76,414,https://www.tiktok.com/@hablemos.de.consp/video/7382247087791983878
social_media,tiktok,2025-09-12 21:16:38+00:00,oscar_goldmaind, 🐐🐐,23,0,0,https://www.tiktok.com/@oscar_goldmaind/video/7549314661414391047
social_media,tiktok,2025-09-28 23:00:07+00:00,akashsolucoes,"🔥 ESSAS 7 IAs VÃO MUDAR SEU 2025! Se você quer produzir conteúdo profissional, economizar HORAS de trabalho e impressionar todo mundo, PRECISA conhecer essas ferramentas! 🚀 📝 CLAUDE - A melhor IA para criar textos, roteiros, legendas… Supera até o ChatGPT em muitas tarefas! 🎨 LEONARDO - Gera imagens profissionais que parecem feitas por designers. De graça! 🎙️ ELEVENLABS - Transforma qualquer texto em voz ultra realista. Perfeito pra narração! 🧠 CHATMIND - Cria mapas mentais automáticos. Organize suas ideias em segundos! 🏆 IDEOGRAM - Faz logos incríveis com texto perfeito. Ideal pra marcas e negócios! 🎬 CAPCUT - Editor de vídeo com IA que faz TUDO sozinho. Cortes, legendas, efeitos… 🎵 SUNO - Cria músicas originais completas! Escolhe o estilo e pronto! Salva esse vídeo e começa a usar HOJE! 🔖 Qual você vai testar primeiro? 👇 Soluções por IA Soluções por IA Soluções por IA",31,3,1,https://www.tiktok.com/@akashsolucoes/video/7555278682059754764
social_media,tiktok,2025-10-06 16:45:04+00:00,thalesdamidia, ,69,8,2,https://www.tiktok.com/@thalesdamidia/video/7558150709582073144
social_media,tiktok,2025-01-06 02:18:25+00:00,fabianortizt,"Feliz Año 2025! Iniciamos comentando sobre el inicio de la Campaña Electoral para las elecciones generales 2025, resumiendo algo sobre las actividades de los presidenciales en este día uno de campaña. ",18,1,2,https://www.tiktok.com/@fabianortizt/video/7456621127029361925
social_media,tiktok,2025-01-06 00:54:03+00:00,paulgavilanezn, ,163,3,31,https://www.tiktok.com/@paulgavilanezn/video/7456599374970342661
social_media,tiktok,2025-01-08 02:54:50+00:00,albertodayimadelyne,nan,6,0,0,https://www.tiktok.com/@albertodayimadelyne/video/7457372666417270046
social_media,tiktok,2025-04-13 18:55:59+00:00,elianaasitimbay, 55555 todito 5555 Ecuador 🇪🇨 2025,33,0,3,https://www.tiktok.com/@elianaasitimbay/video/7492873358321782046
social_media,tiktok,2025-11-11 17:55:20+00:00,soyecuatorianoec,Que pasaría si Ecuador gana la copa del Mundo según la IA 🇪🇨 ,18400,4445,474,https://www.tiktok.com/@soyecuatorianoec/video/7571527803141737759
social_media,tiktok,2025-02-14 00:43:33+00:00,elorgulloecuatorino0,🇪🇨🌏💫 🇪🇨💜💪🏻 #💜💜💜🇪🇨🇪🇨🇪🇨 🇪🇨 🇪🇨 #💜💜💜🇪🇨 🇪🇨 🇪🇨 🇪🇨 🗣️💜💜💜💜 DEMOCRÁTICA NACIONAL 💜,213,8,21,https://www.tiktok.com/@elorgulloecuatorino0/video/7471068977326804270
social_media,tiktok,2025-04-13 11:40:56+00:00,diana_del_valle_menoscal,A ejercer mi derecho al voto ✍️ 🤠 ,46,0,5,https://www.tiktok.com/@diana_del_valle_menoscal/video/7492761362897063173
social_media,tiktok,2025-02-10 13:20:29+00:00,lilianiza_,NOOO!! 🫠 JAJAJAJA ,1726,479,14,https://www.tiktok.com/@lilianiza_/video/7469779730686872837
social_media,tiktok,2026-01-13 09:04:43+00:00,mayor_722,congreso nacional hoy ,187,21,16,https://www.tiktok.com/@mayor_722/video/7594769514693168395
social_media,tiktok,2025-11-19 11:13:53+00:00,diegosaavedra1441,nan,383,97,650,https://www.tiktok.com/@diegosaavedra1441/video/7574393135183236373
social_media,tiktok,2024-06-03 13:48:17+00:00,luzdeluna0244,# DESDE ISRAEL LA VICRPRESIDENTA # HOY .#,36,0,3,https://www.tiktok.com/@luzdeluna0244/video/7376273443853044997
social_media,tiktok,2023-08-15 12:12:33+00:00,querido.ec,"Por odio a Correa se Vota por cualquiera, pero por amor a la patria 🇪🇨 votamos por Luisa González Presidenta. ✋💙 ",7883,2605,794,https://www.tiktok.com/@querido.ec/video/7267520820946144518
social_media,tiktok,2025-01-15 19:28:18+00:00,ecuadorenlupa,🇪🇨 ,41,13,16,https://www.tiktok.com/@ecuadorenlupa/video/7460226295700409642
social_media,tiktok,2025-04-12 03:22:05+00:00,wilopradoec,😱🔴 Empezó la la ley seca El domingo todos a votar. 🇪🇨,762,10,33,https://www.tiktok.com/@wilopradoec/video/7492261721755618615
social_media,tiktok,2025-01-16 18:23:22+00:00,la.tv.murcia,"El domingo 9⃣ de febrero, los ecuatorianos empadronados en el exterior 🌐 votarán de forma presencial en las . 🗳️🇪🇨 Para sufragar deben presentar cualquiera de estos documentos, vigentes o caducados: ✅ Cédula de identidad ✅ ID Consular ✅ Pasaporte Más detalles en el siguiente video. ⬇️📽️",1,1,0,https://www.tiktok.com/@la.tv.murcia/video/7460580657480142113
social_media,tiktok,2023-10-19 20:44:09+00:00,gusjimcor67,OPOSICIÓN DEMOCRÁTICA ,83,57,0,https://www.tiktok.com/@gusjimcor67/video/7291773155490843910
social_media,tiktok,2025-04-08 18:04:43+00:00,carinacede__, ,39,2,4,https://www.tiktok.com/@carinacede__/video/7491004844115823894
social_media,tiktok,2025-10-02 22:59:48+00:00,atv.plusec,Así será la papeleta para el referéndum 2025. 🗳️🇪🇨 🇪🇨 ,34,5,4,https://www.tiktok.com/@atv.plusec/video/7556762939961642296
social_media,tiktok,2025-04-29 01:46:55+00:00,escolafuturooficial_,Como criar uma inteligência artificial sem código e de graça em 2025. Nova onda do mercado digital para 2025. A criação de agentes de IA para atender negócios locais ou prestação de serviço. ,145,6,3,https://www.tiktok.com/@escolafuturooficial_/video/7498545644894784774
social_media,tiktok,2025-08-26 19:47:24+00:00,lucasmoura.ia,"Quer saber como ganhar dinheiro usando inteligência artificial em 2025? Nesse vídeo eu mostro 5 IAs que podem ajudar você a transformar tempo em lucro. Do marketing às imagens, passando por produtividade e criação de conteúdo — confira quais ferramentas estão no topo este ano. 🔹 5 IAs para ganhar dinheiro em 2025 🔹 Tendências de IA e novas ferramentas 🔹 Como usar inteligência artificial para gerar renda Se você busca produtividade, renda extra ou até novas formas de empreender, essas ferramentas vão te surpreender. ",62,8,5,https://www.tiktok.com/@lucasmoura.ia/video/7542983209617755398
social_media,tiktok,2025-04-14 14:47:23+00:00,alvis.wolff, ,0,0,0,https://www.tiktok.com/@alvis.wolff/video/7493180493547015446
social_media,tiktok,2025-10-29 20:42:38+00:00,trendtopdicas,"🧠 A IA que tá viralizando em 2025 se chama Banana Prompts 🍌 Ela encontra prompts virais em segundos, ajudando criadores e profissionais a gerar ideias poderosas e conteúdos que explodem nas redes 💥 Imagina ter uma IA que pensa antes mesmo de você pedir? É isso! 🚀 👉 Você usaria uma IA assim pra turbinar suas criações? Comenta aí 👇 ",56,16,7,https://www.tiktok.com/@trendtopdicas/video/7566746876284767508
social_media,tiktok,2025-12-12 00:31:52+00:00,g1,A revista Time escolheu os empresários responsáveis por desenvolver a Inteligência Artificial como a Personalidade do Ano. A escolha destaca o impacto da tecnologia no mundo em 2025. O Jornal Nacional mostrou quem são os nomes por trás das maiores inovações de IA e o que isso significa para o futuro. Leia mais no ,33000,269,200,https://www.tiktok.com/@g1/video/7582762627793751314
social_media,tiktok,2025-11-14 19:47:17+00:00,tortugavision,Preguntas del referéndum 2025 que tendrá lugar el día 16 de Noviembre para todos los ecuatorianos. Comparte este video para que todos los ecuatorianos acudamos preparados a votar. 🇪🇨🌏 ,83,32,33,https://www.tiktok.com/@tortugavision/video/7572670013824388374
social_media,tiktok,2026-01-18 19:32:35+00:00,alcidesacostaec, Rivadeneira la nueva presidenta de la revolución ciudadana... ,8151,653,1127,https://www.tiktok.com/@alcidesacostaec/video/7596786400620498193
social_media,tiktok,2025-09-23 23:12:22+00:00,elestelarec," En redes sociales circulan video de los manifestantes haciendo retroceder a cientos de militares en . Los uniformados han hecho uso progresivo de la fuerza y lanzado gas, pero la multitud no retrocede y avanza. ́ANACIONAL",12400,2390,548,https://www.tiktok.com/@elestelarec/video/7553426422879030539
social_media,tiktok,2025-10-15 22:44:47+00:00,sonorama_ec,"ORGANIZACIONES SOCIALES Y SINDICALES SE CONCENTRAN EN UNIDAD DE FLAGRANCIA, QUITO La marcha convocada por organizaciones sociales y sindicatos llegó hasta la Unidad de Flagrancia en la avenida Patria, Quito, en el marco del Paro Nacional 2025. La movilización se desarrolla como parte de sus jornadas de protesta y busca visibilizar sus demandas en un espacio de concentración pacífica. ",199,11,10,https://www.tiktok.com/@sonorama_ec/video/7561583182861061388
social_media,tiktok,2026-01-18 03:31:04+00:00,llivjs4,"CARETUCOS|| 🚨🤡 El gobierno de Daniel Noboa y la Vicepresidenta Pinto, INAUGURAN en un Centro de Salud, que fue hecho por Los Propios Habitantes, gracias a las Compensación por el Petróleo, son tan sinvergüenza que llevaron gente de afuera, y prohibieron a la Comunidad, celebrar algo que por derecho se lo han ganado con dolor y lucha, que vergüenza señores Noboa, Robar Obras de otros es Malo y descarado. # sucumbios ",3702,1178,20,https://www.tiktok.com/@llivjs4/video/7596538980414393608
social_media,tiktok,2025-10-28 02:55:11+00:00,colorado9684, ,198,31,38,https://www.tiktok.com/@colorado9684/video/7566100739211218183
social_media,tiktok,2025-04-12 00:30:41+00:00,yaceleryc3,🇪🇨🇪🇨🇪🇨guayaquil💥⚡⛈,963,173,29,https://www.tiktok.com/@yaceleryc3/video/7492217554778295558
social_media,tiktok,2025-02-02 12:36:37+00:00,ochrisprado,"🚀 As MELHORES IAs para usar em 2025! 🤖🔥 Quer criar textos, imagens, vídeos, música e muito mais com inteligência artificial? Aqui estão as ferramentas TOP que vão facilitar sua vida! 👇 📝 Criar textos - ChatGPT 🎨 Criar imagens - Leonardo AI 🎬 Criar vídeos - Invideo 📊 Criar apresentações - Gamma AI 🎵 Criar música - Suno AI 🎙 Clonar voz - Eleven Labs 🧠 Criar mapas mentais - Chatmind 🔊 Transcrever áudios - Notta AI 🔥 Criar logos - Recraft AI 💡 Gerar ideias e planos - Gemini 💡 Gostou dessas dicas? Então curte ❤️, compartilha 📲 e me segue para mais conteúdos como esse! ",202,35,7,https://www.tiktok.com/@ochrisprado/video/7466799759206927621
social_media,tiktok,2025-01-02 18:30:00+00:00,nmaxvision,Que nuevas innovaciones tendra la IA en 2025? 🤔🤖 ,693,22,13,https://www.tiktok.com/@nmaxvision/video/7455356007770868998
social_media,tiktok,2025-11-07 11:15:19+00:00,ofernandorank,"Testei as principais IAs lançadas em 2025 e essas são as 10 melhores. Essas IAs são tudo o que você precisa pra criar qualquer coisa que imaginar. E se você quiser aprender a usar todas essas lA's, é só me seguir.",4250,1416,164,https://www.tiktok.com/@ofernandorank/video/7569940484781559047
social_media,tiktok,2025-06-13 23:39:57+00:00,jefdicastech,Se você ainda não está usando essas ferramentas está ficando atrasado! 😮 Veja tudo o que você pode fazer com IA em 2025 🧠Criar textos: ChatGPT 🖼️Criar imagens: Leonardo Al 📊Criar apresentações: Gamma 🎶Criar música: Suno 📈Criar mapas mentais: Chatmind 🎨Criar logos: Recraft 🎥Editar vídeos: Edits ✈️Planejar viagens: Gemini 🗣️Clonar sua voz: Fish Áudio 🎙️Transcrever audios: Notta Qual você não sabia e vai usar? ,1437,438,13,https://www.tiktok.com/@jefdicastech/video/7515582844521975046
social_media,tiktok,2025-02-12 15:56:16+00:00,escolafuturooficial_,"Tendência 2025🇺🇸 Esse é a nova tendência do mercado digital nos Estados Unidos, que está tornando muita gente milionária em 2025. Você cria atendentes virtuais com IA e preta esse serviço para as empresas personalizadas ",2445,226,539,https://www.tiktok.com/@escolafuturooficial_/video/7470562060032576823
social_media,tiktok,2025-06-25 14:57:26+00:00,maviimarketing,Complete list of Al for every situation! ,165900,29500,913,https://www.tiktok.com/@maviimarketing/video/7519901223353404680
social_media,tiktok,2025-01-11 22:23:04+00:00,ia7brasil,As Melhores IAs Gratuitas para Usar em 2025: Ferramentas que Você Precisa Conhecer ,66,13,6,https://www.tiktok.com/@ia7brasil/video/7458786993988799749
social_media,tiktok,2024-12-13 11:10:58+00:00,ainimation.studio, ,0,0,0,https://www.tiktok.com/@ainimation.studio/video/7447852244294192416
social_media,tiktok,2026-01-18 19:19:31+00:00,kevingeek_,"Una de las IAs más completas del mercado estará GRATIS durante todo el 2026. .ai es un All-in-One AI Workspace que te permite usar AI Chat y AI Image de forma ilimitada, además de crear páginas web, presentaciones, diseños y mucho más, todo desde un solo lugar. Para que te hagas una idea del nivel de esta plataforma: Genspark alcanzó $100M en ingresos anuales en solo 9 meses. 👉 Puedes probar Genspark gratis con créditos usando el link de mi perfil. ",1912,767,38,https://www.tiktok.com/@kevingeek_/video/7596783371624254728
social_media,tiktok,2026-01-19 21:36:43+00:00,carlosjaraj,La realidad de la política de contaminado por las m ,485,182,12,https://www.tiktok.com/@carlosjaraj/video/7597189819164314898
social_media,tiktok,2024-11-20 15:11:25+00:00,fricksonerazooficial,"A mis queridos Esmeraldeños, la campaña sucia no tiene limites, ya ustedes saben quienes actúan así. Una vez más les digo que estén tranquilos... esa es la cobarde respuesta de quienes no cuentan con el apoyo de la gente y no les queda más que usar campañas de odio. Por nuestra parte a seguir con entusiasmo y optimismo... la mejor respuesta es la que estamos dando cada día! Ni un solo voto a quienes pretenden arrebatarnos la oportunidad de futuro para Esmeraldas y el país entero. . . . . ",758,32,44,https://www.tiktok.com/@fricksonerazooficial/video/7439379325587115319
social_media,tiktok,2026-01-19 16:44:01+00:00,patriciachiribogaf,🇪🇨❤️ 🇪🇨 ,4868,654,139,https://www.tiktok.com/@patriciachiribogaf/video/7597114038715239697
social_media,tiktok,2026-01-20 00:31:51+00:00,angeltipantua7,"La de la de Ecuador posesionó a la nueva Directiva Nacional de esta encabezada por Gabriela Rivadeneira y su equipo. Muchos éxitos en su gestión para generar la unidad de las izquierdas, cerrando fila a los traidores y oportunista.",964,64,160,https://www.tiktok.com/@angeltipantua7/video/7597234880245779734
social_media,tiktok,2025-01-26 23:14:24+00:00,pedropaulobastos1,"💡 Em 2025, você pode ser literalmente o Homem de Ferro! Com as novas tecnologias, como o Operator da OpenAI, você já consegue usar a IA para controlar o seu computador com simples comandos. 🚀Além disso, existem projetos incríveis no GitHub que permitem integrar modelos de IA ao seu navegador, e o Google está trazendo ferramentas como o Mariner, uma IA integrada para otimizar pesquisas e até gerenciar contatos com facilidade. 🔥A revolução já começou e, se você imaginar, provavelmente existe uma IA que faz o que você está pensando! 🤖 👉 Curta e comente: qual tecnologia você quer conhecer a seguir? ",54,52,4,https://www.tiktok.com/@pedropaulobastos1/video/7464366506500001030
social_media,tiktok,2025-07-17 12:08:02+00:00,lucasflame.ai,Essas são as melhores IAs pra você começar ainda em 2025 no digital🔥 ,261,64,2,https://www.tiktok.com/@lucasflame.ai/video/7528021440390565176
social_media,tiktok,2025-06-20 14:49:57+00:00,soqui.mx,"Con la IA puedes crear en masa, pero si todo suena igual, lo que falla no es la herramienta… es la voz de tu marca.",22,2,1,https://www.tiktok.com/@soqui.mx/video/7518043869007727890
social_media,tiktok,2026-01-19 15:13:51+00:00,dreixxkode,"🐛 ¿CHAU QA MANUAL? 👋IA Testea tu Web Sola 🤖✨ 🧪 IA y Automatización en el Rol de QA Engineer La Inteligencia Artificial no solo escribe código, ahora también lo rompe (para bien). Te presento Abacus AI De-Buggin, la herramienta que busca automatizar el rol del QA Engineer. 🕵️‍♂️ Esta IA navega de forma autónoma por tu sitio web simulando ser un usuario real: registra cuentas, valida formularios complejos y completa flujos de compra para encontrar errores. ⚙️ Capacidades brutales: Navegación Autónoma: Ejecuta planes de prueba integrales sin guiones manuales. Evaluación UX: Detecta fallos en la experiencia de usuario. Reportes Automáticos: Se conecta a Google Drive y te deja el reporte en Excel o HTML. 📊 Cronograma: Puedes programar tareas recurrentes para que testee mientras duermes. Delegar el testing técnico optimiza tiempos y asegura calidad sin supervisión constante. ¿Confiarías en una IA para aprobar tu pase a producción? 👇 ",55,3,1,https://www.tiktok.com/@dreixxkode/video/7597091134116236564
social_media,tiktok,2024-12-18 16:09:24+00:00,robertospantoja,5 Inteligências Artificiais para Empresários 2025 ,21,3,3,https://www.tiktok.com/@robertospantoja/video/7449784672051039493
social_media,tiktok,2024-12-19 14:12:58+00:00,baimdigimarketing,"Digital marketer wajib tahu nih! 🎯 Dengan tools AI ini, kerja makin cepat, hasil makin maksimal. Jangan sampai ketinggalan ya! 💡 ",5867,468,42,https://www.tiktok.com/@baimdigimarketing/video/7450125753552882951
social_media,tiktok,2025-08-10 13:53:22+00:00,luispdoesai,"POV: You time travel ⏳ back to the 80’s—big hair 💇‍♀️, mixtapes 🎶, kids playing outside until the streetlights came on 🌆. You tell them about 2025… and watch their faces drop 😳. 📚 Free AI Guides in bio 📚 A world where everyone’s glued to glowing screens 📱, conversations replaced by notifications 🔔, and “hanging out” means a group chat 💬. We traded backyard games 🏃‍♂️ for scrolling 📲, record stores 💿 for playlists 🎵, and real connection 🤝 for digital hearts ❤️. ",2290,415,58,https://www.tiktok.com/@luispdoesai/video/7536954315135667470
social_media,tiktok,2025-05-19 17:53:26+00:00,yragan_ai,"Ты можешь зарабатывать в 2025 без команды! Рассказал про три схемы, где современные инструменты берут все на себя. Узнай, как превратить идеи в деньги без напряга! И не забудь написать слово ДЕНЬГИ в комментариях, чтобы получить подробную видеоинструкцию. ",1129,287,406,https://www.tiktok.com/@yragan_ai/video/7506216418908605704
social_media,tiktok,2025-05-24 22:16:48+00:00,giovanniartes, ,1668,370,35,https://www.tiktok.com/@giovanniartes/video/7508139711999839493
social_media,tiktok,2025-03-16 20:44:13+00:00,absolute.ego1st, ,4721,796,29,https://www.tiktok.com/@absolute.ego1st/video/7482510972884700422
social_media,tiktok,2025-10-11 09:18:57+00:00,giovanniartes,Use this template ,1818,1539,49,https://www.tiktok.com/@giovanniartes/video/7559891193249729848
social_media,tiktok,2026-01-15 14:17:31+00:00,jeorgeouus,TOYOTA FAIRVIEW INC. For Queries Call/SmS/Viber/Whatsapp/Email 🪬🧿🧿🪬 Jeorgia “KHAMZ” Javier 0947-0205567 ( smart/whatsapp ) 0968-8525870 ( viber ready ) kamillejavier61.com Marketing Professional Toyota Fairview Inc.,6,0,0,https://www.tiktok.com/@jeorgeouus/video/7595592308448316692
social_media,tiktok,2025-04-11 14:30:40+00:00,usuariosdigitales,"⚠️ ALERTA - 11 Abril 2025 Abuso de la Inteligencia Artificial 🤖 🚨 ATAQUE a candidato Vídeo inauténtico con deepfake y clonación de voz generado con IA Vídeo original: vm.tiktok.com/ZMBVBmymL/ Denuncia el uso de Inteligencia Artificial en elecciones, si dudas de la veracidad de un vídeo, audio o imagen es posible que haya sido manipulado con IA, escríbenos para denunciarlo ",32,3,0,https://www.tiktok.com/@usuariosdigitales/video/7492062925390204166
social_media,tiktok,2025-04-12 20:27:43+00:00,usuariosdigitales,"⚠️ ALERTA - 12 Abril 2025 Abuso de la Inteligencia Artificial 🤖 🤝 APOYO a candidato Vídeo inauténtico con clonación de voz con generado con IA Vídeo original: facebook.com/reel/974236274692999 Denuncia el uso de Inteligencia Artificial en elecciones, si dudas de la veracidad de un vídeo, audio o imagen es posible que haya sido manipulado con IA, escríbenos para denunciarlo ",37,1,0,https://www.tiktok.com/@usuariosdigitales/video/7492526020369714438
social_media,tiktok,2025-03-24 21:10:57+00:00,usuariosdigitales,"⚠️ ALERTA - 24 Marzo 2025 Abuso de la Inteligencia Artificial 🤖 🎭SÁTIRA a candidato Vídeo sintético generado con IA con deepfake de candidato Vídeo original: tiktok.com//video/7485211905150291222 Denuncia el uso de Inteligencia Artificial en elecciones, si dudas de la veracidad de un vídeo, audio o imagen es posible que haya sido manipulado con IA, escríbenos para denunciarlo ",54,1,2,https://www.tiktok.com/@usuariosdigitales/video/7485486542077644087
social_media,tiktok,2025-04-13 18:48:57+00:00,rosmeryreyes854, 🇪🇨,415,107,50,https://www.tiktok.com/@rosmeryreyes854/video/7492871551478598958
social_media,tiktok,2025-06-07 02:00:04+00:00,usuariosdigitales,"⚠️ ALERTA - 6 Junio 2025 Abuso de la Inteligencia Artificial 🤖 🎭SÁTIRA a asambelísta Vídeo inauténtico manipulado con IA con clonación de voz Vídeo original: vm.tiktok.com/ZMSSHg4yq/ Denuncia el uso de Inteligencia Artificial en elecciones, si dudas de la veracidad de un vídeo, audio o imagen es posible que haya sido manipulado con IA, escríbenos para denunciarlo ",65,4,6,https://www.tiktok.com/@usuariosdigitales/video/7513021347098873094
social_media,tiktok,2025-11-16 19:00:38+00:00,gordita_guayaca, 🇪🇨,2837,1747,81,https://www.tiktok.com/@gordita_guayaca/video/7573400138048163093
social_media,tiktok,2025-11-12 03:08:33+00:00,2025gabys,"Una constitución hecha a la medida del presidente y de la élite que representa. La lucha por los derechos de la naturaleza, la equidad en la educación y la lucha social por derechos de trabajadores se van por el caño. 🇪🇨❤️ ",86,16,5,https://www.tiktok.com/@2025gabys/video/7571670456609279252
social_media,tiktok,2025-04-11 15:46:42+00:00,lupamedia,"🔍 | ¿Luisa González afirmó en una entrevista con Teleamazonas que implementará los ecuadólares? ¡Falso! ❌ 🤔¿Cómo lo sabemos? ✅El video que circula en redes sociales fue manipulado con inteligencia artificial. ✅La entrevista original, grabada el 24 de marzo de 2025, muestra a Luisa González hablando sobre las relaciones diplomáticas de Ecuador con otros países como México y Rusia🌎 Revisa esta y más verificaciones del proceso electoral en lupa.com.ec ✅ ",229,48,0,https://www.tiktok.com/@lupamedia/video/7492082518506622214
social_media,tiktok,2025-01-24 00:01:03+00:00,aprendeva.preu,Estudiar software y sistemas ya no es rentable? todos seremos reemplazados por la IA? Qué piensas acerca de esto? ,198,17,6,https://www.tiktok.com/@aprendeva.preu/video/7463265257654439173
social_media,tiktok,2025-08-23 21:46:43+00:00,felipecatalan81,📊 ¿Puede la IA anticipar lo que pasará en las encuestas presidenciales de Chile? Le pedí a una inteligencia artificial que analizara todo lo que hicieron los candidatos la última semana y que proyectara los resultados de la próxima Cadem. 👉 ¿Acertará o no? Mira el video y dime en los comentarios qué opinas de estas predicciones. ,151,10,10,https://www.tiktok.com/@felipecatalan81/video/7541900704886033669
social_media,tiktok,2025-03-20 11:41:11+00:00,giovanniartes,"If you liked it, please use this template or share the links to my work, as this helps me produce more content like this. Thank you very much! ",5216,1847,113,https://www.tiktok.com/@giovanniartes/video/7483855374571867398
social_media,tiktok,2025-06-17 21:13:33+00:00,escolafuturooficial_,"Tendencia 2025 🇺🇸 Essa é a nova tendência do mercado digital nos Estados Unidos, que está tornando muita gente milionária em 2025. Você cria atendentes virtuais com IA e presta esse serviço para as empresas personalizadas ",164,12,9,https://www.tiktok.com/@escolafuturooficial_/video/7517029454711917829
social_media,tiktok,2025-09-06 01:10:00+00:00,inbetterworld,"🚀 ¿Qué sistemas con AI te están funcionando en 2025? Estoy probando flujos automatizados, ventas directas y hasta voces clonadas con Eleven Labs. Quiero escuchar tus criterios y experiencias. 👇 ",8,1,0,https://www.tiktok.com/@inbetterworld/video/7546777162683092255
social_media,tiktok,2024-09-12 23:48:18+00:00,eduardovazquez.ia,"🚀 ¡Prepárate para el 2025! La revolución de la IA ya está aquí, y las tendencias que vienen van a cambiarlo todo. No se trata de robots por las calles, sino de innovaciones que transformarán negocios, automatizarán tareas y maximizan la eficiencia. 📊 En este video te muestro las 5 tendencias clave que debes conocer para adelantarte al cambio: desde agentes de IA especializados hasta APIs de lenguaje natural. Aprende a integrarlas en tu negocio y descubre ejemplos reales que están redefiniendo industrias. ¿Estás listo para el futuro? ⚡️ No te quedes atrás y asegura tu ventaja competitiva. Comenta ""2025"" y te envío el enlace con el video completo! ",1763,203,60,https://www.tiktok.com/@eduardovazquez.ia/video/7413907653371514118
social_media,tiktok,2025-09-23 22:47:59+00:00,umqualquermobile, 🥀🥀,7130,2185,77,https://www.tiktok.com/@umqualquermobile/video/7553420128730336523
social_media,tiktok,2025-10-15 23:32:31+00:00,sebraesp,"🤖 A Inteligência Artificial é o grande destaque da Feira do Empreendedor 2025! Quer aprender como usar a IA para impulsionar o seu negócio? Então vem conhecer a Arena Inteligência Artificial! 🚀 ✨ Explore o túnel imersivo de IA, participe de palestras sobre inovação e conheça startups incríveis que estão transformando o mercado. 📅 15 a 18 de outubro ⏰ Das 10h às 20h 📍 São Paulo Expo 💥 Entrada gratuita Inscreva-se em fe25.com.br e vem aprender a utilizar a inteligência empreendedora a favor do seu negócio!",36,1,4,https://www.tiktok.com/@sebraesp/video/7561595471655980300
social_media,tiktok,2025-07-12 13:48:54+00:00,euficandorico,Conteúdos p/ Monetizar 2025 📲💰,13400,1233,330,https://www.tiktok.com/@euficandorico/video/7526192007899843846
social_media,tiktok,2025-04-09 02:37:58+00:00,raper.cristiano, 2025-2029luisapresidenta,54,4,8,https://www.tiktok.com/@raper.cristiano/video/7491137098397895941
social_media,tiktok,2025-04-14 06:22:54+00:00,djgregoriomix,nan,85,1,3,https://www.tiktok.com/@djgregoriomix/video/7493050157664177439
social_media,tiktok,2023-08-20 22:27:38+00:00,ecuavisa.noticias,"🗳️ | En medio de un inédito despliegue policial, los candidatos presidenciales han cumplido con su derecho de sufragar el día de hoy. 🇪🇨 ",9675,146,75,https://www.tiktok.com/@ecuavisa.noticias/video/7269534745632197894
social_media,tiktok,2026-01-20 03:10:03+00:00,danielrodriguez_dirb,Jorge calix será diputado al congreso sin haber participado ni haber estado en papeletas ,131,7,25,https://www.tiktok.com/@danielrodriguez_dirb/video/7597275682783235384
social_media,tiktok,2026-01-19 19:58:16+00:00,dmsantos007,¿Será que ese millon 400 mil vuelven a votar por el partido Liberal? 🇭🇳🔥🔥viral 🇭🇳504 ,142,0,36,https://www.tiktok.com/@dmsantos007/video/7597164447626480908
social_media,tiktok,2025-06-28 04:16:13+00:00,stefannyvillavicenc,Candidatos a la Presidencia Ecuador 🇪🇨 2029 votaciones 4 años Mija ni sabes si vamos a llegar al 2029 y usted ya quiere ser candidata descanse mamita ajaja 🇪🇨❤️ ,16700,971,815,https://www.tiktok.com/@stefannyvillavicenc/video/7520849226096446726
social_media,tiktok,2026-01-19 03:56:53+00:00,mayor_722,elecciones honduras presidente ,2797,826,124,https://www.tiktok.com/@mayor_722/video/7596916627447336248
social_media,tiktok,2025-09-17 02:42:32+00:00,laerafuturista,Microsoft anunció su inversión en Reino Unido para impulsar la IA del futuro. El anuncio fue hecho el 16 de septiembre de 2025. ,54,0,2,https://www.tiktok.com/@laerafuturista/video/7550882978101071122
social_media,tiktok,2025-07-09 23:26:08+00:00,eusoujonathan97,Olha esse anuncio que eu fiz com IA pra uma empresa de ar-condicionado ,260,35,20,https://www.tiktok.com/@eusoujonathan97/video/7525227499219913990
social_media,tiktok,2025-07-23 17:56:59+00:00,marketingconjuanpis,"5 noticias de marketing, IA y tecnología – 19 de julio 2025 🧠 OpenAI lanza agentes, Amazon compra wearable, Google redefine el SEO, y más. ¡Actualízate en 60 segundos! ",100,14,6,https://www.tiktok.com/@marketingconjuanpis/video/7530337875859164438
social_media,tiktok,2025-06-10 15:57:58+00:00,escolafuturooficial_,Nova inteligência artificial que ajuda a criar o seu próprio negócio. E essa inteligência artificial é grátis para usar no seu negócio ,100,18,4,https://www.tiktok.com/@escolafuturooficial_/video/7514350537240890629
social_media,tiktok,2025-07-15 11:13:14+00:00,jorgybtz, ,154,2,0,https://www.tiktok.com/@jorgybtz/video/7527264950008483102
social_media,tiktok,2025-10-29 00:00:00+00:00,seocontenidos,"¿Quieres crear videos publicitarios con IA? Para lograrlo solo debes seguir los siguiente pasos: Toma una buena foto de tu producto. Luego entra a Gemini de Google desde gemini.google.com, sube la imagen y haces una captura al texto que sale en el video, para crear la imagen profesional de tu producto. Después entra a Freepik, crea tu cuenta y usa la opción “Generar videos”. Carga la foto, pega el texto siguiente texto: Crea un vídeo cinematográfico y realista de un [nombre del producto] sobre una [superficie o entorno]. La cámara se mueve con energía, con sacudidas naturales, acercamientos y enfoque dinámico. El entorno se transforma en un [nuevo ambiente], donde el producto cobra vida entre [ingredientes, líquidos o partículas del producto] que explotan en cámara lenta. Usa luz cálida, textura hiperrealista, efecto bokeh, movimiento fluido y estilo de comercial premium.Termina con el producto limpio y centrado, rodeado de sus elementos, en un ambiente luminoso y vibrante. ¡Listo! Obtendrás un video promocional realista y de alta calidad para tus redes 🌟 💬 Comenta “IA” si quieres el texto exacto para recrearlo y etiqueta a ese amigo emprendedor que necesita aprender esto ",16000,4016,845,https://www.tiktok.com/@seocontenidos/video/7566399242223258891
social_media,tiktok,2025-06-10 19:53:19+00:00,escolafuturooficial_,"Tendência 2025 🇺🇸 Essa é a nova tendência do mercado digital nos Estados Unidos, que está tornando muita gente milionária em 2025. Você cria atendentes virtuais com lA e presta esse serviço para as empresas personalizadas ",449,66,21,https://www.tiktok.com/@escolafuturooficial_/video/7514411183693188408
social_media,tiktok,2025-01-03 02:51:47+00:00,clipz4dayzs,ISHOWSPEED DAD ON POPEYES AD!!🤯 ,93100,4200,263,https://www.tiktok.com/@clipz4dayzs/video/7455516473272831275
social_media,tiktok,2025-08-06 14:10:12+00:00,primordialcodigo,Crise Automotiva: Montadoras em Apuros no Brasil em 2025! #,3199,364,393,https://www.tiktok.com/@primordialcodigo/video/7535474630488853816
social_media,tiktok,2024-12-24 20:59:58+00:00,jorgeldtfuturista,Las tecnologías exponenciales no dejan de sorprender y este 2025 no será la excepción 🚀📈 Desde una IA Generativa presente en toda la empresa 🏢🤖 hasta llamadas por holograma. ¡El mundo como lo conocemos está a punto de dar un salto cuántico! 🌎🌐 ,2028,976,45,https://www.tiktok.com/@jorgeldtfuturista/video/7452086042561170694
social_media,tiktok,2025-11-19 15:02:55+00:00,platzi,"Black Friday: Invierte en TI, no en cosas 💰 Mientras todos compran productos que pierden valor, invierte en CONOCIMIENTO 🧠 🤖 IA que debes dominar en 2025: • Nano Banana - imágenes IA • Veo 3.1 - videos con IA • Sora - contenido visual automático Miles multiplicaron sus ingresos x3 a x10 aprendiendo IA, inglés, programación y más. La diferencia entre ganar poco y MULTIPLICAR tu salario es el conocimiento. ⏰ Black Friday termina pronto empieza ya en Platzi y aprovecha el mejor precio del año.",632,41,7,https://www.tiktok.com/@platzi/video/7574451891103354113
social_media,tiktok,2025-07-11 22:42:20+00:00,joshualarosa.ai,These 4 ai creators as running the game in 2025. 👇 Ramonov 🍄 Roberts ,82900,17600,1046,https://www.tiktok.com/@joshualarosa.ai/video/7525958243747728654
social_media,tiktok,2025-04-15 17:01:18+00:00,loucurasdasi.a.s,9 Ferramentas de IA que você precisa testar em 2025 🚀 1️⃣ ChatGPT.com (responde qualquer coisa) 2️⃣ RecCloud.com (áudio para texto) 3️⃣ MidJourney.com (arte com IA) 4️⃣ Replit.com (gera códigos) 5️⃣ Synthesia.io (vídeos com IA) 6️⃣ Soundraw.io (música automática) 7️⃣ SlidesAI.io (apresentações rápidas) 8️⃣ PicWish.com (edita imagens) 9️⃣ Relume.io (designs de sites) Inicie agora o seu projeto!!! Me segue para mais conteúdos sobre IAs. ,1579,834,10,https://www.tiktok.com/@loucurasdasi.a.s/video/7493586088334740791
social_media,tiktok,2026-01-20 04:53:37+00:00,hch.tv," | Concluyó el pleno de consejeros del CNE en el que se aprobó la inscripción de Jorge Cálix en el Congreso Nacional para el período 2026-30. ""El CNE ha tenido bien aceptar mi inscripción como diputado. No ha sido una votación por mayoría, fue por unanimidad y le agradezco a Dios. Nos comprometemos a trabajar por el país"", dijo Cálix. FP",2048,98,97,https://www.tiktok.com/@hch.tv/video/7597302371114290443
social_media,tiktok,2025-12-02 23:20:52+00:00,tunota.com,"🚨| 🗳️📊Todos los detalles del avance en el conteo de votos en los diferentes niveles electivos, desde el búnker del Consejo Nacional Electoral (CNE). Sigue EN VIVO a través de YouTube/tunota.com y no te pierdas de toda la información y las últimas noticias nacionales e internacionales. ",455,14,66,https://www.tiktok.com/@tunota.com/video/7579404546267417912
social_media,tiktok,2025-11-08 23:00:00+00:00,jne.peru,🗳️ ¿Sabías que el 2026 también eliges representantes para el Parlamento Andino? 👀 ✅ Aquí te lo explicamos facilito lo que será parte de tu voto en las 🇵🇪✨ ,117,15,4,https://www.tiktok.com/@jne.peru/video/7570057487676722449
social_media,tiktok,2026-01-08 21:44:56+00:00,estralitica,"Ser Ambateño es ser mucho pero mucho ñeque, fueron las palabras de Romina Benítez candidata a reina de Ambato 2026.",2065,1415,110,https://www.tiktok.com/@estralitica/video/7593110002601053447
social_media,tiktok,2026-01-17 18:10:24+00:00,pishkoclipz,nan,685,12,57,https://www.tiktok.com/@pishkoclipz/video/7596394488856136967
social_media,tiktok,2026-01-18 05:21:45+00:00,d.fe.ace,nan,728,111,54,https://www.tiktok.com/@d.fe.ace/video/7596567476083625236
social_media,tiktok,2025-05-30 19:59:01+00:00,elrupangotv_ec,La próxima si cero nervios 🤣🤣🤣 🇭🇹🇪🇨 ,8732,644,149,https://www.tiktok.com/@elrupangotv_ec/video/7510330713833557253
social_media,tiktok,2026-01-19 21:40:09+00:00,canal4ni,"📚✨ Inicia la entrega del Bono Presidencial Escolar 2026 a estudiantes de educación especial en Nicaragua 🇳🇮💙, reafirmando el compromiso con la inclusión, la equidad y el derecho a una educación digna 🎒🤍.",442,12,8,https://www.tiktok.com/@canal4ni/video/7597190701679693112
social_media,tiktok,2025-05-08 00:03:40+00:00,urgentito.ambato,Solo en URGENTITO AMBATO 🧡 súper Danny .Ambato.Jaime .AMBATO.CRISTIANH Ambato by Juanpa ,825,114,91,https://www.tiktok.com/@urgentito.ambato/video/7501858790266932486
social_media,tiktok,2025-02-06 02:22:46+00:00,adigourmet, 🇪🇨 ,2913,86,414,https://www.tiktok.com/@adigourmet/video/7468125896302513414
social_media,tiktok,2026-01-15 01:59:59+00:00,univisiondc,"Abigail Spanberger se convertirá en la primera mujer gobernadora de Virginia y adelantó que planea modificar la orden ejecutiva de su antecesor Glenn Youngkin, limitando la colaboración de autoridades locales con ICE, mientras impulsa políticas de vivienda, economía y protección a inmigrantes",8577,2271,171,https://www.tiktok.com/@univisiondc/video/7595402230644084024
social_media,tiktok,2026-01-20 01:37:27+00:00,edgardoizabal,Aprobado el estado de sitio en el ,1358,400,83,https://www.tiktok.com/@edgardoizabal/video/7597251816174259467
social_media,tiktok,2025-12-27 20:07:40+00:00,marioilijama1, en vida es todo 🇲🇫🇪🇨,523,60,18,https://www.tiktok.com/@marioilijama1/video/7588631893332053256
social_media,tiktok,2026-01-18 03:36:08+00:00,d.marce_19,nan,1209,17,25,https://www.tiktok.com/@d.marce_19/video/7596540284029127954
social_media,tiktok,2026-01-20 00:13:27+00:00,repelojano_noticias,"⚠️🚨 ¡NOBOA LLEGÓ A SUIZA PARA JUGAR EN LAS GRANDES LIGAS! 🇨🇭🌍💼 El presidente Daniel Noboa arribó a Suiza para cumplir una intensa agenda internacional enfocada en inversión, seguridad, sostenibilidad y relaciones económicas, en el marco del Foro Económico Mundial de Davos 2026. 👉 Desde el 19 de enero, Noboa inició reuniones con inversionistas, líderes empresariales y organismos multilaterales. 👉 Participará como expositor en uno de los encuentros del Foro de Davos, donde coincidirá con mandatarios y líderes globales, entre ellos Donald Trump. 👉 Mantendrá citas con representantes de Cargill, la Corporación Financiera Internacional (IFC) y altos ejecutivos del sector financiero y corporativo. 👉 En su agenda constan reuniones con Visa, Palantir Technologies, el FMI, el Banco Mundial y el Banco Interamericano de Desarrollo. 👉 También sostendrá encuentros bilaterales con los presidentes de Panamá e Israel, además de diálogos sobre seguridad y lucha contra el crimen organizado. 👉 El mandatario permanecerá en Davos del 20 al 24 de enero, participando en foros, reuniones cerradas y almuerzos de líderes globales. 👉 Tras su paso por Suiza, la gira continuará en Bélgica, con reuniones con autoridades e instituciones de la Unión Europea. 📌 Noboa viaja acompañado por la canciller Gabriela Sommerfeld y varios ministros de Estado, en una gira que busca posicionar a Ecuador en el escenario global y atraer inversión internacional. ",3711,558,502,https://www.tiktok.com/@repelojano_noticias/video/7597230190682557717
social_media,tiktok,2026-01-19 20:47:42+00:00,reinaeltingo.25,🚨Porque la salud de nuestra comunidad es importante Con Optimelia Estamos trabajando “JUNTOS POR TU SALUD” 🤝 ✅Ven a la gran campaña visual que se realizará el domingo 25 de Enero en la Casa comunal de San Antonio de El Tingo Horario: 10h00 a 17h00 Podrás hacerte atender en el área de “Cosmetologia” y “Optometria ” 💆‍♀️👓 Y habrán multivitaminicos gratis para nuestros adultos mayores🧓👴🏻 ,48,105,4,https://www.tiktok.com/@reinaeltingo.25/video/7597177198432226578
social_media,tiktok,2025-12-31 15:09:51+00:00,ivanfreirev,Carrera de Viudas 31 Diciembre 2025 ,18100,3508,298,https://www.tiktok.com/@ivanfreirev/video/7590039527700368648
social_media,tiktok,2026-01-18 04:05:59+00:00,henryreina,"CARETUCOS|| 🚨🤡 El gobierno de Daniel Noboa y la Vicepresidenta Pinto, INAUGURAN en un Centro de Salud, que fue hecho por Los Propios Habitantes, gracias a las Compensación por el Petróleo, son tan sinvergüenza que llevaron gente de afuera, y prohibieron a la Comunidad, celebrar algo que por derecho se lo han ganado con dolor y lucha, que vergüenza señores Noboa, Robar Obras de otros es Malo y descarado. # sucumbios ",511,89,7,https://www.tiktok.com/@henryreina/video/7596547932019576084
social_media,tiktok,2023-08-23 10:29:55+00:00,chavez2005b, 🇪🇨 🤣🤣🥲,271,8,0,https://www.tiktok.com/@chavez2005b/video/7270463053961956613
social_media,tiktok,2026-01-19 19:51:50+00:00,mala.en.la.noticia,nan,498,61,55,https://www.tiktok.com/@mala.en.la.noticia/video/7597162750489480469
social_media,tiktok,2024-12-01 13:12:28+00:00,crissgar86, 💛💙❤️ ,46,9,4,https://www.tiktok.com/@crissgar86/video/7443430620224589111
social_media,tiktok,2026-01-20 10:26:57+00:00,elmundo.es,"Adentrarse en el kilómetro cero de la tragedia de Adamuz es difícil de digerir Los trenes siniestrados yacen en una zona de complicado acceso, hoy erigido casi como un Olimpo del horror tras tanto peregrinaje. Allí el trasiego de operarios y máquinas es frenético, el ambiente doloroso. Ya en el pueblo, los vecinos tratan de asimilar lo vivido: fueron los primeros en llegar a los trenes, los primeros en enfrentarse a una escena dantesca, los primeros en dar todo lo que estaba a su alcance por los afectados... 24 horas después, se nota el cansancio y aflora la tristeza. 📹 Testigo directo de Candela Ibañez, Elena Iribas (Fotografías), Elena González (edición) ",14900,201,57,https://www.tiktok.com/@elmundo.es/video/7597388306510253334
social_media,tiktok,2025-12-12 16:34:29+00:00,milu_mc22,🇪🇨 2025 🎄🥹 ,2183,698,15,https://www.tiktok.com/@milu_mc22/video/7583010698574187797
social_media,tiktok,2026-01-18 05:57:46+00:00,vector.ludena,nan,4746,1425,267,https://www.tiktok.com/@vector.ludena/video/7596576772636953864
social_media,tiktok,2025-06-26 15:04:56+00:00,laprensaecuador,"📢 | ✨ Guaminga sin filtros! Con más de 900 mil seguidores, Eli responde 25 preguntas 🔥 sobre su vida, estudios, exs, lipo, gatitos y… ¡collares ancestrales! 🎬 Medicina, TikTok y autenticidad total. 💬 ¿Lo más raro que le ofrecieron? ¡Un almuerzo por un video! Entérate de más detalles en el link de la bio ➡️ . . . . . . . ",4918,112,235,https://www.tiktok.com/@laprensaecuador/video/7520274194043653392
social_media,tiktok,2026-01-19 18:16:28+00:00,bt_rene,nan,2094,155,181,https://www.tiktok.com/@bt_rene/video/7597138213899078930
social_media,tiktok,2026-01-20 00:00:00+00:00,policiaecuadoroficial,"VALORA CADA MOMENTO Nunca sabemos cuándo será la última despedida, el último abrazo o el último beso. Por eso, cuida tu vida y la de quienes amas. Haz lo que te haga feliz, pero siempre con responsabilidad. Tu seguridad es lo más importante. 👮‍♂️💙 ゚ 🇪🇨 ",523,32,4,https://www.tiktok.com/@policiaecuadoroficial/video/7597201504746982712
social_media,tiktok,2025-08-02 13:15:58+00:00,mariacastroancestral,"Gracias a mi paciente por recomendar el jarabe de flores, que ha ayudado a su papito a recuperarse del Párkinson y los nervios 🌹 ",3770,1332,250,https://www.tiktok.com/@mariacastroancestral/video/7533976320192023816
social_media,tiktok,2024-04-02 14:41:02+00:00,teleamazonasec," | César Martín, ministro de Telecomunicaciones: “Nuestra meta es que en 2025 podamos tener el despliegue 5G” ",35,17,0,https://www.tiktok.com/@teleamazonasec/video/7353279761491250438
social_media,tiktok,2025-01-22 04:12:13+00:00,bagnersarango," inmortalizado para siempre en el Debate Presidencial 2025. Estamos promoviendo la democracia a nivel nacional e internacional en redes sociales, vallas publicitarias, radios y diferentes canales de televisión. Esta fue una oportunidad más para dejar en alto a mi cultura. ",40,3,0,https://www.tiktok.com/@bagnersarango/video/7462587816770424069
social_media,tiktok,2025-02-11 15:58:54+00:00,bandido....593,🇪🇨🤗 🤗💛💙❤️ 🇪🇨😊💛 🇪🇨👌,64,6,6,https://www.tiktok.com/@bandido....593/video/7470191347845205294
social_media,tiktok,2024-07-17 19:39:36+00:00,ecuavisa.noticias," | El movimiento AMIGO presentó a su precandidato para la Presidencia de la República. Se trata de Felipe Tillería, un guayaquileño de 42 años, radicado desde el 2003 en Londres.",25000,6217,4164,https://www.tiktok.com/@ecuavisa.noticias/video/7392691727682768134
social_media,tiktok,2025-04-13 19:01:57+00:00,rafapimentelj,No se sabe 😗 ,77500,5163,344,https://www.tiktok.com/@rafapimentelj/video/7492875013113105669
social_media,tiktok,2025-03-24 03:58:15+00:00,khriz.93,plena jajaja 🇪🇨 ,41700,16200,1489,https://www.tiktok.com/@khriz.93/video/7485220412662598967
social_media,tiktok,2025-01-06 03:16:16+00:00,libres.news,Empezo la campaña política en Ecuador. Los candidatos empezaron con sus mitines ,1374,2,49,https://www.tiktok.com/@libres.news/video/7456635741024636190
social_media,tiktok,2025-04-11 12:18:18+00:00,ileana.muoz2,"Daniel Noboa en Quito, vierte de campaña, abril 2025 ",1152,25,79,https://www.tiktok.com/@ileana.muoz2/video/7492028823291219255
social_media,tiktok,2025-04-14 02:11:56+00:00,eldatoecua,"🇪🇨 “Quiero agradecer a todas esas personas que fueron parte de esta fuerte campaña, llena de conflictos, llena de peleas. Vimos el intento de dañar la imagen de un presidente que buscaba siempre el progreso, la justicia y la libertad para todos los ecuatorianos”, expresó el presidente electo, Daniel Noboa Azín. 👈 ",546,16,38,https://www.tiktok.com/@eldatoecua/video/7492985812871679238
social_media,tiktok,2024-09-25 02:32:57+00:00,lanaranjaec,"Más de 13 millones de dólares se gastarán los candidatos en la campaña electoral 2025 y aunque el Presidente mandó una reforma para que sean los partidos quienes corran con los gastos y no los ecuatorianos, para que eso suceda hay un largo camino que recorrer. 🇪🇨 ",1233,99,141,https://www.tiktok.com/@lanaranjaec/video/7418403110659443975
social_media,tiktok,2024-05-27 17:51:47+00:00,jennye77,"El viceministro de Gobierno, señala que sería nefasto que la vicepresidenta Verónica Abad, asuma la presidencia cuando pida licencia para la campaña electoral del 2025. ",30,5,27,https://www.tiktok.com/@jennye77/video/7373738596773285125
social_media,tiktok,2025-02-10 22:19:19+00:00,unlatinoteinforma,Resultados elecciones 2025 ecuador ,149,14,26,https://www.tiktok.com/@unlatinoteinforma/video/7469918404820897067
social_media,tiktok,2025-05-14 15:44:22+00:00,ecuadortvok," | Annabella Azín, la legisladora más votada en las , afirmó que desde el pasado 13 de abril se percibe tranquilidad en todo el país, en referencia a la victoria del presidente Daniel Noboa 🚨.",3818,940,921,https://www.tiktok.com/@ecuadortvok/video/7504327740116487479
social_media,tiktok,2025-02-09 14:53:33+00:00,stefaniabrigitte,Hoy fui bendecida😭 ,4672,200,24,https://www.tiktok.com/@stefaniabrigitte/video/7469432629771685126
social_media,tiktok,2025-04-13 23:19:58+00:00,ecuavisa.noticias," 🗳️ | Con corte a las 18,01, hace una hora exactamente, se cerraron las votaciones. Según los datos del CNE, con 2,51 % de actas escrutadas, Daniel Noboa tiene 56,89 % y Luisa González 43,11 %. Sigue el minuto a minuto ▶️ 🇪🇨 ゚viral 🇪🇨❤️ ",27200,2321,2846,https://www.tiktok.com/@ecuavisa.noticias/video/7492941484547640594
social_media,tiktok,2025-02-09 20:53:16+00:00,jaimerafaeltrejo,Si vas a votar y manejar no tomes ,1911,497,18,https://www.tiktok.com/@jaimerafaeltrejo/video/7469525326553550086
social_media,tiktok,2025-02-08 18:36:32+00:00,evelyn.d18p, ,20400,2346,227,https://www.tiktok.com/@evelyn.d18p/video/7469119012580904247
social_media,tiktok,2025-11-06 06:02:40+00:00,abogado_geovany.a,¿Sabes realmente por cuál vas a votar por el SI o por el NO en la Consulta Popular en Ecuador 🇪🇨 Este 16 de noviembre de 2025 ? ,150,34,21,https://www.tiktok.com/@abogado_geovany.a/video/7569488810694741255
social_media,tiktok,2025-02-10 18:25:28+00:00,franp7615, ❤️❤️ ,963,100,100,https://www.tiktok.com/@franp7615/video/7469858319604141367
social_media,tiktok,2025-01-25 22:44:30+00:00,carmenguallasamin,impresionantes filas para sacar la cédula hoy 25 de enero del 2025 todo para ejercer el derecho al voto🇪🇨 ,37,8,4,https://www.tiktok.com/@carmenguallasamin/video/7463987719056674053
social_media,tiktok,2025-11-16 21:09:43+00:00,lizsegarra72, 🇪🇨,2657,68,27,https://www.tiktok.com/@lizsegarra72/video/7573433404683750663
social_media,tiktok,2025-08-04 11:01:59+00:00,mercodigital,"💡 ¿Sabías que el 85% de las campañas publicitarias en 2025 ya usan inteligencia artificial? No es futuro, es hoy. Automatizar, segmentar mejor, personalizar mensajes y tomar decisiones en tiempo real ya no es opcional si querés competir en serio. La IA no reemplaza tu creatividad. La potencia. 🚀 📈 ¿Tu marca ya la está aprovechando? ",56,0,0,https://www.tiktok.com/@mercodigital/video/7534683951370292485
social_media,tiktok,2024-06-07 20:03:51+00:00,ecuavisa.noticias," | El PSC ya tiene en la mira un binomio para enfrentar a Daniel Noboa en las 2025. Lo conforman el titular de la Asamblea, Henry Kronfle, y la legisladora Dallyana Passailaigue. 🇪🇨 ゚viral 🇪🇨❤️",5953,221,601,https://www.tiktok.com/@ecuavisa.noticias/video/7377854519994043654
social_media,tiktok,2025-04-14 02:56:14+00:00,chechosangui,"🌟 Daniel Noboa es reelecto presidente de Ecuador en 2025 con el 56% de los votos, superando a Luisa González. A sus 37 años, seguirá liderando con su “Plan Fénix” para enfrentar la inseguridad y reactivar la economía. Promete un país más unido y seguro hasta 2029. 🇪🇨 ",3811,68,265,https://www.tiktok.com/@chechosangui/video/7492997065883192622
social_media,tiktok,2026-01-31 14:04:10+00:00,la5pata_ec,¿Fuiste miembro de mesa? ¡Pilas con tu fecha límite de pago! 💸 ,1772,699,44,https://www.tiktok.com/@la5pata_ec/video/7601526233683348744
social_media,tiktok,2026-01-20 14:42:38+00:00,cnegobec,"IMPORTANTE 📢 🔴 El 2⃣ de febrero de 2026 concluye el pago a los Miembros de las Juntas Receptoras del Voto de las (primera y segunda vuelta). 📌 Si aún no has realizado el cobro, acércate con tu cédula de identidad original a las ventanillas de o . 🇪🇨🗳️",3919,3676,102,https://www.tiktok.com/@cnegobec/video/7597454192583691531
social_media,tiktok,2025-02-10 13:26:00+00:00,lamonit86, Mientras tanto los que llegaron a las 5 a sufragar 🤣🤣🤣🤣🤣Elecciones 2025 Ecuador. 🇪🇨🇪🇨🇪🇨🇪🇨🇪🇨🇪🇨,160,13,15,https://www.tiktok.com/@lamonit86/video/7469781060952362246
social_media,tiktok,2024-11-13 06:03:53+00:00,joycepisco17,"🇪🇨✨ ¡Ecuador decide su futuro en el 2025! Conoce a los candidatos y lo que proponen para el futuro del país. Queremos saber, ¿quién tiene tu voto? 🤔💬 ¡Déjanos tu opinión en los comentarios y sé parte del cambio! 🗳️💪 ",58,16,11,https://www.tiktok.com/@joycepisco17/video/7436640581406805304
social_media,tiktok,2025-03-26 21:50:40+00:00,mundo_mas,"🗳️ ELECCIONES 2025: ECUADOR DECIDE SU FUTURO 🇪🇨 La carrera presidencial sigue en marcha y los candidatos intensifican sus campañas en busca del voto decisivo. 📢 Con propuestas, debates y polémicas, el país se prepara para una segunda vuelta que definirá su destino. 👥 Candidatos en la contienda: 🔹 Daniel Noboa propone estabilidad económica y seguridad. 🔹 Luisa González apuesta por el regreso de políticas sociales y cambios estructurales. 📅 Fecha clave: La segunda vuelta se llevará a cabo el [fecha real aquí]. ¿Quién será el próximo presidente? 💬 Tu voz cuenta. Participa, infórmate y vota. ",175,29,23,https://www.tiktok.com/@mundo_mas/video/7486238945697697079
social_media,tiktok,2025-02-09 11:57:40+00:00,mariotenesela1,elecciones Ecuador 2025 🇪🇨 ,77,13,0,https://www.tiktok.com/@mariotenesela1/video/7469387294609394950
social_media,tiktok,2025-02-10 02:17:26+00:00,andrearuvi,Or Abraham en Ecuador 😍 🇪🇨 🇪🇨,44800,10400,657,https://www.tiktok.com/@andrearuvi/video/7469608851847859461
social_media,tiktok,2025-04-10 16:45:43+00:00,eliholve,ATENCIÓN ,214,24,0,https://www.tiktok.com/@eliholve/video/7491726649755536695
social_media,tiktok,2025-05-22 20:08:32+00:00,radioscandalo103.7,"🔴¡ANTES DE LAS ELECCIONES! Este sábado 24 de mayo será la posesión Presidencial de Daniel Noboa periodo 2025 - 2029. Y aprovechamos para recorsar este curioso momento que se dio hace un año, donde el Centro Cristiano, ""Unción de Dios"" ubicado en Quito, declaró como Presidenta Constitucional del Ecuador a quién, en ese momento, era candidata, Luisa González de RC5. ¿QUÉ TE PARECE? Noticia: Cristhian De la Cruz ",11500,4906,2342,https://www.tiktok.com/@radioscandalo103.7/video/7507364490527198470
social_media,tiktok,2025-04-13 03:19:15+00:00,dayu.diaz,😹 . . . . . 🇪🇨 ,126,46,4,https://www.tiktok.com/@dayu.diaz/video/7492632076647140614
social_media,tiktok,2026-01-30 17:29:25+00:00,cantost15, ,676,122,33,https://www.tiktok.com/@cantost15/video/7601208044789288200
social_media,tiktok,2025-02-09 20:16:39+00:00,jose_calderon998,Como se debe 😎 ,1093,158,29,https://www.tiktok.com/@jose_calderon998/video/7469515886811024645
social_media,tiktok,2025-02-06 02:21:31+00:00,djsoltero_elverdadero,"Según las encuestas, estos son los tres candidatos con mayores probabilidades en las elecciones de este 9 de febrero del 2025 . ¿Por cuál opcion darias tu voto? Daniel Noboa, Luisa González o Andrea González ",117,4,21,https://www.tiktok.com/@djsoltero_elverdadero/video/7468125561462721798
social_media,tiktok,2025-03-28 00:46:32+00:00,aldahirsitoo,Todos en el Ecuador queremos sentir la misma paz de antes. González Correa Delgado,46200,5813,415,https://www.tiktok.com/@aldahirsitoo/video/7486655355322174726
social_media,tiktok,2025-04-13 15:52:28+00:00,occhica40,Elecciones 2025 Ecuador mi país 🇪🇨 Millano 2025,104,42,0,https://www.tiktok.com/@occhica40/video/7492826186612067606
social_media,tiktok,2025-11-16 18:38:55+00:00,steffy_pz12,😱✌🏻 ,6356,271,113,https://www.tiktok.com/@steffy_pz12/video/7573394544922840328
social_media,tiktok,2025-02-23 16:44:51+00:00,es.parod.ia, ,54900,16900,6545,https://www.tiktok.com/@es.parod.ia/video/7474656505048862007
social_media,tiktok,2025-08-19 18:28:45+00:00,el.nuevo.ecuador,"cambio de domicilio electoral, previo a la consulta popular 2025 ",2419,1969,107,https://www.tiktok.com/@el.nuevo.ecuador/video/7540365355655384376
social_media,tiktok,2025-02-09 17:34:00+00:00,marcorueda06,Elecciones presidenciales Ecuador 2025 Oligarca 🐰🇪🇨 ,1084,29,0,https://www.tiktok.com/@marcorueda06/video/7469473968202861830
social_media,tiktok,2025-02-07 18:33:28+00:00,humbertotapia_e,"Desde Loja, comparto mi visión sobre los elementos a considerar al acudir a elegir en los procesos electorales. Confío en que nuestra provincia elegirá con criterio, priorizando propuestas reales y representantes comprometidos con el verdadero desarrollo de Loja. ",44,2,8,https://www.tiktok.com/@humbertotapia_e/video/7468747133588475141
social_media,tiktok,2025-02-02 23:58:08+00:00,raulzhindonespinoza,Noboa Presidente 🇪🇨 ,791,47,77,https://www.tiktok.com/@raulzhindonespinoza/video/7466975261225995562
social_media,tiktok,2025-01-25 23:32:57+00:00,informacion.ecuador,"Últimas encuestas presidenciales Ecuador 2025, revisa el grafico de completo ",743,39,175,https://www.tiktok.com/@informacion.ecuador/video/7464000195479538950
social_media,tiktok,2025-11-16 23:21:34+00:00,tctelevisionec,"🗳️ “El Ecuador hoy, una vez más, ha celebrado su fiesta democrática al acudir a las urnas de manera pacífica, ordenada, sin ninguna novedad que preocuparse. Ahora nos corresponde procesar esos resultados…”, dijo la presidenta del CNE, Diana Atamaint, al poco tiempo del cierre de urnas. ",17200,428,979,https://www.tiktok.com/@tctelevisionec/video/7573467386452495637
social_media,tiktok,2025-04-08 23:54:37+00:00,ecuaraza593, ,544,12,38,https://www.tiktok.com/@ecuaraza593/video/7491094989536283910
social_media,tiktok,2025-04-30 15:31:35+00:00,saludbienestar71,nan,75,25,3,https://www.tiktok.com/@saludbienestar71/video/7499129242693717270
social_media,tiktok,2025-04-13 14:30:31+00:00,kedulce.miniec,Mientras tanto en las votaciones 🤣 ,18900,3088,558,https://www.tiktok.com/@kedulce.miniec/video/7492805061752425734
social_media,tiktok,2025-03-24 02:08:17+00:00,ecuador.elecciones2025,María moreno está vinculada por narcotrafico ,1186,91,104,https://www.tiktok.com/@ecuador.elecciones2025/video/7485192070534122807
social_media,tiktok,2025-02-09 21:03:07+00:00,joelcdno,Cobertura elecciones 2025🎤📹Balzar. . . . . . . . . . . ,827,143,3,https://www.tiktok.com/@joelcdno/video/7469527862262091013
social_media,tiktok,2025-04-07 17:56:30+00:00,simonbolivar6219,Éste 13 de abril a votar por la Democracia 💪🏻💜 ,439,24,43,https://www.tiktok.com/@simonbolivar6219/video/7490631483875429675
social_media,tiktok,2024-02-09 21:00:37+00:00,la5pata_ec,Elecciones 2025 🇪🇨 ,4553,207,152,https://www.tiktok.com/@la5pata_ec/video/7333710060461329669
social_media,tiktok,2025-11-17 06:01:35+00:00,lapoliteka_ec, electorales de la en Ecuador tras estás y el que se le ha otorgado a las 4 preguntas presentadas por el gobierno del presidente ,2312,185,90,https://www.tiktok.com/@lapoliteka_ec/video/7573570483443010824
social_media,tiktok,2025-04-12 01:13:02+00:00,motoreando7,"En la campaña electoral actual, se ha observado un aumento en el uso de noticias falsas y videos manipulados con inteligencia artificial. Algunos buscan ridiculizar, mientras que otros intentan engañar y confundir a los votantes. Ejemplos incluyen videos falsos atribuidos a Luisa González y Daniel Novoa, así como audios manipulados de presentadores de noticias. Estas manipulaciones suelen difundirse desde cuentas falsas o ""trolls"" creadas para campañas de desinformación. 🇪🇨 ",426,56,17,https://www.tiktok.com/@motoreando7/video/7492228461482806533
social_media,tiktok,2025-04-14 00:30:04+00:00,radiocentro.ec," | Fernando Villavicencio lo dijo una vez y hoy es una realidad. “El correísmo nunca volverá”, aquel pronunciamiento, que en su momento fue visto como una declaración desafiante, hoy adquiere una nueva dimensión tras los resultados que dejan al correísmo fuera del poder Ejecutivo. Muchos recuerdan la frase de ""Don Villa"" como una advertencia que, al menos por ahora, se ha cumplido. ",30200,3002,1279,https://www.tiktok.com/@radiocentro.ec/video/7492959567811316997
social_media,tiktok,2025-04-14 02:06:13+00:00,eldatoecua,🇪🇨 Lenin Moreno Expresidente de Ecuador en nuestro enlace en vivo de El Dato indicó que Luisa González en el debate prefirió insultos al candidato ahora Presidente Daniel Noboa. 👈 ,525,15,65,https://www.tiktok.com/@eldatoecua/video/7492984338988977463
social_media,tiktok,2023-12-26 19:56:45+00:00,ensenasecuador,Ya puedes cambiar tu domicilio electoral para las elecciones 2025. ,407,197,12,https://www.tiktok.com/@ensenasecuador/video/7316994760307117318
social_media,tiktok,2024-05-21 16:06:05+00:00,ecuadorplay,Próximas elecciones en Ecuador🗳️🇪🇨 🎤 .lestrange ,5763,518,115,https://www.tiktok.com/@ecuadorplay/video/7371484846041976069
social_media,tiktok,2025-09-12 03:25:38+00:00,adri.informa,"Si fuiste miembro de la junta de receptores del voto de la elecciones generales Ecuador, 2025, ya puedes cobrar. ",2209,838,82,https://www.tiktok.com/@adri.informa/video/7549038637413911814
social_media,tiktok,2025-02-05 00:31:33+00:00,wilopradoec,😱🔴 Luisa González candidata a la Presidencia de la República por el movimiento Revolución Ciudadana. ,90300,5676,11900,https://www.tiktok.com/@wilopradoec/video/7467726142074588421
social_media,tiktok,2025-11-17 18:00:14+00:00,industriafelicidad,Respuesta a Resumen votaciones 2025 PT.2 😎🤣🗳️,6732,1828,47,https://www.tiktok.com/@industriafelicidad/video/7573755665399778578
social_media,tiktok,2025-01-09 21:54:59+00:00,vivivelozr,Las mujeres no necesitamos permiso para levantar al Ecuador 💙 ,91400,1101,2423,https://www.tiktok.com/@vivivelozr/video/7458037589707197702
social_media,tiktok,2025-01-30 23:24:23+00:00,geovannyguzman15, González Correa Delgado Ciudadana ,1271,192,162,https://www.tiktok.com/@geovannyguzman15/video/7465853413218176262
social_media,tiktok,2025-02-09 12:03:02+00:00,radiocentro.ec," | La presidenta del CNE, Diana Atamaint, dio inicio a la jornada electoral 2025 con un discurso en defensa de la democracia. ""Ecuador es un país que honra la democracia. La hemos defendido porque es un compromiso fundamental para garantizar los derechos de los ciudadanos"", afirmó. Atamaint resaltó la transmisión minuto a minuto del conteo de votos. ""Aquí en Ecuador se dan resultados en tiempo real, no se esconden actas, al pueblo le respetamos su voto"", enfatizó. Desde las 17:00, las encuestadoras autorizadas podrán difundir sondeos a boca de urna, mientras que los resultados oficiales se darán a conocer a partir de las 19:00, precisó la funcionaria.",60300,2129,8404,https://www.tiktok.com/@radiocentro.ec/video/7469388678599625989
social_media,tiktok,2025-01-20 02:44:13+00:00,johnnyteranb, ,32900,364,1455,https://www.tiktok.com/@johnnyteranb/video/7461822954704342314
social_media,tiktok,2025-08-05 13:33:44+00:00,wilopradoec,😱🔴 Daniel Noboa convoca a una nueva Consulta Popular. En diciembre de 2025 (en 4 meses) los ecuatorianos otra vez tendrán que elegir si o no a 7 preguntas en las urnas🗳️ ,77400,32400,6825,https://www.tiktok.com/@wilopradoec/video/7535094143735827718
social_media,tiktok,2024-10-05 16:39:56+00:00,ladataecu, ¿Si hoy fueran las elecciones por quién votarían? 👈 ,19200,3573,3969,https://www.tiktok.com/@ladataecu/video/7422332195454323998
social_media,tiktok,2025-11-08 01:04:04+00:00,ecuavisaec,"🗳️ Este 16 de noviembre te traemos toda la información sobre el referéndum y 🇪🇨. 📲 Descarga Ecuavisa Play y sigue nuestra transmisión en vivo desde las 6 AM. ✅ Información verificada, con la credibilidad de siempre.",354,3,14,https://www.tiktok.com/@ecuavisaec/video/7570154042379226375
social_media,tiktok,2025-11-16 21:35:34+00:00,andrea.r9304,Todas las elecciones es lo mismo 🤣🤣 ,110800,7991,1294,https://www.tiktok.com/@andrea.r9304/video/7573440064441617685
social_media,tiktok,2025-04-14 16:58:07+00:00,eddytacojarrin,"SOMOS LIBREES🇪🇨 el corazón se me hizo chiquito cuando se supo los resultados, que bonito fue ver como todo un país se unió para decirle NO al pasado y SI a la LIBERTAD ",10700,208,366,https://www.tiktok.com/@eddytacojarrin/video/7493214178799324421
social_media,facebook,1970-01-01 00:00:01.745950044,ecuadoravisos,"Lista de útiles escolares del Ministerio de Educación, región Costa Galápagos 2025 ",3,4,0,https://www.facebook.com/reel/1889392615159525/
social_media,facebook,1970-01-01 00:00:01.745894036,ecuadoravisos,Como saber a qué partido político estoy afiliado en Ecuador ,1,13,0,https://www.facebook.com/reel/1362345361484695/
social_media,facebook,1970-01-01 00:00:01.745863504,ecuadoravisos,Denunciar llamadas de cobro o spam ゚,0,2,0,https://www.facebook.com/reel/1318935149218328/
social_media,facebook,1970-01-01 00:00:01.745847759,ecuadoravisos,Vacantes para guardias de seguridad privada en Ecuador - SICOSEP ,7,1,0,https://www.facebook.com/reel/3621675278138318/
social_media,facebook,1970-01-01 00:00:01.745648972,ecuadoravisos,"Inscríbete en las becas ""Because he is nice"" hasta el 30 de abril ",1,0,0,https://www.facebook.com/reel/648739371358833/
social_media,facebook,1970-01-01 00:00:01.745646899,ecuadoravisos,Aprende inglés totalmente gratis con los cursos de la embajada de Estados Unidos en Ecuador ,9,0,0,https://www.facebook.com/reel/678223691611338/
social_media,facebook,1970-01-01 00:00:01.745635105,ecuadoravisos,Denuncia las llamadas telefónicas de cobranza o promociones no solicitas.,0,0,0,https://www.facebook.com/reel/1378901633423895/
social_media,facebook,1970-01-01 00:00:01.745634943,ecuadoravisos,¿Cuánto tiempo tarda en desaparecer una deuda en el Buró de Crédito?,0,0,0,https://www.facebook.com/reel/1017711173825949/
social_media,facebook,1970-01-01 00:00:01.745634723,ecuadoravisos,"La embajada de Estados Unidos en Ecuador, te invita a aprender con sus cursos de inglés en línea gratis.",0,0,0,https://www.facebook.com/ecuadoravisos/posts/pfbid0F827ksbdLQtfEUmLLRoeNmWGU9LprTQfuL6r3zJ4uAqppM7ZcZW39BtnJjcXi6Zxl
social_media,facebook,1970-01-01 00:00:01.745632058,ecuadoravisos,Inscribirse para el bono de adultos mayores o de la tercera edad en el MIES ,16,2,3,https://www.facebook.com/reel/1428207005004671/
social_media,facebook,1970-01-01 00:00:01.745631608,ecuadoravisos,Inscríbete en el Acuartelamiento Militar Voluntario en Ecuador ,2,0,0,https://www.facebook.com/reel/1319610476007219/
social_media,facebook,1970-01-01 00:00:01.745631369,ecuadoravisos,Vacantes de KFC en abril 2025 ,6,1,0,https://www.facebook.com/reel/695180909638676/
social_media,facebook,1970-01-01 00:00:01.744156867,ecuadoravisos,"Postula a las becas de inglés ""Because he is nice"" de la Senescyt.",2,0,0,https://www.facebook.com/ecuadoravisos/posts/pfbid02uz1KzWfzXHdm7q7hzsf9KNX7fY2rbYkyXEbkrbkoJ21haNCodNW87HJgX6t1oWAMl
social_media,facebook,1970-01-01 00:00:01.743999006,ecuadoravisos,Postúlate al Programa de Becas Guillermo Lasso Mendoza.,1,0,0,https://www.facebook.com/ecuadoravisos/posts/pfbid02cXX61aXRc8vvT497hswb85AZpae1BoV6FfvNNaXgiwtTeFdCqDh1EYbPVvTRqeUxl
social_media,facebook,1970-01-01 00:00:01.743559808,ecuadoravisos,Inscríbete en la Educación a Distancia Virtual 2025 para culminar tu bachillerato.,1,0,0,https://www.facebook.com/ecuadoravisos/posts/pfbid02t879nGzfHpsnCAcmjBseX3LVxR7coQzQQUUCmajfgVqrRHPHyh8annQ42rXLVh3Gl
social_media,facebook,1970-01-01 00:00:01.743112047,ecuadoravisos,Inscríbete en el SERVICIO MILITAR VOLUNTARIO ⬇️,4,4,1,https://www.facebook.com/ecuadoravisos/posts/pfbid02zLPdess9yzEEyWumTn1q8MQYF2gYL3S2xcQSucWRWMtFdz2UyPtDSwhq7foxTtCml
social_media,facebook,1970-01-01 00:00:01.743102370,ecuadoravisos,Accede al CRÉDITO VIOLETA de BanEcuador ⬇️,5,0,1,https://www.facebook.com/ecuadoravisos/posts/pfbid0wUB34QREba7s2qSBuVNMR5Vf2yKSwwkU2EPc6qrQiugNHcQb4XNB3BGwBHGFovPFl
social_media,facebook,1970-01-01 00:00:01.742883620,ecuadoravisos,"Regístrate al bono ""Incentivo Emprende"" para impulsar tu emprendimiento afectado por las lluvias.",1,0,0,https://www.facebook.com/ecuadoravisos/posts/pfbid02FcXHCYgeCyYTm2rd38XJTKCTAfKZCSAqJCtR1VGiWWVFzznguLbb8wp3fnWT51b9l
social_media,facebook,1970-01-01 00:00:01.742883134,ecuadoravisos,"Accede al crédito hipotecario del BIESS ""Vivienda Premier"".",1,0,0,https://www.facebook.com/ecuadoravisos/posts/pfbid0nm5T2JQgjDsBCAbDhMxXfe16w5yD6xyDPimTG6AGMAUeWYw5cEYCwjX8VJjEqCjtl
social_media,facebook,1970-01-01 00:00:01.745964695,ladefensaec,"NO HABRÁ DÓLAR POR BARRIL PARA ESMERALDAS: NOBOA VETÓ LA LEY El presidente vetó totalmente el proyecto que destinaba $1 por cada barril de petróleo industrializado a Esmeraldas, Sucumbíos y Santa Elena. El Ejecutivo argumenta impacto fiscal y errores técnicos en la propuesta legislativa. La Asamblea rechazó el veto y calificó la decisión como un acto de abandono a las provincias productoras. 📲Te lo contamos. ",2,8,2,https://www.facebook.com/reel/2064226170719669/
social_media,facebook,1970-01-01 00:00:01.745945791,ladefensaec,"💬 EL HORROR QUE VIVIERON LOS 4 DE LAS MALVINAS Durante la noche del 27 y la madrugada del 28 de abril de 2025, se realizó la segunda reconstrucción del caso Las Malvinas, que duró más de ocho horas. Los detalles revelados son estremecedores: golpes, humillaciones y violencia física y psicológica cometida presuntamente por miembros de las Fuerzas Armadas contra menores de edad. Una historia que no debe quedar en silencio. 📌 Además en este episodio: 🔹 ¿Qué le queda políticamente a Augusto Verduga tras las filtraciones? 🔹 ¿Por qué Daniel Noboa vetó la ley de participación de rentas del Estado? 🔹 Dializadoras bajo advertencia: el Ministro de Salud lanza una alerta pública. 🎙️ Invitado: ▪ Jorge Luis Hidalgo, especialista energético – Tema: Las fallas del Ministerio de Energía y la falta de escucha técnica 💬 ¿Se investigará hasta el final o habrá más silencio institucional? 🎥 ¡Conéctate ahora! ",1,3,1,https://www.facebook.com/reel/1017252366662272/
social_media,facebook,1970-01-01 00:00:01.745927795,ladefensaec,"VERDUGA RESPONDE A LUISA Augusto Verduga niega haber grabado conversaciones del caso Ligados. Habla de material obtenido de forma ilegal de parte de Fiscalía y acusa a actores de la Revolución Ciudadana de dejarlo solo y acusarlo en lugar de solidarizarse. Esto tras la declaración de . 📌 “Supongo que para muchos ya soy un fusible quemado... La deslealtad no está en mi ADN”, dice. ¿Crónica de una fractura anunciada? ",22,4,21,https://www.facebook.com/reel/24410784655178354/
social_media,facebook,1970-01-01 00:00:01.745889840,ladefensaec,"ALCALDES EN LA CUERDA FLOJA: CRISIS MUNICIPAL EN ECUADOR Pabel Muñoz, Aquiles Álvarez, John Vinueza, Luis Chonillo y Darío Macas enfrentan procesos legales, pedidos de remoción y fiscalizaciones que desnudan una profunda crisis institucional en Quito, Guayaquil, Riobamba, Durán y Machala. Los protagonistas del poder local hoy tambalean. Mira el video completo en LA DEFENSA y entérate de qué está en juego en cada ciudad. ",12,7,0,https://www.facebook.com/reel/1854372128674300/
social_media,facebook,1970-01-01 00:00:01.745885758,ladefensaec,"🔴 LAS FALENCIAS DEL REGLAMENTO DE GODOY ▶️Sobre las deficiencias en la propuesta de reglamento para la selección de jueces constitucionales, la vocal de la Judicatura, Solanda Goyes, explica que falta, para empezar, el perfil del juez que delinean las competencias que tendría un magistrado especializado en materia constitucional. ▶️Goyes también señala que en el reglamento se deben establecer calificaciones no solo por el título de abogado y la maestría en derecho constitucional, sino también por la experiencia específica. ▶️Asimismo, la vocal reprochó que en la propuesta no existen parámetros que evalúen la probidad notoria de los postulantes y que garantice la paridad de género. Si estas debilidades no se corrigen, advierte Goyes, el Consejo de la Judicatura podría incurrir en nulidades posteriores, tal como ocurrió en la época de Wilman Terán. Encuentra toda la entrevista aquí 🔽 ",2,1,0,https://www.facebook.com/reel/608783865510230/
social_media,facebook,1970-01-01 00:00:01.745876916,ladefensaec,"LUISA VS. VERDUGA: LIGADOS DIVIDE AL CORREÍSMO En entrevista, Luisa González calificó a Augusto Verduga de “maquiavélico”, recordando los audios del caso Ligados donde la llamaban “la Rana René”. Mientras Verduga promete responder, su hermano Abraham y la exasesora de Jorge Glas, Soledad Padilla, ya lanzaron sus propios dardos. 🔻 La Revolución Ciudadana se sacude desde adentro. Hoy Verduga es el “desleal”. Mañana, ¿quién más? 📺 Mira el análisis completo en LA DEFENSA. ",23,8,14,https://www.facebook.com/reel/704834452065283/
social_media,facebook,1970-01-01 00:00:01.745868977,ladefensaec,"⚠️ CONFIRMAN MUERTE POR FIEBRE AMARILLA EN ECUADOR Un joven de Loja, de 26 años, falleció tras contagiarse en zona de minería ilegal en frontera con Perú. El ministro de Salud habla de un caso aislado y anuncia brigadas de vacunación en los puntos de ingreso al país. Mira los síntomas y cómo prevenir. ",0,1,0,https://www.facebook.com/ladefensaec/posts/pfbid0WSE47Arfm9qrgHrXPGxyfiyBh86z5RSbTxe3p2oPdScTQompZFfDjEBiU5r4ecrrl
social_media,facebook,1970-01-01 00:00:01.745859051,ladefensaec,"💬 LUISAGATE: “VERDUGA ES MAQUIAVÉLICO”, DICE LUISA La excandidata presidencial Luisa González reaparece en medios para sostener la teoría de fraude y, además, responder a las conversaciones filtradas de Augusto Verduga, al que calificó de “maquiavélico y desleal”. Su hermano, Abraham Verduga, salió a defenderlo públicamente, dejando al descubierto nuevas fracturas dentro del correísmo. 📌 Además en este episodio: 🔹 Primer fallecido en Ecuador por fiebre amarilla en 2025. 🔹 Víctor Valdivieso, exalcalde de La Libertad, investigado por enriquecimiento ilícito. 🎙️ Invitada: ▪ Solanda Goyes, vocal del Consejo de la Judicatura – Tema: Las objeciones a Mario Godoy en el sistema judicial 💬 ¿El correísmo enfrenta su crisis interna más profunda? 🎥 ¡Conéctate ahora! ",4,0,1,https://www.facebook.com/reel/686508983787817/
social_media,facebook,1970-01-01 00:00:01.745703157,ladefensaec,"👍”LOS LIGADOS” ENTRE OPERADORES, TIMADORES Y BRONCAS INTERNAS👎 ❌Para evitar la destitución de la Liga Azul en el TCE, la RC habría ingeniado una serie de maniobras y cabildeos con Andrés Arauz, Luisa González, Sonia Vera, Santiago Díaz y David Carrillo, sin embargo, ese plan fracasó. 🟣 Paralelamente, Augusto Verduga, exconsejero correísta, se quejó con Arauz de que Mario Godoy, presidente de la Judicatura designado con los votos de los “ligados”, ya ni siquiera les respondía el teléfono y “está entregado al gobierno”. 🎯 Además, la asambleísta electa del correísmo, Ana Yela Duarte, acusó a su compañera de bancada, Ana María Raffo, de presuntamente cobrar diezmos a un asesor. Esta disputa se trasladó a la justicia, a través de querella presentada contra Yela Duarte por calumnia. En este informe detallado, lo cuenta todo 🔽",7,2,3,https://www.facebook.com/reel/9796608307063939/
social_media,facebook,1970-01-01 00:00:01.745682770,ladefensaec,"ALCALDES EN JAQUE: EL 2025 LOS PONE CONTRA LAS CUERDAS Cinco alcaldes, cinco crisis, una misma pregunta: ¿caen por errores propios o por cacería política? En LA DEFENSA te contamos todo. 👉 Desliza para conocer los casos de Pabel Muñoz en Quito, Aquiles Álvarez en Guayaquil, John Vinueza en Riobamba, Luis Chonillo en Durán y Darío Macas en Machala. ",16,9,16,https://www.facebook.com/ladefensaec/posts/pfbid02NmXBrggE1V16NZrkKG1XrK2qBvYVWmGKZsgdfeFi53ksPaRrSUk9w9sBBrxBNHVFl
social_media,facebook,1970-01-01 00:00:01.745640164,ladefensaec,"“NOS ROBAN DESDE DENTRO DEL IESS Y NADIE RESPONDE” Víctor Hugo Flores, perjudicado, denuncia en LA DEFENSA que empleados públicos corruptos roban a los afiliados con apoyo oficial y amparo en la ley. Aunque enviaron cartas a Presidencia y se reunieron con Eduardo Peña en enero, los descuentos ilegales siguen. La respuesta del Gobierno: “Vayan a la justicia ordinaria.” 📢 Ahora, anuncian movilizaciones. Porque el robo no es aislado: ya suman más de cien casos. ",49,54,14,https://www.facebook.com/reel/700457322326013/
social_media,facebook,1970-01-01 00:00:01.745621348,ladefensaec,"🔴 ESTO PASA EN ESMERALDAS Este 25 de abril, a las 6:44 AM, un temblor con epicentro a 9 km del cantón provocó daños estructurales, cortes de energía y personas heridas. Las autoridades activaron protocolos de emergencia y suspendieron actividades en la ciudad. Desliza para conocer el detalle de la situación. ",1,1,0,https://www.facebook.com/ladefensaec/posts/pfbid0bFuuUCjVKM4ddtPDb5D9krvVCezUqvWngR21CcSAFpDiAbVJUS467s74BJVsCqFdl
social_media,facebook,1970-01-01 00:00:01.745616726,ladefensaec,"“¿QUÉ LE IMPORTA A QUÉ EDAD NOS MURAMOS?”: JUBILADOS RESPONDEN A EDUARDO PEÑA Víctor Hugo Flores, perjudicado del IESS, rechaza en LA DEFENSA las declaraciones del ministro que sugieren reformar normas por aumento en la expectativa de vida. “Estamos en contra de todo lo que pretenda mermar nuestros beneficios como jubilados. Así de simple.” 📢 La dignidad no se negocia. 🎥 Entrevista completa: ",6126,7338,1115,https://www.facebook.com/reel/991524723101208/
social_media,facebook,1970-01-01 00:00:01.745599449,ladefensaec,"💬 ALCALDÍAS EN LA CUERDA FLOJA Y EL DETRÁS DE LAS DENUNCIAS Durán, Guayaquil, Riobamba y Machala enfrentan un momento político crítico. Pedidos de remoción, denuncias por malversación y conflictos de gestión se acumulan, pero detrás de cada proceso hay estrategias políticas, pugnas territoriales y cálculos electorales que exigen una lectura más profunda. Un análisis especial sobre lo que no siempre se dice en público. 📌 Además en este programa: 🔹 ¿Qué queda después de denegar las renuncias de RC? 🔹 ¿Amenaza o narrativa? Una mirada a “los peligros” de Noboa. 🔹 Otro susto en Esmeraldas: lo que se sabe hasta ahora del temblor. 🎙️ Invitado: ▪ Bismark Arana, analista político – Tema: Alcaldías en crisis y el trasfondo electoral 💬 ¿Cuánto de lo que vemos en estas denuncias es justicia y cuánto es estrategia? 🎥 ¡Conéctate ahora! ",82,22,6,https://www.facebook.com/reel/1365947634458905/
social_media,facebook,1970-01-01 00:00:01.745593386,ladefensaec,"UN ILUSTRE DESCONOCIDO Para Verónica Sarauz, el presidente Daniel Noboa era un ilustre desconocido que, si no fuera por el caso Villavicencio, “jamás hubiera aparecido en el espacio político de este país”. Además, Sarauz enfatizó que Noboa “está desubicado” por haber afirmado, en 2023, que Villavicencio “tenía pesadillas con él”. ",11,7,8,https://www.facebook.com/reel/1251745383626222/
social_media,facebook,1970-01-01 00:00:01.745580111,ladefensaec,"CNE ENTIERRA EL FANTASMA DE FRAUDE No hubo tinta mágica, ni actas alteradas, ni fórmulas ocultas: el CNE desestimó todas las impugnaciones de la Revolución Ciudadana y RETO. Revisaron 1.875 actas. Encontraron... nada. 👀 La posesión presidencial está prevista para el 24 de mayo. ¿Se cae algo antes? Difícil. Pero en este país, nunca digas nunca. 🎯 Al correísmo aún le queda el TCE. Mira el programa de hoy. ",363,77,94,https://www.facebook.com/reel/1202727164694644/
social_media,facebook,1970-01-01 00:00:01.745545797,ladefensaec,"LA FRASE QUE ENCENDIÓ LA CALDERA DEL IESS Eduardo Peña, presidente del IESS, abrió el paraguas antes de que llueva. Insinuó que hay que repensar la edad de jubilación porque vivimos más. Dijo que antes se morían a los 60 y hoy hay que pagar pensiones hasta los 80. Resultado: pánico generalizado y trending topic asegurado. El IESS salió a aclarar (con torpeza de vocero novato) que “no se va a elevar la edad de jubilación”… por ahora. ",16,13,3,https://www.facebook.com/reel/704871618599260/
social_media,facebook,1970-01-01 00:00:01.745529072,ladefensaec,"DOS MINISTROS DE NOBOA PONEN SU CARGO A DISPOSICIÓN Edgar Lama, ministro de Salud, e Ivonne Núñez, ministra de Trabajo, anunciaron que ponen su cargo a disposición del presidente. Las salidas se dan en medio de una crisis sanitaria y una serie de controversias políticas que marcan el inicio del segundo periodo de Noboa. 🎥 Mira el video en LA DEFENSA ",5,2,0,https://www.facebook.com/reel/1039184978145989/
social_media,facebook,1970-01-01 00:00:01.745513906,ladefensaec,"💬 ELECCIONES 2025: CNE ENTIERRA EL FRAUDE QUE DENUNCIA RC El Consejo Nacional Electoral ha negado 1.875 reclamaciones presentadas por Reto y la RC tras la segunda vuelta. La presidenta Diana Atamaint aseguró que las elecciones fueron transparentes. Reto anunció que llevará sus denuncias a instancias internacionales, pero la brecha para sostener el discurso de fraude se cierra. 📌 Además en este episodio: 🔹 Eduardo Peña, ministro de Gobierno, se equivoca al hablar de los jubilados. 🔹 Renuncias en el gabinete: Ministros de Salud y Trabajo dejan el gobierno. 🔹 Otro lío en el CPCCS: roces internos y decisiones cuestionadas. 🎙️ Invitados: ▪ Verónica Sarauz, viuda de Fernando Villavicencio – Tema: Informe parlamentario del caso Villavicencio ▪ Víctor Hugo Flores, jubilado afectado por el BIESS – Tema: Reclamos por presunta estafa a jubilados 💬 ¿Se termina el discurso del fraude o solo cambia de escenario? 🎥 ¡Conéctate ahora! ",1,0,0,https://www.facebook.com/reel/3953199741558339/
social_media,facebook,1970-01-01 00:00:01.745511127,ladefensaec,"🚨 AYERVE VS ROSERO: OTRA PUGNA EN EL CPCCS ⚖️ El consejero suplente del CPCCS, Óscar Ayerve, presentó una acción de protección para dejar sin efecto la posesión de David Rosero como consejero principal. 🗣️ Según Ayerve, el art. 15 de la LOSEP prohíbe que un funcionario destituido, como lo fue Rosero en enero de 2023, retorne a la misma institución de la que fue cesado. 🤔 Al efecto, la Asamblea Nacional formuló una consulta a la Procuraduría, que aclaró que dicha prohibición no aplica para las autoridades que posesiona el Parlamento. ¿Quién se quedará con la séptima vocalía? Lo sabremos luego de la audiencia del próximo martes 29 de abril. En este informe, explica esta bronca 🔽 ",3,2,0,https://www.facebook.com/reel/691597609985977/
social_media,facebook,1970-01-01 00:00:01.745494402,ladefensaec,"🔴 LOS GENERADORES DE PROGEN NI SIQUIERA ESTÁN INSTALADOS El asambleísta de la RC, , contó que los generadores comprados a la empresa PROGEN no han sido debidamente instalados ni puestos a prueba, pues falta que se coloquen algunos componentes. Barreto reveló que ni siquiera se ha completado la construcción de la obra civil, por lo que preocupa la lentitud con la que avanzan los trabajos en la Central de Quevedo. ",8,9,1,https://www.facebook.com/reel/2082787132148911/
social_media,facebook,1970-01-01 00:00:01.745460691,ladefensaec,"ESCÁNDALO EN COLOMBIA Álvaro Leyva, excanciller de Gustavo Petro, le escribe una carta al presidente… y lo acusa de adicto: ➡️ Habla de “consumo de droga” en París y de que es enfermo mental. ➡️ Insinúa un entorno de manipulación. El presidente de Colombia se desmarca. ",3,0,3,https://www.facebook.com/reel/1344525533426384/
social_media,facebook,1970-01-01 00:00:01.745448066,ladefensaec,"LASSO SE SALVÓ: FISCALÍA PIDE ARCHIVO EN EL CASO FLOPEC La investigación por presunto peculado contra el expresidente Lasso, Danilo Carrera y otros implicados podría quedar en nada. La Fiscalía asegura que no hay elementos suficientes, pese al informe de Contraloría que estimó un perjuicio de $6,1 millones al Estado. La decisión final está en manos de la jueza Daniella Camacho. 🎥 Mira el video completo ",3,1,1,https://www.facebook.com/reel/566644919298688/
social_media,facebook,1970-01-01 00:00:01.745446990,ladefensaec,🔴 DURÁN: CHONILLO EN LA MIRA Luis Chonillo lleva 8 meses gobernando a distancia. Desde agosto de 2024 no está en el país. La ciudad arde con más de 220 hechos este año y una red ilícita que infiltró hasta el Municipio. Ahora enfrenta un pedido de remoción por abandono del cargo. El Municipio dice que su teletrabajo fue aprobado. Él dice que se fue por seguridad. Te contamos. ,2,0,0,https://www.facebook.com/reel/654589490536581/
social_media,facebook,1970-01-01 00:00:01.745426978,ladefensaec,"💬 LASSO SALE LIBRADO DE ACUSACIÓN DE PECULADO La Fiscalía General del Estado, liderada por Diana Salazar, ha solicitado el archivo de la investigación por peculado contra el expresidente Guillermo Lasso, en el caso Flopec. La decisión ha generado una ola de reacciones. 📌 Además en este episodio: 🔹 El alcalde de Durán, Luis Chonillo, responde a los intentos de destitución. 🔹 Leonidas Iza reaparece y deja claro: está en contra del presidente Daniel Noboa. 🎙️ Invitados: ▪ Lenín Barreto, asambleísta de la Revolución Ciudadana – Tema: El futuro del campo Sacha ▪ Óscar Ayerve, consejero del CPCCS – Tema: Elección del nuevo vocal del Consejo 💬 ¿Cierre de caso o blindaje institucional? 🎥 ¡Conéctate ahora! ",0,0,0,https://www.facebook.com/reel/1052074430308524/
social_media,facebook,1970-01-01 00:00:01.745424003,ladefensaec,nan,1,0,0,https://www.facebook.com/reel/593641563731370/
social_media,facebook,1970-01-01 00:00:01.745340210,ladefensaec,"💬 ALCALDES DE RIOBAMBA Y DURÁN, EN LA MIRA Dos municipios en crisis. El alcalde de Riobamba, John Vinueza, ha sido vinculado al caso Altares, una investigación por presunta asociación ilícita, cohecho y tráfico de influencias. En Durán, Luis Chonillo enfrenta un pedido de remoción en medio de tensiones institucionales. ¿Qué hay detrás de ambos procesos? 📌 Además en este episodio: 🔹 Omar Maluk y Tomislav Topic protagonizan la batalla tras las encuestas: acusaciones, metodologías y spin electoral. 🎙️ Invitado: ▪ Luis Altamirano, excomandante del Ejército – Tema: Las compras del Ministerio de Defensa bajo la gestión de Giancarlo Loffredo 💬 ¿Crisis municipal o movimientos de poder político? 🎥 ¡Conéctate ahora! ",1,0,0,https://www.facebook.com/reel/1634183620547592/
social_media,tiktok,1970-01-01 00:00:01.739153846,andrearuvi,Or Abraham en Ecuador 😍 🇪🇨 🇪🇨,44778,10426,656,https://v45.tiktokcdn-us.com/b4e842be1b8235d2c49407f0fa8fabf5/697c6656/video/tos/useast2a/tos-useast2a-pve-0068/oct7lQJDnBY3BuCFEGuVdAIfEB6pfqZQaREcGM/?a=1233&bti=NXYpNDs8QGo6OjZAOm00NTAuYCMxNDNg&ch=0&cr=13&dr=0&er=0&lr=all&net=0&cd=0%7C0%7C0%7C&cv=1&br=2178&bt=1089&cs=0&ds=6&ft=73kDHDyjNb6VQQUnU~d-sdKWBuXqYloyJT-~hWLrK&mime_type=video_mp4&qs=0&rc=MzRoPDpnaGhpNmY7NzQ6N0BpajQ7cHU5cm1veDMzNzczM0BhMjAuMTEyXzAxXi1jNGNgYSNqMWtzMmQ0cWhgLS1kMTZzcw%3D%3D&vvpl=1&l=20260130020451347FEB487F4D1F039EDE&btag=e0008d000
social_media,tiktok,1970-01-01 00:00:01.738860264,hernanulloa89,ELECCIONES ECUADOR 2025 🇪🇨 COMPARTIR❗️,9178,11622,1460,https://v45.tiktokcdn-us.com/eb790aee85b3162bdafab60fee7656b1/697c680f/video/tos/useast2a/tos-useast2a-ve-0068c003/oESQJI61QAZ8B6s2RFf4OnDBpfphcEEnL9djhk/?a=1233&bti=NXYpNDs8QGo6OjZAOm00NTAuYCMxNDNg&ch=0&cr=13&dr=0&er=0&lr=all&net=0&cd=0%7C0%7C0%7C&cv=1&br=2130&bt=1065&cs=0&ds=6&ft=73kDHDyjNb6VQQUnU~d-sdKWBuXqYloyJT-~hWLrK&mime_type=video_mp4&qs=0&rc=ZTg0NGhnZjozOTg6PDs1O0BpM3V1cXA5cnJoeDMzNzczM0BgYC8vYzI2NS8xLzMuMmEzYSM0NC5iMmRzYGZgLS1kMTZzcw%3D%3D&vvpl=1&l=20260130020451347FEB487F4D1F039EDE&btag=e000a5000
social_media,tiktok,1970-01-01 00:00:01.744592555,andypauloficial,Resultados elecciones Ecuador 2025 🇪🇨 ,1236,298,117,https://v45.tiktokcdn-us.com/e299563eadf3734273b12005322d0729/697c664d/video/tos/useast2a/tos-useast2a-ve-0068c002/osyvSiJABeMIfbmnC4c2iEX2fuseWYeg8AgAAK/?a=1233&bti=NXYpNDs8QGo6OjZAOm00NTAuYCMxNDNg&ch=0&cr=13&dr=0&er=0&lr=all&net=0&cd=0%7C0%7C0%7C&cv=1&br=954&bt=477&cs=0&ds=6&ft=73kDHDyjNb6VQQUnU~d-sdKWBuXqYloyJT-~hWLrK&mime_type=video_mp4&qs=0&rc=ZmhoNDZmN2ZkaTxoZDhpaUBpajZncHc5cmg4eTMzNzczM0AwLjIwYF8uXzYxNl8tLTYxYSMxZF9tMmRjb3JgLS1kMTZzcw%3D%3D&vvpl=1&l=20260130020451347FEB487F4D1F039EDE&btag=e0008d000
social_media,tiktok,1970-01-01 00:00:01.739140095,joche5dj,"Daniel Noboa presidente del Ecuador, una campaña que gracias a la mayoría de ecuatorianos puso un granito de arena para ayudar 🇪🇨 ",10424,451,752,https://v45.tiktokcdn-us.com/f11aba6a37556c11de185bbdb893cb31/697c6635/video/tos/useast2a/tos-useast2a-ve-0068c002/o4BEKfSS9QCRDfDIgwtEAdBJWBqFQ2hlntmAc9/?a=1233&bti=NXYpNDs8QGo6OjZAOm00NTAuYCMxNDNg&ch=0&cr=13&dr=0&er=0&lr=all&net=0&cd=0%7C0%7C0%7C&cv=1&br=1600&bt=800&cs=0&ds=6&ft=73kDHDyjNb6VQQUnU~d-sdKWBuXqYloyJT-~hWLrK&mime_type=video_mp4&qs=0&rc=ZTM3Zzg6N2ZkZWg4OWQ6OUBpanA0N3A5cjpseDMzNzczM0A0MDVhNWIuXzMxLi0yYDQyYSNmcWtkMmRjZ2hgLS1kMTZzcw%3D%3D&vvpl=1&l=20260130020451347FEB487F4D1F039EDE&btag=e000bd000
social_media,tiktok,1970-01-01 00:00:01.738789024,xavi21guerrero,Mejor Ponte Al Día 🇪🇨 😄,34813,14884,1127,https://v45.tiktokcdn-us.com/781f297c16e0f68e62b9333f5810e08b/697c663b/video/tos/useast2a/tos-useast2a-pve-0068/osKEXf9jeQhRDnBEQXjEAWBJ0BoFIQwPnHCqYO/?a=1233&bti=NXYpNDs8QGo6OjZAOm00NTAuYCMxNDNg&ch=0&cr=13&dr=0&er=0&lr=all&net=0&cd=0%7C0%7C0%7C&cv=1&br=954&bt=477&cs=0&ds=6&ft=73kDHDyjNb6VQQUnU~d-sdKWBuXqYloyJT-~hWLrK&mime_type=video_mp4&qs=0&rc=aDc7Zmg7NzZpODVlOzNkZkBpajppa2s5cjh3eDMzNzczM0AzNDNeMmEyXjQxLV82XzEyYSNfcHFuMmRrLmVgLS1kMTZzcw%3D%3D&vvpl=1&l=20260130020451347FEB487F4D1F039EDE&btag=e000bd000
social_media,tiktok,1970-01-01 00:00:01.732733155,amarusalas593,"🔴 | Luisa González lidera la intención de voto para Presidenta de Ecuador 🇪🇨, según última encuesta. ¿Ya sabes por quién vas a votar? ",8583,588,2800,https://v45.tiktokcdn-us.com/ed7364515cb21c031dea70eff4437e34/697c6681/video/tos/alisg/tos-alisg-pve-0037c001/ocQPnnB0XHBEEUSQXIdpoiBzOQQ0aiIZAdNz4/?a=1233&bti=NXYpNDs8QGo6OjZAOm00NTAuYCMxNDNg&ch=0&cr=13&dr=0&er=0&lr=all&net=0&cd=0%7C0%7C0%7C&cv=1&br=1542&bt=771&cs=0&ds=6&ft=73kDHDyjNb6VQQUnU~d-sdKWBuXqYloyJT-~hWLrK&mime_type=video_mp4&qs=0&rc=N2Q1Nzk5PDM7OTZlNjRmOUBpM2pvZG05cjxwdzMzNzczM0BjXjRgLy8uNjUxYTUuMmEyYSM0Yi5uMmQ0YzBgLS1kMTZzcw%3D%3D&vvpl=1&l=20260130020451347FEB487F4D1F039EDE&btag=e00095000
social_media,tiktok,1970-01-01 00:00:01.737715355,eldespertarecuatoriano, 🇪🇨,87,9,7,https://v45.tiktokcdn-us.com/729fde7a9dfff8fd88ca93d62c1813b0/697c6631/video/tos/no1a/tos-no1a-ve-0068-no/oEkTyG2iNZvEl5uiNaqw4IYbBEEZBiouIBAAI/?a=1233&bti=Ojs2NGYpQHM6OjZALjU2OmQvcCMxNDNg&ch=0&cr=13&dr=0&er=0&lr=all&net=0&cd=0%7C0%7C0%7C&cv=1&br=358&bt=179&cs=0&ds=6&ft=73kDHDyjNb6VQQUnU~d-sdKWBuXqYloyJT-~hWLrK&mime_type=video_mp4&qs=0&rc=N2dlOGZnNzQ4Zmc5aDQ1ZEBpMzs1OXA5cjhweDMzbzczNUBiMTJiYjQ2Nl8xMmFhYTMzYSNsMWlwMmRrcTZgLS1kMTFzcw%3D%3D&vvpl=1&l=20260130020451347FEB487F4D1F039EDE&btag=e000b5000
social_media,tiktok,1970-01-01 00:00:01.744574151,ju4n1t069, uador2025,31,0,0,https://v45.tiktokcdn-us.com/e89f2b5416df5c917b8c9d8fbb8727a8/697c6633/video/tos/useast5/tos-useast5-pve-0068-tx/oUMRAJegSToLc6fkIXC1iAQO4MmZ8eAfMAKsfQ/?a=1233&bti=NXYpNDs8QGo6OjZAOm00NTAuYCMxNDNg&ch=0&cr=13&dr=0&er=0&lr=all&net=0&cd=0%7C0%7C0%7C&cv=1&br=3978&bt=1989&cs=0&ds=6&ft=73kDHDyjNb6VQQUnU~d-sdKWBuXqYloyJT-~hWLrK&mime_type=video_mp4&qs=0&rc=Ozo7PDo5NjQ8ZjhpZTppaEBpajo8N3Y5cjk0eTMzZzczNEAuYy1iMTFiXi8xYTMtY19eYSNwZzVtMmRrX3JgLS1kMS9zcw%3D%3D&vvpl=1&l=20260130020451347FEB487F4D1F039EDE&btag=e000bd000
social_media,tiktok,1970-01-01 00:00:01.763330795,alejandra.zc,Decretado JAJAJA 😗 ,7703,483,201,https://v45.tiktokcdn-us.com/747e2c1384cfcd47e0a5c0b68d7071e6/697c662d/video/tos/alisg/tos-alisg-pve-0037c001/ocakDBPEREqAvUXfycIQKXDpYwfFEB4kBgAqSG/?a=1233&bti=NXYpNDs8QGo6OjZAOm00NTAuYCMxNDNg&ch=0&cr=13&dr=0&er=0&lr=all&net=0&cd=0%7C0%7C0%7C&cv=1&br=2342&bt=1171&cs=0&ds=6&ft=73kDHDyjNb6VQQUnU~d-sdKWBuXqYloyJT-~hWLrK&mime_type=video_mp4&qs=0&rc=Z2dlNGg5OTw5NDM2NTRpNEBpajRpa3M5cmg3NzMzODczNEBgMC4vNjRfNTExMC9gXjE0YSNzMTZeMmQ0aWFhLS1kMTFzcw%3D%3D&vvpl=1&l=20260130020451347FEB487F4D1F039EDE&btag=e000b5000
social_media,tiktok,1970-01-01 00:00:01.739112579,jeyjoenoficial,ya saben bendiciones ,14,1,0,https://v45.tiktokcdn-us.com/5dd0034e8962df360b58e5557a5994ee/697c6635/video/tos/useast2a/tos-useast2a-ve-0068c001/oY2CeIDyFFp5UwoFnjFtACPIf6pIESQfgPXk8E/?a=1233&bti=NXYpNDs8QGo6OjZAOm00NTAuYCMxNDNg&ch=0&cr=13&dr=0&er=0&lr=all&net=0&cd=0%7C0%7C0%7C&cv=1&br=5192&bt=2596&cs=0&ds=6&ft=73kDHDyjNb6VQQUnU~d-sdKWBuXqYloyJT-~hWLrK&mime_type=video_mp4&qs=0&rc=N2RoO2RoaDhpZzw1ODo2NEBpajw3c3c5cmhleDMzNzczM0A2LmJiXzUxXi0xLzQ0LWMzYSNqczJjMmRjc2hgLS1kMTZzcw%3D%3D&vvpl=1&l=20260130020451347FEB487F4D1F039EDE&btag=e000bd000
social_media,tiktok,1970-01-01 00:00:01.739665377,tvdigitalguaraca2,"ATENCIÓN || El excandidato presidencial de Pachakutik, Leonidas Iza, que quedó en tercer lugar en las elecciones con el 5,23% , más de 535 mil votos, en X d3nunció que el gobierno de Daniel Noboa adeuda cinco meses de pagos a miles de familias proveedoras del Estado del sector de la Economía Popular y Solidaria = =s ⁃ ",11,0,3,https://v45.tiktokcdn-us.com/2ffe14e9dfb8ef149eebf7b8bae1558b/697c662d/video/tos/useast5/tos-useast5-ve-0068c004-tx/o8dEaXGeQElIk1YCaiUDfHQjeaAFPNlAjTRPIA/?a=1233&bti=NXYpNDs8QGo6OjZAOm00NTAuYCMxNDNg&ch=0&cr=13&dr=0&er=0&lr=all&net=0&cd=0%7C0%7C0%7C&cv=1&br=836&bt=418&cs=0&ds=6&ft=73kDHDyjNb6VQQUnU~d-sdKWBuXqYloyJT-~hWLrK&mime_type=video_mp4&qs=0&rc=ZWlnNmg2NTU1OWQ4NDNnO0BpM2duM2w5cjlseDMzZzczNEA0NS8zX2FhXzAxNS9iYDBhYSMxMy5lMmRrc2xgLS1kMS9zcw%3D%3D&vvpl=1&l=20260130020451347FEB487F4D1F039EDE&btag=e000b5000
social_media,tiktok,1970-01-01 00:00:01.744819546,ecuadorenlupa, ,60,15,6,https://v45.tiktokcdn-us.com/4a249e102c1d7aabbc8d806ed7ee4a07/697c667a/video/tos/useast5/tos-useast5-ve-0068c003-tx/oEd6WQAgKIHnhNJfAQAbR1gfejif9KcQYGUMfL/?a=1233&bti=NXYpNDs8QGo6OjZAOm00NTAuYCMxNDNg&ch=0&cr=13&dr=0&er=0&lr=all&net=0&cd=0%7C0%7C0%7C&cv=1&br=622&bt=311&cs=0&ds=6&ft=73kDHDyjNb6VQQUnU~d-sdKWBuXqYloyJT-~hWLrK&mime_type=video_mp4&qs=0&rc=ODo8OTplNTM7ZjZnZ2doaUBpMzlkN285cnV3eTMzZzczNEAvNjNhLjYuXzIxY14uYDQtYSMvNWYxMmRrNXNgLS1kMS9zcw%3D%3D&vvpl=1&l=20260130020451347FEB487F4D1F039EDE&btag=e00095000
social_media,tiktok,1970-01-01 00:00:01.744635624,estebitanrrv, 🇪🇨 ,13,0,1,https://v45.tiktokcdn-us.com/461ce9f3ed7cb8b9fe7775a952cb8712/697c6657/video/tos/useast2a/tos-useast2a-ve-0068c002/oMemiH0IMIVeEnPsGAAgjRGegAKfL6G9lzeKLJ/?a=1233&bti=NXYpNDs8QGo6OjZAOm00NTAuYCMxNDNg&ch=0&cr=13&dr=0&er=0&lr=all&net=0&cd=0%7C0%7C0%7C&br=564&bt=282&cs=0&ds=6&ft=73kDHDyjNb6VQQUnU~d-sdKWBuXqYloyJT-~hWLrK&mime_type=video_mp4&qs=0&rc=ZjU7Nmc4PDtlOmU4ZGU3O0BpajxlPHg5cnhqeTMzNzczM0A1Xi5eXi5iNWIxYV4xLTEzYSNpL15lMmRjNnJgLS1kMTZzcw%3D%3D&vvpl=1&l=20260130020451347FEB487F4D1F039EDE&btag=e0008d000
social_media,tiktok,1970-01-01 00:00:01.743982478,erickpalacios960," podría perder sus derechos políticos, tras la denuncia por violencia de género. ",35453,5198,3097,https://v45.tiktokcdn-us.com/789d36c11da6905992ea77eca1e37200/697c66c6/video/tos/useast2a/tos-useast2a-pve-0068/ocynf04LdAlzgRsHQQFA8HJDZf9Nu3wEBEBXmI/?a=1233&bti=NXYpNDs8QGo6OjZAOm00NTAuYCMxNDNg&ch=0&cr=13&dr=0&er=0&lr=all&net=0&cd=0%7C0%7C0%7C&cv=1&br=1486&bt=743&cs=0&ds=6&ft=73kDHDyjNb6VQQUnU~d-sdKWBuXqYloyJT-~hWLrK&mime_type=video_mp4&qs=0&rc=ZzY5ZTU3OjgzaTNmNTZlZUBpMzlxcXM5cjlqeTMzNzczM0AtXy0tY14vXzYxMTUxYWAuYSNkYmhwMmRjcG1gLS1kMTZzcw%3D%3D&vvpl=1&l=20260130020451347FEB487F4D1F039EDE&btag=e00095000
social_media,tiktok,1970-01-01 00:00:01.744915758,estebitanrrv, 🇪🇨,13,0,0,https://v45.tiktokcdn-us.com/6adb1d9d2ddaceca73677f8264dadb30/697c66f7/video/tos/useast2a/tos-useast2a-ve-0068c001/owBHAmVAnFY81EUgQoEDosfCIJfpQlOFBJCbdR/?a=1233&bti=NXYpNDs8QGo6OjZAOm00NTAuYCMxNDNg&ch=0&cr=13&dr=0&er=0&lr=all&net=0&cd=0%7C0%7C0%7C&br=2332&bt=1166&cs=0&ds=6&ft=73kDHDyjNb6VQQUnU~d-sdKWBuXqYloyJT-~hWLrK&mime_type=video_mp4&qs=0&rc=ZjdnNWc2NDNpZDc7PGdkOEBpamR2O245cnBuMzMzNzczM0BeXmEzMzUvNmIxYGEvMC4uYSNkcWhhMmRzZi1hLS1kMTZzcw%3D%3D&vvpl=1&l=20260130020451347FEB487F4D1F039EDE&btag=e0009d000
social_media,tiktok,1970-01-01 00:00:01.739139994,kchradio, 🔴‼️ ¡CIERRE DE LA JORNADA ELECTORAL! 🔴‼️🇪🇨 La presidenta del CNE Diana Atamaint informó que fue una jornada histórica para el país 🔴 ¿HAY SEGUNDA VUELTA? 🤔 ¿Gana Luisa González o Daniel Noboa? 🤔 ,10061,766,1034,https://v45.tiktokcdn-us.com/f75269f15f4dae8b0d06bdb831c9d003/697c6675/video/tos/useast2a/tos-useast2a-ve-0068c001/oEkR8qECXHNBVpJ7EJrUKpQQDfAlFBg3rBenSI/?a=1233&bti=NXYpNDs8QGo6OjZAOm00NTAuYCMxNDNg&ch=0&cr=13&dr=0&er=0&lr=all&net=0&cd=0%7C0%7C0%7C&cv=1&br=794&bt=397&cs=0&ds=6&ft=73kDHDyjNb6VQQUnU~d-sdKWBuXqYloyJT-~hWLrK&mime_type=video_mp4&qs=0&rc=PGRkaWUzOjw3ZmhpOzxlOkBpM3VpPHg5cm9seDMzNzczM0BfNjUtNl8zNV8xYjNiMC81YSNtXzIwMmQ0aWhgLS1kMTZzcw%3D%3D&vvpl=1&l=20260130020451347FEB487F4D1F039EDE&btag=e00095000
social_media,tiktok,1970-01-01 00:00:01.737745556,eldespertarecuatoriano, 🇪🇨,4107,1321,1254,https://v45.tiktokcdn-us.com/155e3cd8185e907d650d0fb3b8370e03/697c6641/video/tos/no1a/tos-no1a-ve-0068c001-no/oYDiA5mJOFqCeIeQIPEDzJfhEF5qAL3ULITp4j/?a=1233&bti=NXYpNDs8QGo6OjZAOm00NTAuYCMxNDNg&ch=0&cr=13&dr=0&er=0&lr=all&net=0&cd=0%7C0%7C0%7C&cv=1&br=1172&bt=586&cs=0&ds=6&ft=73kDHDyjNb6VQQUnU~d-sdKWBuXqYloyJT-~hWLrK&mime_type=video_mp4&qs=0&rc=N2c3M2VoZmgzaTM3NThnOEBpajl5OHM5cnR4eDMzbzczNUAxMmMvNDRfXjUxXzNhYV9iYSNkZTNzMmRjMjZgLS1kMTFzcw%3D%3D&vvpl=1&l=20260130020451347FEB487F4D1F039EDE&btag=e000bd000
social_media,tiktok,1970-01-01 00:00:01.724851690,lamanabaec,Respuesta a 🧄🧿🥚 🇪🇨 ,458,6,0,https://v45.tiktokcdn-us.com/33515d8d9b7ebcd73a1344cf3b5f03cf/697c665f/video/tos/useast8/tos-useast8-pve-0068-tx2/o89PliZdWstV8RsBEgZiE1ABIQ4L1Z8rJAvBL/?a=1233&bti=NXYpNDs8QGo6OjZAOm00NTAuYCMxNDNg&ch=0&cr=13&dr=0&er=0&lr=all&net=0&cd=0%7C0%7C0%7C&cv=1&br=3142&bt=1571&cs=0&ds=6&ft=73kDHDyjNb6VQQUnU~d-sdKWBuXqYloyJT-~hWLrK&mime_type=video_mp4&qs=0&rc=aTg5OjRkNjo2Ozs7ODU5aUBpM2ZudXI5cjRsdTMzaTczNEA0NTRiXmIuNjYxMTEvNTUuYSNya2NgMmRrXjRgLS1kMTJzcw%3D%3D&vvpl=1&l=20260130020451347FEB487F4D1F039EDE&btag=e0008d000
social_media,tiktok,1970-01-01 00:00:01.744458857,claudiaaponte861, ,9,1,0,https://v16m.tiktokcdn-us.com/ffd871a1fc32f4f51c8c9f8516daf475/697c66c7/video/tos/useast2a/tos-useast2a-pve-0068/owIrhRBnlf6VniHNwZvBJQQEJGBfApzkEETsiS/?a=1233&bti=NXYpNDs8QGo6OjZAOm00NTAuYCMxNDNg&ch=0&cr=13&dr=0&er=0&lr=all&net=0&cd=0%7C0%7C0%7C&br=2006&bt=1003&cs=0&ds=6&ft=74~WHDCnNhHVQc6Gpq8ksd3WBuXqYl57vVN~hWLrK&mime_type=video_mp4&qs=0&rc=NjY2ZDo2NjM6ODo8Zzc5ZUBpajlqdWo5cm44eTMzNzczM0A1MjQ0My40NjIxXjFhNi5iYSNgYi1tMmRzNHFgLS1kMTZzcw%3D%3D&vvpl=1&l=202601300204562137103DBA738C036AAD&btag=e00090000
social_media,tiktok,1970-01-01 00:00:01.739235394,visionariasec,"La próxima Asamblea tendrá 151 legisladores. Y ya está visto que la Revolución Ciudadana y Acción Democrática Nacional (ADN) se pelean por quién logrará la mayor cantidad de curules. Al momento la cosa está peleada y al cierre de esta nota, RC remontó y lleva la delantera pero todo puede cambiar. Lo que no cambiará es que Lucio Gutiérrez no entró Salazar ",8280,660,433,https://v16m.tiktokcdn-us.com/7b281b3d3581d304b08b5458c9353a8c/697c6685/video/tos/useast2a/tos-useast2a-pve-0068/oMRoGQLMzCg90SuqAyiioABYC1AIKPYEI1fJkV/?a=1233&bti=NXYpNDs8QGo6OjZAOm00NTAuYCMxNDNg&ch=0&cr=13&dr=0&er=0&lr=all&net=0&cd=0%7C0%7C0%7C&cv=1&br=1984&bt=992&cs=0&ds=6&ft=74~WHDCnNhHVQc6Gpq8ksd3WBuXqYl57vVN~hWLrK&mime_type=video_mp4&qs=0&rc=OjdoZjk1NmhnZTQ8O2kzOUBpM2xybmw5cmZkeDMzNzczM0AtNC0uMjYvNS4xNF40MTUxYSMzZmFuMmRjLWlgLS1kMTZzcw%3D%3D&vvpl=1&l=202601300204562137103DBA738C036AAD&btag=e00090000
social_media,tiktok,1970-01-01 00:00:01.739139813,luischango2110,🇪🇨 ,29,1,0,https://v16m.tiktokcdn-us.com/a2cb211c810931e51ab9bedeb9bd0a8f/697c662e/video/tos/useast2a/tos-useast2a-pve-0068/oo2EKlmADIqu8plQAzFDSxjeXCfqPfCQEGgMIU/?a=1233&bti=NXYpNDs8QGo6OjZAOm00NTAuYCMxNDNg&ch=0&cr=13&dr=0&er=0&lr=all&net=0&cd=0%7C0%7C0%7C&cv=1&br=324&bt=162&cs=0&ds=6&ft=74~WHDCnNhHVQc6Gpq8ksd3WBuXqYl57vVN~hWLrK&mime_type=video_mp4&qs=0&rc=ODtpNmk5OjtoZ2Y7OWc3NkBpM2U8NGw5cjpseDMzNzczM0BiNjUuYGIvNmExYTIxY2MwYSNzZ2RkMmRraGhgLS1kMTZzcw%3D%3D&vvpl=1&l=202601300204562137103DBA738C036AAD&btag=e000b0000
social_media,tiktok,1970-01-01 00:00:01.739134752,lapostaec,"¡Ya votó el 55% del padrón! ¡Último llamado para ir a votar! A las 17:00, cuando se cierren las urnas, las actas de resultados serán procesadas y cargadas en el sistema informático, informa Diana Atamaint, presidenta del Consejo Nacional Electoral. Pro.",1190,17,146,https://v16m.tiktokcdn-us.com/96c66f591393b87a1bc1a58ce888ff91/697c6651/video/tos/useast2a/tos-useast2a-pve-0068/o4PwSfSdxCeQiALj9CMIFl4gEUIBgqetR4LGI4/?a=1233&bti=NXYpNDs8QGo6OjZAOm00NTAuYCMxNDNg&ch=0&cr=13&dr=0&er=0&lr=all&net=0&cd=0%7C0%7C0%7C&cv=1&br=932&bt=466&cs=0&ds=6&ft=74~WHDCnNhHVQc6Gpq8ksd3WBuXqYl57vVN~hWLrK&mime_type=video_mp4&qs=0&rc=ZztpNjs5PDVpZjU0OzVkOUBpM2k0bnk5cjlreDMzNzczM0AwXmBiNjI2Ni0xLjEzNC8xYSNiM15fMmQ0YmhgLS1kMTZzcw%3D%3D&vvpl=1&l=202601300204562137103DBA738C036AAD&btag=e00088000
social_media,tiktok,1970-01-01 00:00:01.739192088,belencastroreal,"🎥 Resumen de la jornada electoral de ayer: dos reportes en vivo desde, Ifema, Madrid, donde capturamos los momentos decisivos y el sentir de la ciudadanía. Pueden encontrar la cobertura completa en Youtube y página web de Expreso ",77,8,12,https://v16m.tiktokcdn-us.com/83dbb473fa9c618330ba971f32c6db95/697c6685/video/tos/useast2a/tos-useast2a-ve-0068c003/os93QIIGC0eKTflg7eeTihiImaLfmMAp9ZJnUA/?a=1233&bti=NXYpNDs8QGo6OjZAOm00NTAuYCMxNDNg&ch=0&cr=13&dr=0&er=0&lr=all&net=0&cd=0%7C0%7C0%7C&cv=1&br=2284&bt=1142&cs=0&ds=6&ft=74~WHDCnNhHVQc6Gpq8ksd3WBuXqYl57vVN~hWLrK&mime_type=video_mp4&qs=0&rc=ZTRlZTM5OTk2aWllOTo7Z0Bpamp0N3k5cnV5eDMzNzczM0AyMV8yM181XmExMTNjNDFfYSNsZ29xMmQ0YWhgLS1kMTZzcw%3D%3D&vvpl=1&l=202601300204562137103DBA738C036AAD&btag=e00090000
social_media,tiktok,1970-01-01 00:00:01.739162510,anacaceres2001,🇪🇨💙🙏✨ 🇪🇨 💛💙❤️ 🇪🇨🇪🇨,67014,12763,5044,https://v16m.tiktokcdn-us.com/0351c52e34911d9d86211c3096f2914c/697c6683/video/tos/useast5/tos-useast5-ve-0068c001-tx/o8EJESmfX6eIWGERcgqn3QF6SuyDZygDAvlVpB/?a=1233&bti=Ojs2NGYpQHM6OjZALjU2OmQvcCMxNDNg&ch=0&cr=13&dr=0&er=0&lr=all&net=0&cd=0%7C0%7C0%7C&cv=1&br=1734&bt=867&cs=0&ds=6&ft=74~WHDCnNhHVQc6Gpq8ksd3WBuXqYl57vVN~hWLrK&mime_type=video_mp4&qs=0&rc=OjM8Nzc4ZGc4OjY7Zmc6PEBpM3hndWw5cjpxeDMzZzczNEBiNV8yMi0xXmIxYS4tL14xYSM2YzJxMmQ0cWhgLS1kMS9zcw%3D%3D&vvpl=1&l=202601300204562137103DBA738C036AAD&btag=e00090000
social_media,tiktok,1970-01-01 00:00:01.726063644,lamanabaec,Respuesta a 🇪🇨 se hace la vistima claro que tus colegas estan felices lo tuyo no es periodismo es ataque,235,1,21,https://v16m.tiktokcdn-us.com/73e3e08e3efaa3261dd48edccebd29e0/697c6637/video/tos/useast8/tos-useast8-ve-0068c003-tx2/ow3ExCBniCnf4ph0RRVKABNEp5vIEVQfAmZbui/?a=1233&bti=NXYpNDs8QGo6OjZAOm00NTAuYCMxNDNg&ch=0&cr=13&dr=0&er=0&lr=all&net=0&cd=0%7C0%7C0%7C&cv=1&br=2474&bt=1237&cs=0&ds=6&ft=74~WHDCnNhHVQc6Gpq8ksd3WBuXqYl57vVN~hWLrK&mime_type=video_mp4&qs=0&rc=OTs1ZWRnOztlZzc0N2lkN0BpMzp2cHM5cnlzdTMzaTczNEBhYmFfMTJhNV8xLzUyM2JeYSMyb3FoMmRzbGRgLS1kMTJzcw%3D%3D&vvpl=1&l=202601300204562137103DBA738C036AAD&btag=e000b8000
social_media,tiktok,1970-01-01 00:00:01.744475554,debate_de_mentes,Por un Ecuador🇪🇨 Mejor Mi apoyo al presidente 🇪🇨 ,43,0,2,https://v16m.tiktokcdn-us.com/382ce08e2818ba5bedc4db773605c9cf/697c662d/video/tos/useast8/tos-useast8-ve-0068c001-tx2/o4O6hOAfPAIX5UnoDBIzZaAtliiqiCVw4qCE1x/?a=1233&bti=NXYpNDs8QGo6OjZAOm00NTAuYCMxNDNg&ch=0&cr=13&dr=0&er=0&lr=all&net=0&cd=0%7C0%7C0%7C&cv=1&br=620&bt=310&cs=0&ds=6&ft=74~WHDCnNhHVQc6Gpq8ksd3WBuXqYl57vVN~hWLrK&mime_type=video_mp4&qs=0&rc=NmU7ZDw2NmU1OTtpNGY8NkBpamh1OWs5cjQ8eTMzaTczNEAuXmAvMzUwXmIxYy0tNDEvYSNqLTZwMmQ0NnFgLS1kMTJzcw%3D%3D&vvpl=1&l=202601300204562137103DBA738C036AAD&btag=e000b0000
social_media,tiktok,1970-01-01 00:00:01.677082949,andresbonilla.ec,¿POR QUIEN VOTARAS? ,6485,339,3161,https://v16m.tiktokcdn-us.com/1049312998151174415ea03856919b9c/697c667f/video/tos/useast2a/tos-useast2a-pve-0068/oMG2RyjhjIJFExBAQBef9bAhUtzQddAagQN4XS/?a=1233&bti=NXYpNDs8QGo6OjZAOm00NTAuYCMxNDNg&ch=0&cr=13&dr=0&er=0&lr=all&net=0&cd=0%7C0%7C0%7C&br=1084&bt=542&cs=0&ds=6&ft=74~WHDCnNhHVQc6Gpq8ksd3WBuXqYl57vVN~hWLrK&mime_type=video_mp4&qs=0&rc=PGVpZTc6Z2dpNWdmNGlpNUBpajlvbjM6Zmo3aTMzNzczM0AyMWFhYTQzNmMxYDRfL19iYSNlaGlicjQwLW9gLS1kMTZzcw%3D%3D&vvpl=1&l=202601300204562137103DBA738C036AAD&btag=e00090000
social_media,tiktok,1970-01-01 00:00:01.739066445,pabloartg,Mañana las elecciones jaja ,9036,1543,38,https://v16m.tiktokcdn-us.com/298acd632877662bfb9a8cbb405634e8/697c6642/video/tos/useast2a/tos-useast2a-ve-0068c004/ogFpLP1nqA7RB8TgElrA9RGBJeQfI29iEv8QQD/?a=1233&bti=NXYpNDs8QGo6OjZAOm00NTAuYCMxNDNg&ch=0&cr=13&dr=0&er=0&lr=all&net=0&cd=0%7C0%7C0%7C&cv=1&br=4816&bt=2408&cs=0&ds=6&ft=74~WHDCnNhHVQc6Gpq8ksd3WBuXqYl57vVN~hWLrK&mime_type=video_mp4&qs=0&rc=PDZmZDM5ZGg7M2Q2ZTdoOkBpM3h0d2w5cm4zeDMzNzczM0AuMDJeYGBfXjMxMWI0NmI0YSNjZWNvMmRzaGhgLS1kMTZzcw%3D%3D&vvpl=1&l=202601300204562137103DBA738C036AAD&btag=e000b8000
social_media,tiktok,1970-01-01 00:00:01.739060638,espososrevolucionarios,Esa sonrisa falsa!!!! ,76348,6030,4610,https://v16m.tiktokcdn-us.com/5faeb923b19148c3b8d18661efb33e9e/697c66cd/video/tos/useast2a/tos-useast2a-ve-0068c003/oQU3QeJPGKmeLG7ijnI9e9IdnJIEeYPAeWMrpA/?a=1233&bti=NXYpNDs8QGo6OjZAOm00NTAuYCMxNDNg&ch=0&cr=13&dr=0&er=0&lr=all&net=0&cd=0%7C0%7C0%7C&cv=1&br=1988&bt=994&cs=0&ds=6&ft=74~WHDCnNhHVQc6Gpq8ksd3WBuXqYl57vVN~hWLrK&mime_type=video_mp4&qs=0&rc=ZjNnNWkzNGk6Ojg3PDU6O0BpMzxmNnk5cmZ5eDMzNzczM0AzMzEwYDEyX2ExNWEwNTAxYSNgcnNjMmRjXmdgLS1kMTZzcw%3D%3D&vvpl=1&l=202601300204562137103DBA738C036AAD&btag=e00090000
social_media,tiktok,1970-01-01 00:00:01.741882602,estebitanrrv,🇪🇨🇪🇨🇪🇨🇪🇨😍 🇪🇨 🇪🇨 ,4,1,0,https://v16m.tiktokcdn-us.com/63e1ee33daeefb2979e60cbe48239e64/697c667f/video/tos/useast2a/tos-useast2a-ve-0068c001/ooeNTO3ACQCIEeguJCGYSPEQpIKbnBjxgLeIzl/?a=1233&bti=Ojs2NGYpQHM6OjZALjU2OmQvcCMxNDNg&ch=0&cr=13&dr=0&er=0&lr=all&net=0&cd=0%7C0%7C0%7C&br=1878&bt=939&cs=0&ds=6&ft=74~WHDCnNhHVQc6Gpq8ksd3WBuXqYl57vVN~hWLrK&mime_type=video_mp4&qs=0&rc=OmUzNzdoOjVpNTY0Ozs2OUBpM2ZndGw5cnhqeTMzNzczM0AwX142Yi4zNWAxM2IzY2AxYSNjcl5hMmRzMzZgLS1kMTZzcw%3D%3D&vvpl=1&l=202601300204562137103DBA738C036AAD&btag=e00090000
social_media,tiktok,1970-01-01 00:00:01.744938961,ecuadorenlupa, ,21,4,2,https://v16m.tiktokcdn-us.com/ab454ce24b9fb0941ccc325a1665fe18/697c669d/video/tos/useast5/tos-useast5-pve-0068-tx/o8JfaFSYAeFRpDlJIMTD2WFHIaEEAo8SggBDQc/?a=1233&bti=NXYpNDs8QGo6OjZAOm00NTAuYCMxNDNg&ch=0&cr=13&dr=0&er=0&lr=all&net=0&cd=0%7C0%7C0%7C&cv=1&br=632&bt=316&cs=0&ds=6&ft=74~WHDCnNhHVQc6Gpq8ksd3WBuXqYl57vVN~hWLrK&mime_type=video_mp4&qs=0&rc=NDxmZzxpPGZpN2k8NjRkZEBpMzdobWw5cmd0MzMzZzczNEAyLTE0NmFfNjIxNDNhMjZeYSNnMmRpMmRrNi1hLS1kMS9zcw%3D%3D&vvpl=1&l=202601300204562137103DBA738C036AAD&btag=e00090000
social_media,tiktok,1970-01-01 00:00:01.744686684,ecuadorenlupa, ,19,4,5,https://v16m.tiktokcdn-us.com/a3c2692e694a657d898b4c90ac60cf3d/697c66aa/video/tos/useast5/tos-useast5-pve-0068-tx/owI69zjC3A3FowI1xxEAriiBNzBwgfQurPpQnp/?a=1233&bti=NXYpNDs8QGo6OjZAOm00NTAuYCMxNDNg&ch=0&cr=13&dr=0&er=0&lr=all&net=0&cd=0%7C0%7C0%7C&cv=1&br=732&bt=366&cs=0&ds=6&ft=74~WHDCnNhHVQc6Gpq8ksd3WBuXqYl57vVN~hWLrK&mime_type=video_mp4&qs=0&rc=Ozk1aGZoNmRlODlpNzw3OEBpajM5d2s5cmp2eTMzZzczNEA0M15gMDVfNi0xLTNeNDMtYSNoNGJpMmQ0bnJgLS1kMS9zcw%3D%3D&vvpl=1&l=202601300204562137103DBA738C036AAD&btag=e00090000
social_media,tiktok,1970-01-01 00:00:01.744557742,lavalecal,Hay poder en el nombre de Jesús. • • • • • • #,26,0,2,https://v16m.tiktokcdn-us.com/d08949ff5cb7036138844239f1d0ad3c/697c662f/video/tos/useast8/tos-useast8-ve-0068c004-tx2/oc0KqzQRIiRsjLCIe1PI7BrCeEk2qcVfAAoijj/?a=1233&bti=NXYpNDs8QGo6OjZAOm00NTAuYCMxNDNg&ch=0&cr=13&dr=0&er=0&lr=all&net=0&cd=0%7C0%7C0%7C&cv=1&br=4820&bt=2410&cs=0&ds=6&ft=74~WHDCnNhHVQc6Gpq8ksd3WBuXqYl57vVN~hWLrK&mime_type=video_mp4&qs=0&rc=NzQzaDczZDQ2ZDRkZjM6OEBpamtrZ205cjh3eTMzaTczNEBeY2A2YDU1X14xXi1jMzU1YSM1bGloMmRjXnFgLS1kMTJzcw%3D%3D&vvpl=1&l=202601300204562137103DBA738C036AAD&btag=e000b0000
social_media,tiktok,1970-01-01 00:00:01.744603041,auxipantap, ,41,4,1,https://v16m.tiktokcdn-us.com/5f39c67c73802a67a70f83b25a755182/697c6632/video/tos/useast8/tos-useast8-ve-0068c004-tx2/ogDF8EfiiAf6nbJVsEBORmA4R5IXi7EQB67kh8/?a=1233&bti=NXYpNDs8QGo6OjZAOm00NTAuYCMxNDNg&ch=0&cr=13&dr=0&er=0&lr=all&net=0&cd=0%7C0%7C0%7C&cv=1&br=842&bt=421&cs=0&ds=6&ft=z_ChWP.I2h3jVlHt8agfuWTHRpM5Sz0tHV67TGbL&mime_type=video_mp4&qs=0&rc=Zjo4OTo1ZDNoZjY4Ozg7aEBpanZoaHQ5cmc7eTMzaTczNEAzNmEyLi5fX2ExMmIvX2FjYSMxYWNqMmRzYnJgLS1kMTJzcw%3D%3D&vvpl=1&l=20260130020459D7035105F4FAAA03A71F&btag=e000b0000
social_media,tiktok,1970-01-01 00:00:01.743813823,jvinicio.tv,Entrevista a Daniel Noboa y Rafael Correa 🇪🇨 🇪🇨🩵,20084,2970,1933,https://v16m.tiktokcdn-us.com/ab2ae4cb8b49828ce8d539d67afde800/697c671c/video/tos/useast2a/tos-useast2a-ve-0068c002/oM9vQJ2FjDAOfLSSiHF9BRngHEEQ7B88INfygE/?a=1233&bti=NXYpNDs8QGo6OjZAOm00NTAuYCMxNDNg&ch=0&cr=13&dr=0&er=0&lr=all&net=0&cd=0%7C0%7C0%7C&cv=1&br=630&bt=315&cs=0&ds=6&ft=z_ChWP.I2h3jVlHt8agfuWTHRpM5Sz0tHV67TGbL&mime_type=video_mp4&qs=0&rc=Ozk8ZGczN2k1Zjs7NTw1Z0Bpand0PHg5cnI6eTMzNzczM0BfXi4xMmEtNTMxMjRhYl41YSNxMWBlMmRza2xgLS1kMTZzcw%3D%3D&vvpl=1&l=20260130020459D7035105F4FAAA03A71F&btag=e00098000
social_media,tiktok,1970-01-01 00:00:01.738294772,madostv,Últimos resultados de diferentes encuestas presidenciales ,370,56,216,https://v16m.tiktokcdn-us.com/9fde5e6b169ba9e02f5f8dd2402f405b/697c6660/video/tos/alisg/tos-alisg-v-37c810-sg/oEHVxW6UZMQEBi0Eq5yiEJviSRcCBPZAAcAEA/?a=1233&bti=Ojs2NGYpQHM6OjZALjU2OmQvcCMxNDNg&ch=0&cr=13&dr=0&er=0&lr=all&net=0&cd=0%7C0%7C0%7C&cv=1&br=1306&bt=653&cs=0&ds=4&ft=z_ChWP.I2h3jVlHt8agfuWTHRpM5Sz0tHV67TGbL&mime_type=video_mp4&qs=13&rc=Mzo7OXQ5cmw3eDMzNzczM0BpMzo7OXQ5cmw3eDMzNzczM0BicmBuMmRrNmJgLS1kMTZzYSNicmBuMmRrNmJgLS1kMTZzcw%3D%3D&vvpl=1&l=20260130020459D7035105F4FAAA03A71F&btag=e00048000
social_media,tiktok,1970-01-01 00:00:01.744671922,ximetapia61,Decepción total 🙁. 🇪🇨,30,0,12,https://v16m.tiktokcdn-us.com/b36efa583e81369408e238b44c16b093/697c664d/video/tos/useast8/tos-useast8-ve-0068c004-tx2/o8fArBisLLBERqAMioKjiv9EfwVQ3nEElxIRp5/?a=1233&bti=NXYpNDs8QGo6OjZAOm00NTAuYCMxNDNg&ch=0&cr=13&dr=0&er=0&lr=all&net=0&cd=0%7C0%7C0%7C&br=2050&bt=1025&cs=0&ds=2&ft=z_ChWP.I2h3jVlHt8agfuWTHRpM5Sz0tHV67TGbL&mime_type=video_mp4&qs=0&rc=PDo7aDg6Ozg8NTxpMzZnN0BpamY5ZGo5cjtzeTMzaTczNEBgNi02NDRjX2MxXjMzX2A0YSNpM2JoMmRzL3JgLS1kMTJzcw%3D%3D&vvpl=1&l=20260130020459D7035105F4FAAA03A71F&btag=e00088000
social_media,tiktok,1970-01-01 00:00:01.743862236,munichdigital," Al presidente Daniel Noboa Azin prefiere que le digan ""muñeco de cartón"" y no ""rana rene"". ",124,14,11,https://v16m.tiktokcdn-us.com/01dce98dba4ee82c4a68a2cf532f35ea/697c66db/video/tos/useast2a/tos-useast2a-ve-0068c003/oYo8CUxiIkMvI5PTOoQEZERfIAnz56BC2ZggiA/?a=1233&bti=NXYpNDs8QGo6OjZAOm00NTAuYCMxNDNg&ch=0&cr=13&dr=0&er=0&lr=all&net=0&cd=0%7C0%7C0%7C&cv=1&br=1894&bt=947&cs=0&ds=6&ft=z_ChWP.I2h3jVlHt8agfuWTHRpM5Sz0tHV67TGbL&mime_type=video_mp4&qs=0&rc=aTYzODs4ODQ7NzVpZ2g3ZkBpanY3bXQ5cnNteTMzNzczM0AuXzM0NS4zX14xYDFeYWMxYSM2ZTRnMmRrZmxgLS1kMTZzcw%3D%3D&vvpl=1&l=20260130020459D7035105F4FAAA03A71F&btag=e00090000
social_media,tiktok,1970-01-01 00:00:01.738605329,lapistaec,Alguien le cree a cuando asegura que el 9 de febrero existirán transparentes y sin cortes de energía. planea el fraude y Atamaint lo sabe. ,3,0,2,https://v16m.tiktokcdn-us.com/d804cdbf04a31dba6bd8492023b59b0d/697c664b/video/tos/useast2a/tos-useast2a-ve-0068c002/ocBgWi5QFEA0NirCOk1f2yHxNXBlAIoJhzIIAg/?a=1233&bti=NXYpNDs8QGo6OjZAOm00NTAuYCMxNDNg&ch=0&cr=13&dr=0&er=0&lr=all&net=0&cd=0%7C0%7C0%7C&cv=1&br=706&bt=353&cs=0&ds=6&ft=z_ChWP.I2h3jVlHt8agfuWTHRpM5Sz0tHV67TGbL&mime_type=video_mp4&qs=0&rc=OTwzaGgzNTo5Nzc4aDM2aEBpamg8cnM5cjlqeDMzNzczM0AuMjQzLzEtXmAxL2EyNjZhYSNmYjMxMmRzMmRgLS1kMTZzcw%3D%3D&vvpl=1&l=20260130020459D7035105F4FAAA03A71F&btag=e00088000
social_media,tiktok,1970-01-01 00:00:01.744818746,ecuadorenlupa, ,31,2,7,https://v16m.tiktokcdn-us.com/9b250ee5c5bcfd286fdfd79b8e3e52bb/697c669c/video/tos/useast5/tos-useast5-ve-0068c003-tx/osIGsIMiQcAelIPfgf6AeukRQKLLu0fG66anTE/?a=1233&bti=NXYpNDs8QGo6OjZAOm00NTAuYCMxNDNg&ch=0&cr=13&dr=0&er=0&lr=all&net=0&cd=0%7C0%7C0%7C&cv=1&br=638&bt=319&cs=0&ds=6&ft=z_ChWP.I2h3jVlHt8agfuWTHRpM5Sz0tHV67TGbL&mime_type=video_mp4&qs=0&rc=aTQ6PGZkZjZpZjxlNjZkZ0BpanFybWs5cnZ3eTMzZzczNEBiMmE2YzFfXmExNjU2MV9iYSNfZW4xMmRzL3NgLS1kMS9zcw%3D%3D&vvpl=1&l=20260130020459D7035105F4FAAA03A71F&btag=e00090000
social_media,tiktok,1970-01-01 00:00:01.744689894,ecuadorenlupa, ,12,0,1,https://v16m.tiktokcdn-us.com/e6e6d1c96fbda80ad5087e7513266303/697c6699/video/tos/useast5/tos-useast5-ve-0068c002-tx/oUDZIpv81BAv2wEtx3i7BIzQzCrwTA4fErvA9i/?a=1233&bti=NXYpNDs8QGo6OjZAOm00NTAuYCMxNDNg&ch=0&cr=13&dr=0&er=0&lr=all&net=0&cd=0%7C0%7C0%7C&cv=1&br=706&bt=353&cs=0&ds=6&ft=z_ChWP.I2h3jVlHt8agfuWTHRpM5Sz0tHV67TGbL&mime_type=video_mp4&qs=0&rc=Ojc5aTkzOTRoZWRkNDs5Z0Bpam1oZnU5cm93eTMzZzczNEAvXl5iXi1eXi0xLV8wXjQvYSNrajJyMmRrZ3JgLS1kMS9zcw%3D%3D&vvpl=1&l=20260130020459D7035105F4FAAA03A71F&btag=e00090000
social_media,tiktok,1970-01-01 00:00:01.738816868,locoramirin97, Presidenta del Ecuador 😍🇪🇨 Gonzalez 🇪🇨,4214,289,494,https://v16m.tiktokcdn-us.com/ea81e36eb93fe3693302fa07549a5051/697c663a/video/tos/useast2a/tos-useast2a-pve-0068/oE3k2lB7IiA2EEA0zQikyPCBgyhIfIZkzLWqoh/?a=1233&bti=NXYpNDs8QGo6OjZAOm00NTAuYCMxNDNg&ch=0&cr=13&dr=0&er=0&lr=all&net=0&cd=0%7C0%7C0%7C&cv=1&br=2008&bt=1004&cs=0&ds=6&ft=z_ChWP.I2h3jVlHt8agfuWTHRpM5Sz0tHV67TGbL&mime_type=video_mp4&qs=0&rc=NmRpZGY8NWc6Zzs8aDozNkBpajQ5bGw5cnc2eDMzNzczM0BhNWBeLTVeNS8xXi5eXzIwYSNtNm9vMmRzamZgLS1kMTZzcw%3D%3D&vvpl=1&l=20260130020459D7035105F4FAAA03A71F&btag=e000b8000
social_media,tiktok,1970-01-01 00:00:01.742494237,estebitanrrv, 🇪🇨🇪🇨🇪🇨🇪🇨😍 🇪🇨 🇪🇨 ,3,0,0,https://v16m.tiktokcdn-us.com/703639c39dce240ef51cf615a64d5010/697c675a/video/tos/useast2a/tos-useast2a-pve-0068/oM0cjK0mPISYIxCeWCuLEPlIEoGQfSAmDgebmd/?a=1233&bti=NXYpNDs8QGo6OjZAOm00NTAuYCMxNDNg&ch=0&cr=13&dr=0&er=0&lr=all&net=0&cd=0%7C0%7C0%7C&br=1340&bt=670&cs=0&ds=6&ft=z_ChWP.I2h3jVlHt8agfuWTHRpM5Sz0tHV67TGbL&mime_type=video_mp4&qs=0&rc=Zzc6ZTRpODg8OTo5aDg5OUBpM241cXk5cjs4eTMzNzczM0AwYmJjYzJiXzExXjMxLjA2YSNuYWFjMmRjNmJgLS1kMTZzcw%3D%3D&vvpl=1&l=20260130020459D7035105F4FAAA03A71F&btag=e000a0000
social_media,tiktok,1970-01-01 00:00:01.763325363,shalomsanchez_17,SAL DE HAY MARIAAA🗣️🔥 | 🇪🇨 ,235910,52585,533,https://v16m.tiktokcdn-us.com/3b30c45ca1802d92236b1b97213a22b5/697c667f/video/tos/alisg/tos-alisg-pve-0037c001/owABQceabOpEfB8K4EDj9IhXcGNREVFgatiEyg/?a=1233&bti=NXYpNDs8QGo6OjZAOm00NTAuYCMxNDNg&ch=0&cr=13&dr=0&er=0&lr=all&net=0&cd=0%7C0%7C0%7C&cv=1&br=2054&bt=1027&cs=0&ds=6&ft=z_ChWP.I2h3jVlHt8agfuWTHRpM5Sz0tHV67TGbL&mime_type=video_mp4&qs=0&rc=Zzw8Ojc5NWg1ZTs1PGRnOkBpM3g4bnY5cnI2NzMzODczNEBgMzReXzYvNWAxLjYxXzQvYSNtcS8wMmRjXmFhLS1kMWBzcw%3D%3D&vvpl=1&l=20260130020459D7035105F4FAAA03A71F&btag=e00090000
social_media,tiktok,1970-01-01 00:00:01.725028414,lamanabaec, con clarita Transparencia para que vean quien miente 🇪🇨 ,95,3,7,https://v16m.tiktokcdn-us.com/75d4044fd649334b9e03ea3dd8c2ce8f/697c663b/video/tos/useast8/tos-useast8-ve-0068c003-tx2/o0kERA4g6qQZnEENroFfICAxf2D3fbITjBDzIM/?a=1233&bti=NXYpNDs8QGo6OjZAOm00NTAuYCMxNDNg&ch=0&cr=13&dr=0&er=0&lr=all&net=0&cd=0%7C0%7C0%7C&cv=1&br=2034&bt=1017&cs=0&ds=6&ft=z_ChWP.I2h3jVlHt8agfuWTHRpM5Sz0tHV67TGbL&mime_type=video_mp4&qs=0&rc=aGlpaDlnPDU8NWU3aGU4N0BpanlpdnM5cm13dTMzaTczNEAyL2I1XmJjNi0xMGE0Yl82YSNhbGZoMmQ0YzVgLS1kMTJzcw%3D%3D&vvpl=1&l=20260130020459D7035105F4FAAA03A71F&btag=e000b8000
social_media,tiktok,1970-01-01 00:00:01.738558593,victorcalahorrano,La Victoria de LuisaG en Quito es inminente 🇪🇨 ,15376,1304,1293,https://v16m.tiktokcdn-us.com/cc7837348677c109ffdd0c62087405fc/697c6966/video/tos/useast2a/tos-useast2a-pve-0068/oM31ORbSZEtxTUZCAuBxihWE4TBiP6CgLFQBI/?a=1233&bti=Ojs2NGYpQHM6OjZALjU2OmQvcCMxNDNg&ch=0&cr=13&dr=0&er=0&lr=all&net=0&cd=0%7C0%7C0%7C&cv=1&br=4162&bt=2081&cs=0&ds=6&ft=z_ChWP.I2h3jVlHt8agfuWTHRpM5Sz0tHV67TGbL&mime_type=video_mp4&qs=0&rc=PGY1OWc1ZDU6M2Q1NTxmPEBpM2t4dm85cmg3eDMzNzczM0BjY14wX2ItXzAxYF9fMDBgYSMub2JgMmQ0X2RgLS1kMTZzcw%3D%3D&vvpl=1&l=20260130020459D7035105F4FAAA03A71F&btag=e000a8000
social_media,tiktok,1970-01-01 00:00:01.738983854,showandtellwithrc, ,6,0,0,https://v16m.tiktokcdn-us.com/d5c6d2e67f31cf80e982fc80e55bdb22/697c6634/video/tos/useast8/tos-useast8-pve-0068-tx2/owQIKePEmPfDiCPyAtqbYfEtFIAjyKT7Twbw8I/?a=1233&bti=NXYpNDs8QGo6OjZAOm00NTAuYCMxNDNg&ch=0&cr=13&dr=0&er=0&lr=all&net=0&cd=0%7C0%7C0%7C&cv=1&br=1398&bt=699&cs=0&ds=6&ft=z_ChWP.I2h3jVlHt8agfuWTHRpM5Sz0tHV67TGbL&mime_type=video_mp4&qs=0&rc=MzlkNzk6Zzw4M2VkNmY2ZEBpM3l4NHc5cmVmeDMzaTczNEAwLjJhMmI1Xi8xNDQ0MjEvYSNsb3BwMmRjY2dgLS1kMTJzcw%3D%3D&vvpl=1&l=20260130020459D7035105F4FAAA03A71F&btag=e000b0000
social_media,tiktok,1970-01-01 00:00:01.739111582,micethlajones5,no más es que les digo ,26,0,1,https://v16m.tiktokcdn-us.com/beed8ef2ef9384a74f8f9caf041de3b7/697c6667/video/tos/useast2a/tos-useast2a-ve-0068c003/oUhife8HIfUuALMKuAIguAKeLVboJQG5iRaeMt/?a=1233&bti=NXYpNDs8QGo6OjZAOm00NTAuYCMxNDNg&ch=0&cr=13&dr=0&er=0&lr=all&net=0&cd=0%7C0%7C0%7C&cv=1&br=1920&bt=960&cs=0&ds=6&ft=z_ChWP.I2h3jVlHt8agfuWTHRpM5Sz0tHV67TGbL&mime_type=video_mp4&qs=0&rc=NmY8OzM6NGU5O2c0aGY5M0BpM2U0eXg5cnRleDMzNzczM0BhXl8xLmM1XmMxNDQ0LmEyYSNea201MmRra2hgLS1kMTZzcw%3D%3D&vvpl=1&l=20260130020459D7035105F4FAAA03A71F&btag=e00088000
social_media,tiktok,1970-01-01 00:00:01.737339060,portonoticiasec,El también tuvo frases célebres que causaron 🫣🫣🫣 ,10072,2990,381,https://v16m.tiktokcdn-us.com/68507d9db380fba943dc55e3868dfae1/697c6651/video/tos/useast2a/tos-useast2a-pve-0068/oQLNRnCRjKgEEsgFBAE33m7fZf2QzFIDQPJBUa/?a=1233&bti=NXYpNDs8QGo6OjZAOm00NTAuYCMxNDNg&ch=0&cr=13&dr=0&er=0&lr=all&net=0&cd=0%7C0%7C0%7C&cv=1&br=1256&bt=628&cs=0&ds=6&ft=z_ChWP.I2h3jVlHt8agfuWTHRpM5Sz0tHV67TGbL&mime_type=video_mp4&qs=0&rc=Zjg6ZmRlPDM3OzVnNWYzZUBpM3F2Zm05cnB0eDMzNzczM0AxLS01Li1fX2ExLy00NWI1YSNeczAxMmRjcTNgLS1kMTZzcw%3D%3D&vvpl=1&l=20260130020459D7035105F4FAAA03A71F&btag=e00088000
social_media,tiktok,1970-01-01 00:00:01.736886906,jimmy.luzarraga,¿Quien es Pedro Granja? . . ,3238,262,212,https://v16m.tiktokcdn-us.com/d56381df9774dd13556963379cd38b6b/697c6679/video/tos/alisg/tos-alisg-pve-0037c001/o4ER0wIN18AzDkD5BQfsFoAJgkQNSLfaBshnlE/?a=1233&bti=NXYpNDs8QGo6OjZAOm00NTAuYCMxNDNg&ch=0&cr=13&dr=0&er=0&lr=all&net=0&cd=0%7C0%7C0%7C&cv=1&br=1168&bt=584&cs=0&ds=6&ft=z_ChWP.I2h3jVlHt8agfuWTHRpM5Sz0tHV67TGbL&mime_type=video_mp4&qs=0&rc=O2g6OGk1NDs3M2RlNjw6M0BpMzk8OXQ5cjlmeDMzNzczM0BiL2IuMzJeNS0xLy01XzUxYSNvbWNuMmRrZjBgLS1kMTZzcw%3D%3D&vvpl=1&l=20260130020459D7035105F4FAAA03A71F&btag=e00090000
social_media,tiktok,1970-01-01 00:00:01.739121548,j.stalin028,🇪🇨 ,18,0,2,https://v16m.tiktokcdn-us.com/1394c3d9084391a6caa7e13ab081e836/697c6638/video/tos/useast8/tos-useast8-pve-0068-tx2/ogqCUqtAVcqGleLZgG9jyreRI2ILRxIPAQ6Ipe/?a=1233&bti=NXYpNDs8QGo6OjZAOm00NTAuYCMxNDNg&ch=0&cr=13&dr=0&er=0&lr=all&net=0&cd=0%7C0%7C0%7C&cv=1&br=4430&bt=2215&cs=0&ds=6&ft=z_ChWP.I2h3jVlHt8agfuWTHRpM5Sz0tHV67TGbL&mime_type=video_mp4&qs=0&rc=NWdpZjU5Omc7O2g0PDw6ZEBpanVvb2w5cmdoeDMzaTczNEA1YjFgNC5iXmMxLzMzYGAvYSNiNmpzMmRjMWhgLS1kMTJzcw%3D%3D&vvpl=1&l=20260130020459D7035105F4FAAA03A71F&btag=e000b0000
social_media,tiktok,1970-01-01 00:00:01.744431539,libertariaec,Cosas de baúl de recuerdos que vale la pena recordar en estas elecciones en Ecuador 🗳️ ,49812,10513,965,https://v16m.tiktokcdn-us.com/cf8488ffe7ffbc79348150525f47b9a6/697c66b9/video/tos/useast2a/tos-useast2a-ve-0068c002/oYvRIJhtdBAc6NG0FPizBRnQ7ELQvBNfE6fk5i/?a=1233&bti=NXYpNDs8QGo6OjZAOm00NTAuYCMxNDNg&ch=0&cr=13&dr=0&er=0&lr=all&net=0&cd=0%7C0%7C0%7C&cv=1&br=706&bt=353&cs=0&ds=6&ft=z_ChWP.I2h3jVlHt8agfuWTHRpM5Sz0tHV67TGbL&mime_type=video_mp4&qs=0&rc=Z2g6N2k2ZjU5O2U4OjU1NEBpamk7bW05cmh4eTMzNzczM0AvXi9iYV4wXjAxYDJgMDMuYSNka2NqMmRzZXBgLS1kMTZzcw%3D%3D&vvpl=1&l=20260130020459D7035105F4FAAA03A71F&btag=e00090000
social_media,tiktok,1970-01-01 00:00:01.738715493,wilopradoec,😱🔴 Luisa González candidata a la Presidencia de la República por el movimiento Revolución Ciudadana. ,90315,5675,11942,https://v16m.tiktokcdn-us.com/80918ca433601a98a34a8da2c79ade7f/697c6bd0/video/tos/useast2a/tos-useast2a-ve-0068c003/oYSiIQfIG2mdrJsCAIe2AEkuKLuifeKiGegMVi/?a=1233&bti=NXYpNDs8QGo6OjZAOm00NTAuYCMxNDNg&ch=0&cr=13&dr=0&er=0&lr=all&net=0&cd=0%7C0%7C0%7C&cv=1&br=1810&bt=905&cs=0&ds=6&ft=z_ChWP.I2h3jVlHt8agfuWTHRpM5Sz0tHV67TGbL&mime_type=video_mp4&qs=0&rc=ODg6ODxlMzw8NzplOTk4NEBpMzRmbnk5cnFkeDMzNzczM0A2NWAxNl5iX18xMzA2X14uYSM1Xl9fMmRzb2VgLS1kMTZzcw%3D%3D&vvpl=1&l=20260130020459D7035105F4FAAA03A71F&btag=e000a8000
social_media,tiktok,1970-01-01 00:00:01.725453125,lamanabaec,Respuesta a 🇪🇨 ,127,6,13,https://v16m.tiktokcdn-us.com/208b4db3456774227ac02a6e598c67d5/697c6641/video/tos/useast8/tos-useast8-ve-0068c004-tx2/ocOQVIpiAAGfEw0VRFfoFmDBxI2ZoEEhphG1gw/?a=1233&bti=Ojs2NGYpQHM6OjZALjU2OmQvcCMxNDNg&ch=0&cr=13&dr=0&er=0&lr=all&net=0&cd=0%7C0%7C0%7C&cv=1&br=4016&bt=2008&cs=0&ds=6&ft=arR-Iqx4m3FPD12MFkDs3wUpCHTKaeF~O5&mime_type=video_mp4&qs=0&rc=OzRlOGk1NGY5OWVpOTo3NkBpM2RnOHQ5cmc4dTMzaTczNEAzNDIvYjNiXjMxYmNeNjM0YSNuLi1gMmRjMGBgLS1kMTJzcw%3D%3D&vvpl=1&l=20260130020503A47BBC3288043D046132&btag=e000b8000
social_media,tiktok,1970-01-01 00:00:01.737387455,jagg1973, ,31,0,7,https://v16m.tiktokcdn-us.com/6856ccb458298d2e376a5a52f9acdb26/697c663c/video/tos/useast5/tos-useast5-ve-0068c002-tx/oAEHkQdIGNfhNC2JAIe4AngHfLlbDPHIHU6jgc/?a=1233&bti=Ojs2NGYpQHM6OjZALjU2OmQvcCMxNDNg&ch=0&cr=13&dr=0&er=0&lr=all&net=0&cd=0%7C0%7C0%7C&cv=1&br=2078&bt=1039&cs=0&ds=6&ft=arR-Iqx4m3FPD12MFkDs3wUpCHTKaeF~O5&mime_type=video_mp4&qs=0&rc=NmloOTxoZWY8M2VlMzZoNkBpajdnb285cmU5eDMzZzczNEAzMTVjNGAzX2MxMy4yNjAzYSNyc2oxMmRrbDRgLS1kMS9zcw%3D%3D&vvpl=1&l=20260130020503A47BBC3288043D046132&btag=e000b0000
social_media,tiktok,1970-01-01 00:00:01.736386282,betopilataxi,Maneja tu serenidad. ,11,1,0,https://v16m.tiktokcdn-us.com/e3df209458bedc9257eb747b1a2a003f/697c6651/video/tos/alisg/tos-alisg-pve-0037c001/oMDDWEpgQIJfiF2IzSUfzHhvDUI8CjgbfOQyAC/?a=1233&bti=Ojs2NGYpQHM6OjZALjU2OmQvcCMxNDNg&ch=0&cr=13&dr=0&er=0&lr=all&net=0&cd=0%7C0%7C0%7C&br=2064&bt=1032&cs=0&ds=6&ft=arR-Iqx4m3FPD12MFkDs3wUpCHTKaeF~O5&mime_type=video_mp4&qs=0&rc=NWY5OztmM2dnNDs8ZWZmO0BpM3Nocm45cjtsdzMzNzczM0BeNTRfNS8xNi8xYjQzMWNeYSNzaGBqMmRrNXNgLS1kMTZzcw%3D%3D&vvpl=1&l=20260130020503A47BBC3288043D046132&btag=e00088000
social_media,tiktok,1970-01-01 00:00:01.742921417,hernanulloa89,Al país 🗣️🇪🇨# 🇪🇨 ,3202,2420,487,https://v16m.tiktokcdn-us.com/97398f49ac6b1bd7d396017ead6f43bc/697c6803/video/tos/useast2a/tos-useast2a-pve-0068/oofvg5NCBgnrGfeK3ffiWY4JiEgmIPT4AAgt8M/?a=1233&bti=Ojs2NGYpQHM6OjZALjU2OmQvcCMxNDNg&ch=0&cr=13&dr=0&er=0&lr=all&net=0&cd=0%7C0%7C0%7C&cv=1&br=1956&bt=978&cs=0&ds=6&ft=arR-Iqx4m3FPD12MFkDs3wUpCHTKaeF~O5&mime_type=video_mp4&qs=0&rc=Zjc1MzgzMzw5Z2U3Omk4ZUBpM3hkM3E5cjVneTMzNzczM0AyLTVeLTYyX2MxYV9hNjYxYSNibWdnMmRzcGVgLS1kMTZzcw%3D%3D&vvpl=1&l=20260130020503A47BBC3288043D046132&btag=e000a0000
social_media,tiktok,1970-01-01 00:00:01.739742356,estebitanrrv, 🇪🇨,5,0,0,https://v16m.tiktokcdn-us.com/b1a57ea83a562787e6c3a7693312766d/697c6668/video/tos/useast2a/tos-useast2a-ve-0068c004/oEGwyKeHgafLPLKIvUvCAnSgIZICXQ2gjseXS1/?a=1233&bti=Ojs2NGYpQHM6OjZALjU2OmQvcCMxNDNg&ch=0&cr=13&dr=0&er=0&lr=all&net=0&cd=0%7C0%7C0%7C&br=1516&bt=758&cs=0&ds=6&ft=arR-Iqx4m3FPD12MFkDs3wUpCHTKaeF~O5&mime_type=video_mp4&qs=0&rc=NGg8OztnaGlpaWg3aWdlPEBpM2l0NnU5cnY4eDMzNzczM0BjMy81NTEzXjExMDI0YGEtYSNsamByMmRzZW1gLS1kMTZzcw%3D%3D&vvpl=1&l=20260130020503A47BBC3288043D046132&btag=e00088000
social_media,tiktok,1970-01-01 00:00:01.742250985,estebitanrrv, 🇪🇨 🇪🇨 🇪🇨🇪🇨🇪🇨🇪🇨😍,13,0,0,https://v16m.tiktokcdn-us.com/6084ab44964ec4b7638eff73788c5616/697c6646/video/tos/useast2a/tos-useast2a-ve-0068c002/o4UOCgJDnBR7VScFECyKGAQXEBXxf25QmRIemM/?a=1233&bti=Ojs2NGYpQHM6OjZALjU2OmQvcCMxNDNg&ch=0&cr=13&dr=0&er=0&lr=all&net=0&cd=0%7C0%7C0%7C&cv=1&br=1032&bt=516&cs=0&ds=6&ft=arR-Iqx4m3FPD12MFkDs3wUpCHTKaeF~O5&mime_type=video_mp4&qs=0&rc=NGY7OzdkMzo8NjRnO2k7M0BpM2Rodnc5cjZkeTMzNzczM0AwXi5hNGIuXzMxNWIyYjJiYSNpcG1pMmQ0NGBgLS1kMTZzcw%3D%3D&vvpl=1&l=20260130020503A47BBC3288043D046132&btag=e000b8000
social_media,tiktok,1970-01-01 00:00:01.738558889,katheryncchachita2, 🇪🇨,11,0,4,https://v16m.tiktokcdn-us.com/f2adfa66b1b2aac657c815ad888bc530/697c6635/video/tos/useast8/tos-useast8-pve-0068-tx2/ocERFGEg1SjSoNDqBAfDFfAVG2ITaq4lEEonTE/?a=1233&bti=Ojs2NGYpQHM6OjZALjU2OmQvcCMxNDNg&ch=0&cr=13&dr=0&er=0&lr=all&net=0&cd=0%7C0%7C0%7C&cv=1&br=1264&bt=632&cs=0&ds=6&ft=arR-Iqx4m3FPD12MFkDs3wUpCHTKaeF~O5&mime_type=video_mp4&qs=0&rc=PGVnOztpPDM6ODw2Ozo7ZUBpam1wbnQ5cjw3eDMzaTczNEAxMjRjLjExNmIxLjZgMl82YSMuaGRzMmRjb2RgLS1kMTJzcw%3D%3D&vvpl=1&l=20260130020503A47BBC3288043D046132&btag=e000b0000
social_media,tiktok,1970-01-01 00:00:01.739127089,latinanoticias,"Luisa González, candidata presidencial de Ecuador, emitió su voto. # ",374,13,5,https://v16m.tiktokcdn-us.com/d14313391fb3057e994ec9b1b3a91d9a/697c666c/video/tos/useast2a/tos-useast2a-ve-0068c001/osAkErMeMeIZVIK1JhGR9BLfeUJoAAJgdWekRi/?a=1233&bti=Ojs2NGYpQHM6OjZALjU2OmQvcCMxNDNg&ch=0&cr=13&dr=0&er=0&lr=all&net=0&cd=0%7C0%7C0%7C&cv=1&br=2522&bt=1261&cs=0&ds=6&ft=arR-Iqx4m3FPD12MFkDs3wUpCHTKaeF~O5&mime_type=video_mp4&qs=0&rc=NjtoaWVpNzQ1NDQ2aWk2PEBpanM0bmw5cmdpeDMzNzczM0AxM2BgNmFfNV4xLmBgNmFjYSMucjZfMmRjZGhgLS1kMTZzcw%3D%3D&vvpl=1&l=20260130020503A47BBC3288043D046132&btag=e00090000
social_media,tiktok,1970-01-01 00:00:01.734558813,adri__123,ES AHORA O NUNCA 🇪🇨🇪🇨🇪🇨 🇪🇨 🇪🇨 Correa Delgado González cazador político Luis 🇪🇨,59055,2731,6628,https://v16m.tiktokcdn-us.com/354319aa32db454a6dcc595a86c733ed/697c66a7/video/tos/alisg/tos-alisg-pve-0037/o8GbQhDQoEnIFSytnJfBVXYu3eHMqqCTAEBkxI/?a=1233&bti=Ojs2NGYpQHM6OjZALjU2OmQvcCMxNDNg&ch=0&cr=13&dr=0&er=0&lr=all&net=0&cd=0%7C0%7C0%7C&br=1186&bt=593&cs=0&ds=2&ft=arR-Iqx4m3FPD12MFkDs3wUpCHTKaeF~O5&mime_type=video_mp4&qs=0&rc=OTY7NWk4Zzw6M2RkNjQ6aEBpMzppcHg5cnBkeDMzNzgzM0BiLjA0Yy1eXy8xLTQtMGMvYSNmMW5fMmQ0ajBgLS1kLzZzcw%3D%3D&vvpl=1&l=20260130020503A47BBC3288043D046132&btag=e00090000
social_media,tiktok,1970-01-01 00:00:01.744508310,conciencianews,Tensión en Ecuador ante decreto de estado de excepción en varias provincias a tan solo unas horas del inicio de las elecciones presidenciales. 🇪🇨 ,2820,592,335,https://v16m.tiktokcdn-us.com/d633042ab4893afdd83ce013a6ec1b52/697c6749/video/tos/useast2a/tos-useast2a-ve-0068c001/oUiPC2eQQd9WifKA3ghA9xgejiW2MCBGI8PiyS/?a=1233&bti=NXYpNDs8QGo6OjZAOm00NTAuYCMxNDNg&ch=0&cr=13&dr=0&er=0&lr=all&net=0&cd=0%7C0%7C0%7C&cv=1&br=588&bt=294&cs=0&ds=6&ft=arR-Iqx4m3FPD12MFkDs3wUpCHTKaeF~O5&mime_type=video_mp4&qs=0&rc=Z2VkMzY7NDZnMzs3OTVkOUBpM3B1M2o5cm1reTMzNzczM0A0YGEuMDUvNmExNTAwMWItYSNfNWpuMmRrNXFgLS1kMTZzcw%3D%3D&vvpl=1&l=20260130020503A47BBC3288043D046132&btag=e00098000
social_media,tiktok,1970-01-01 00:00:01.744593121,estebitanrrv, 🇪🇨 ,19,0,0,https://v16m.tiktokcdn-us.com/1a63de41008582a2fb73039aad7c3701/697c6637/video/tos/useast2a/tos-useast2a-pve-0068/oYBmAYbf5iHk3EjHIniB1Of0EdVoQB4cBJ8NdR/?a=1233&bti=Ojs2NGYpQHM6OjZALjU2OmQvcCMxNDNg&ch=0&cr=13&dr=0&er=0&lr=all&net=0&cd=0%7C0%7C0%7C&cv=1&br=1066&bt=533&cs=0&ds=6&ft=arR-Iqx4m3FPD12MFkDs3wUpCHTKaeF~O5&mime_type=video_mp4&qs=0&rc=M2g8aWlkOmk4M2llODM5O0BpM3U0cW85cjk5eTMzNzczM0A0YGJhLTIuNmIxMzYvYF9gYSNubjRvMmRzLnJgLS1kMTZzcw%3D%3D&vvpl=1&l=20260130020503A47BBC3288043D046132&btag=e000b0000
social_media,tiktok,1970-01-01 00:00:01.724934740,lamanabaec, con 🇪🇨 ,216,3,36,https://v16m.tiktokcdn-us.com/13d2eb52fd3772ef85d5fb0a484a7593/697c6698/video/tos/useast8/tos-useast8-ve-0068c001-tx2/oYTUJBNIVQiDisZfCA0QzqzoaXIQaAO7iE6AQ5/?a=1233&bti=Ojs2NGYpQHM6OjZALjU2OmQvcCMxNDNg&ch=0&cr=13&dr=0&er=0&lr=all&net=0&cd=0%7C0%7C0%7C&cv=1&br=2532&bt=1266&cs=0&ds=6&ft=arR-Iqx4m3FPD12MFkDs3wUpCHTKaeF~O5&mime_type=video_mp4&qs=0&rc=ZjgzO2Q6N2VlODY4PDVlOUBpam08Zm45cmY5dTMzaTczNEBfMWBiYS1eXzUxNTAvLWI1YSNeLXNeMmRzYTVgLS1kMTJzcw%3D%3D&vvpl=1&l=20260130020503A47BBC3288043D046132&btag=e00090000
social_media,tiktok,1970-01-01 00:00:01.739148626,wilopradoec,😱🔴 En vivo análisis del proceso electoral Presidenciales 2025. ,2925,41,150,https://v16m.tiktokcdn-us.com/e478d34711a22f1f84d7c4187f674b66/697c6676/video/tos/useast2a/tos-useast2a-ve-0068c003/osB2EpZBi8cToBA9NQFQl2QIs8Nvq6i4SUEWr/?a=1233&bti=Ojs2NGYpQHM6OjZALjU2OmQvcCMxNDNg&ch=0&cr=13&dr=0&er=0&lr=all&net=0&cd=0%7C0%7C0%7C&cv=1&br=3096&bt=1548&cs=0&ds=6&ft=arR-Iqx4m3FPD12MFkDs3wUpCHTKaeF~O5&mime_type=video_mp4&qs=0&rc=ODo4NjY6OWRoNDc6aDk4ZEBpMzg2aXY5cjRueDMzNzczM0BfMTA2MC9gNV4xNjA0MDBfYSNwYGFiMmRrbmhgLS1kMTZzcw%3D%3D&vvpl=1&l=20260130020503A47BBC3288043D046132&btag=e00090000
social_media,tiktok,1970-01-01 00:00:01.733975029,jcrespog90, busquemos mas candidatos señores no nos enfoquemos en Luisa y Noboa,11,0,0,https://v16m.tiktokcdn-us.com/51903d5206bdd66f53d576abd34dce46/697c667d/video/tos/useast5/tos-useast5-ve-0068c001-tx/ogfpjOLVt1fQIb9UHARqkRb8h1eAjXgMAtkCEL/?a=1233&bti=Ojs2NGYpQHM6OjZALjU2OmQvcCMxNDNg&ch=0&cr=13&dr=0&er=0&lr=all&net=0&cd=0%7C0%7C0%7C&cv=1&br=612&bt=306&cs=0&ds=6&ft=arR-Iqx4m3FPD12MFkDs3wUpCHTKaeF~O5&mime_type=video_mp4&qs=0&rc=PDtnPGc1OzxlOjxlOTMzOEBpanNvZXQ5cnY4dzMzZzczNEBeMC5hMWAuXjYxNjJfLy0zYSMtanMyMmQ0amFgLS1kMS9zcw%3D%3D&vvpl=1&l=20260130020503A47BBC3288043D046132&btag=e00090000
social_media,tiktok,1970-01-01 00:00:01.744598034,.rebeldement3," de la Internacional Antifacista Capítulo - Ecuador ante el Mega fraude Electoral y el ataque neofascista de Daniel Noboa. este fraude electoral no es un simple acto de corrupción, sino la imposición violenta de un régimen neofascista, que ha sido diseñado desde el extranjero con métodos propios de las dictaduras más oscuras del siglo XX. .",4,0,0,https://v16m.tiktokcdn-us.com/48283f090b9ed45e3ecfde2449249931/697c6638/video/tos/useast2a/tos-useast2a-ve-0068c002/oU4dSEzIjIVACS2f2vQg5KDP27oFECEHCgfO6f/?a=1233&bti=Ojs2NGYpQHM6OjZALjU2OmQvcCMxNDNg&ch=0&cr=13&dr=0&er=0&lr=all&net=0&cd=0%7C0%7C0%7C&cv=1&br=4964&bt=2482&cs=0&ds=6&ft=arR-Iqx4m3FPD12MFkDs3wUpCHTKaeF~O5&mime_type=video_mp4&qs=0&rc=aTo8PGU5PDc5O2k5NDxkZkBpMzxuaXU5cjQ6eTMzNzczM0AvYmA1MjJfXi0xL14uLmAyYSNecTEyMmQ0NHJgLS1kMTZzcw%3D%3D&vvpl=1&l=20260130020503A47BBC3288043D046132&btag=e000b0000
social_media,tiktok,1970-01-01 00:00:01.731699776,ivanandresfarah,Comenten si les tocó o no estar en mesa!!🇪🇨🗳️ ,62618,933,648,https://v45.tiktokcdn-us.com/7f1380627b57ba3ff1f6c0dfc0c3ae48/697c66a3/video/tos/alisg/tos-alisg-pve-0037c001/oMFLIyFNx3JRQ1k3BQDAENNpRtnQpBQEI6EffG/?a=1233&bti=Ojs2NGYpQHM6OjZALjU2OmQvcCMxNDNg&ch=0&cr=13&dr=0&er=0&lr=all&net=0&cd=0%7C0%7C0%7C&cv=1&br=1302&bt=651&cs=0&ds=6&ft=73kDHDyjNJsVQQUnU~d-sdvWBuXqYlsNQE-~hWLrK&mime_type=video_mp4&qs=0&rc=Mzg6NmU3Ojk0ZDkzOjdkaUBpM292aG45cm50djMzNzczM0AwYzMzNF9iXzQxNWAvNTY2YSNta3NvMmRjM29gLS1kMTZzcw%3D%3D&vvpl=1&l=20260130020509777A35E7D66F2C0382FF&btag=e00095000
social_media,tiktok,1970-01-01 00:00:01.737870588,robertinotarot,Predicción tarot elecciones presidenciales en Ecuador 2025 🇪🇨 🇪🇨❤️ ,6300,438,1449,https://v45.tiktokcdn-us.com/eb4d07335ace1d30b3c1331141681c3b/697c6698/video/tos/useast2a/tos-useast2a-ve-0068c002/ocMCUdPVgzjfIpNIL5AijQIGVgVSKfyCQTeqXM/?a=1233&bti=Ojs2NGYpQHM6OjZALjU2OmQvcCMxNDNg&ch=0&cr=13&dr=0&er=0&lr=all&net=0&cd=0%7C0%7C0%7C&cv=1&br=1064&bt=532&cs=0&ds=6&ft=73kDHDyjNJsVQQUnU~d-sdvWBuXqYlsNQE-~hWLrK&mime_type=video_mp4&qs=0&rc=ZWQ7aWYzO2RkaGZmNmc6Z0BpM2lub205cmd2eDMzNzczM0A0NmIxMzUvNjMxM15gYy9fYSNobV4uMmQ0a15gLS1kMTZzcw%3D%3D&vvpl=1&l=20260130020509777A35E7D66F2C0382FF&btag=e00095000
social_media,tiktok,1970-01-01 00:00:01.738901257,dianabravo169, 🤍🦋 💛💙❤️ esperemos no nos roben en las urnas 🥳🥳🥳,26,0,0,https://v45.tiktokcdn-us.com/a3ad4e26b54c54877460318e40defa7b/697c6651/video/tos/useast2a/tos-useast2a-ve-0068c003/oYwDEdBfIiAbEgBpMQiJjhEDB6YGfRLlnZxGQG/?a=1233&bti=Ojs2NGYpQHM6OjZALjU2OmQvcCMxNDNg&ch=0&cr=13&dr=0&er=0&lr=all&net=0&cd=0%7C0%7C0%7C&br=2018&bt=1009&cs=0&ds=1&ft=73kDHDyjNJsVQQUnU~d-sdvWBuXqYlsNQE-~hWLrK&mime_type=video_mp4&qs=0&rc=MzY6ZztoMzlmZDpmaWU2ZkBpMzlmOXQ5cnlyeDMzNzczM0AwNWFfMjMwNS4xYDAzXjNgYSMzMzZsMmRzYWZgLS1kMTZzcw%3D%3D&vvpl=1&l=20260130020509777A35E7D66F2C0382FF&btag=e000bd000
social_media,tiktok,1970-01-01 00:00:01.739328636,wilopradoec,😱🔴 Delfin Quishpe le dice al país por quién votar para mejores días en el Ecuador. ,159090,27642,14063,https://v45.tiktokcdn-us.com/9b671906e18ccdc3765f64e79f78420d/697c66ab/video/tos/useast2a/tos-useast2a-pve-0068/oUQs3LuE8RRvQEJIYBFnADiDQeJ4JB4KfArE0t/?a=1233&bti=Ojs2NGYpQHM6OjZALjU2OmQvcCMxNDNg&ch=0&cr=13&dr=0&er=0&lr=all&net=0&cd=0%7C0%7C0%7C&cv=1&br=1378&bt=689&cs=0&ds=6&ft=73kDHDyjNJsVQQUnU~d-sdvWBuXqYlsNQE-~hWLrK&mime_type=video_mp4&qs=0&rc=ODY7ZWQzNGk6NjxlODw5N0BpMzt5dHA5cmczeDMzNzczM0AxNGFeMTIyNjUxNGNjXzE1YSNjaDNmMmRza2pgLS1kMTZzcw%3D%3D&vvpl=1&l=20260130020509777A35E7D66F2C0382FF&btag=e00095000
social_media,tiktok,1970-01-01 00:00:01.743460338,estebitanrrv, 🇪🇨 🇪🇨 ,5,0,1,https://v45.tiktokcdn-us.com/846ea72c7fd482651656563337aca7a6/697c6687/video/tos/useast2a/tos-useast2a-ve-0068c003/oUfRQEZbawxuPRuWptBPIfCMQgFBBnAx6aDJCE/?a=1233&bti=Ojs2NGYpQHM6OjZALjU2OmQvcCMxNDNg&ch=0&cr=13&dr=0&er=0&lr=all&net=0&cd=0%7C0%7C0%7C&cv=1&br=1686&bt=843&cs=0&ds=6&ft=73kDHDyjNJsVQQUnU~d-sdvWBuXqYlsNQE-~hWLrK&mime_type=video_mp4&qs=0&rc=ZmQ6OGdmOWVpNjU1ZDVpN0Bpam43d3I5cnZreTMzNzczM0AtLjE1MzYuXjExMS1iMzUtYSNqbmwzMmRjYGlgLS1kMTZzcw%3D%3D&vvpl=1&l=20260130020509777A35E7D66F2C0382FF&btag=e00095000
social_media,tiktok,1970-01-01 00:00:01.738975500,jotacparati," , , , , , , , 🇪🇨💪💙 , , ",28395,10480,4053,https://v16m.tiktokcdn-us.com/9198ae88986b69d61f92752320748f74/697c66e4/video/tos/useast2a/tos-useast2a-pve-0068/osACgTLmX3PIeCSrlyGUaQHCSTqjI4LgehfII4/?a=1233&bti=Ojs2NGYpQHM6OjZALjU2OmQvcCMxNDNg&ch=0&cr=13&dr=0&er=0&lr=all&net=0&cd=0%7C0%7C0%7C&cv=1&br=2098&bt=1049&cs=0&ds=6&ft=H3YMyvShQBKUxsurIWl2K4yqYl1Z0SE1GbR_3Q7q8Z4ka&mime_type=video_mp4&qs=0&rc=NmY3OmZkOjw1M2dkaDo4aEBpMzh4eXM5cjNkeDMzNzczM0A2MzZgMy9fX2ExNF8wYDFfYSNmbmViMmRzYmdgLS1kMTZzcw%3D%3D&vvpl=1&l=2026013002051365D63EDF04DD5E038683&btag=e00090000
social_media,tiktok,1970-01-01 00:00:01.733264183,elian1308,"48% ES EN PRIMERA VUELTA, EL DINERO DE LOS 3 PUNTOS DEL IVA SE LO ESTAN FERIANDO.🇪🇨 🇪🇨 ",28228,3293,2237,https://v16m.tiktokcdn-us.com/0ae57e6aea615e7bdcf0266aec9c9c6d/697c6760/video/tos/alisg/tos-alisg-pve-0037c001/o4NPl8opfAINLDd0QBIzr7ASgigkiC94V8XEa2/?a=1233&bti=Ojs2NGYpQHM6OjZALjU2OmQvcCMxNDNg&ch=0&cr=13&dr=0&er=0&lr=all&net=0&cd=0%7C0%7C0%7C&cv=1&br=1328&bt=664&cs=0&ds=6&ft=H3YMyvShQBKUxsurIWl2K4yqYl1Z0SE1GbR_3Q7q8Z4ka&mime_type=video_mp4&qs=0&rc=NDdnOWY8NjNnZTNpZjY1NEBpM3ZxdHA5cmxydzMzNzczM0A2L140MzAxNV4xMjMtYGBeYSM2ZW1eMmRzMDRgLS1kMTZzcw%3D%3D&vvpl=1&l=2026013002051365D63EDF04DD5E038683&btag=e00098000
social_media,tiktok,1970-01-01 00:00:01.739054705,hechosec,Testimonios sobre lo ocurrido con en guayaquil. ,28251,2314,2108,https://v16m.tiktokcdn-us.com/c824a60db9231f92f63b566a9dc37f23/697c66fc/video/tos/useast2a/tos-useast2a-ve-0068c002/octRv9SRDItYMPs1AmFgJSRqSBffnnBQEwQyEp/?a=1233&bti=Ojs2NGYpQHM6OjZALjU2OmQvcCMxNDNg&ch=0&cr=13&dr=0&er=0&lr=all&net=0&cd=0%7C0%7C0%7C&cv=1&br=1666&bt=833&cs=0&ds=6&ft=H3YMyvShQBKUxsurIWl2K4yqYl1Z0SE1GbR_3Q7q8Z4ka&mime_type=video_mp4&qs=0&rc=aDk6Nmk5Omk2aWY0OzM4NEBpMzw2aHA5cnR3eDMzNzczM0BfNDRfXjY0XzIxLzBjLzMxYSMwMzYxMmRrbmdgLS1kMTZzcw%3D%3D&vvpl=1&l=2026013002051365D63EDF04DD5E038683&btag=e00098000
social_media,tiktok,1970-01-01 00:00:01.739119942,marcelraven133,"Tenia ganas de hacer mame con el tema de Joe Hendry la verdad, tomarselo con humor xd ",27017,3243,314,https://v16m.tiktokcdn-us.com/c4a58456e759397f981e4c3e254e4004/697c6648/video/tos/useast2a/tos-useast2a-ve-0068c001/oANCgqQKXF9cABJFFnhDV7QC1EIifBfDEo3U5K/?a=1233&bti=Ojs2NGYpQHM6OjZALjU2OmQvcCMxNDNg&ch=0&cr=13&dr=0&er=0&lr=all&net=0&cd=0%7C0%7C0%7C&cv=1&br=2154&bt=1077&cs=0&ds=6&ft=H3YMyvShQBKUxsurIWl2K4yqYl1Z0SE1GbR_3Q7q8Z4ka&mime_type=video_mp4&qs=0&rc=ZWdkZTZoOjZlOjNpOzs2aEBpM3lldmo5cmpneDMzNzgzM0BhNjIyLzVjNi4xYjAyM2MwYSNicS1pMmRzbmhgLS1kLzZzcw%3D%3D&vvpl=1&l=2026013002051365D63EDF04DD5E038683&btag=e000b8000
social_media,tiktok,1970-01-01 00:00:01.740015752,telmopunina,Opinión Personal con respecto a las declaraciones del sr Iza Salazar sobre la segunda vuelta electoral ,26935,4927,4661,https://v16m.tiktokcdn-us.com/8ebccfbff8d255897b9868edaf7ac661/697c66fe/video/tos/useast2a/tos-useast2a-pve-0068/oYzhks2byAZI0AiI5gcESLRQO2CDolfqBPiBiP/?a=1233&bti=Ojs2NGYpQHM6OjZALjU2OmQvcCMxNDNg&ch=0&cr=13&dr=0&er=0&lr=all&net=0&cd=0%7C0%7C0%7C&cv=1&br=1206&bt=603&cs=0&ds=6&ft=H3YMyvShQBKUxsurIWl2K4yqYl1Z0SE1GbR_3Q7q8Z4ka&mime_type=video_mp4&qs=0&rc=ZDo0aGVlO2kzNTQzZDxkOkBpanNnbnM5cnM7eDMzNzczM0AuXy01YzZfXmMxLzM1LmEyYSM0bGRhMmRjY29gLS1kMTZzcw%3D%3D&vvpl=1&l=2026013002051365D63EDF04DD5E038683&btag=e00098000
social_media,tiktok,1970-01-01 00:00:01.739320683,radiodinamicaecu, || La candidata Luisa González respondió a Daniel Noboa. . . . . . . . . 🇪🇨 🇪🇨❤ 🇪🇨 🇪🇨 🇪🇨 ,26929,1287,1720,https://v16m.tiktokcdn-us.com/c96f8e7168257e945fa5533a0f59a091/697c6657/video/tos/useast2a/tos-useast2a-ve-0068c001/oUX0WQSDPC7yeF5FEC1e5AIIICUrfVQgXjEXCN/?a=1233&bti=Ojs2NGYpQHM6OjZALjU2OmQvcCMxNDNg&ch=0&cr=13&dr=0&er=0&lr=all&net=0&cd=0%7C0%7C0%7C&cv=1&br=1540&bt=770&cs=0&ds=6&ft=H3YMyvShQBKUxsurIWl2K4yqYl1Z0SE1GbR_3Q7q8Z4ka&mime_type=video_mp4&qs=0&rc=NTpmOWY4aTM8NjllZWZnOEBpang8NXM5cjZ4eDMzNzczM0AyYjYyYF4zXi0xMDQ2Ni0wYSNfbXEvMmRjbmlgLS1kMTZzcw%3D%3D&vvpl=1&l=2026013002051365D63EDF04DD5E038683&btag=e00088000
social_media,tiktok,1970-01-01 00:00:01.744589465,rataelcorrea,RAFAEL CORREA HOY.. ,26732,37669,1349,https://v16m.tiktokcdn-us.com/4c218ec0e1c661149c5b220261a62d2b/697c664d/video/tos/useast2a/tos-useast2a-ve-0068c002/o4WjLfjiBBrniKGCg8iUidIqfBJEoUvQ9CVlkA/?a=1233&bti=Ojs2NGYpQHM6OjZALjU2OmQvcCMxNDNg&ch=0&cr=13&dr=0&er=0&lr=all&net=0&cd=0%7C0%7C0%7C&cv=1&br=564&bt=282&cs=0&ds=6&ft=H3YMyvShQBKUxsurIWl2K4yqYl1Z0SE1GbR_3Q7q8Z4ka&mime_type=video_mp4&qs=0&rc=Zzc6ZGk3aTU4Nmk5aDY4O0BpMzZ0O3c5cmo4eTMzNzgzM0BiNTJiLTBfNTMxXmJiYWJiYSNec2RoMmRjMXJgLS1kLzZzcw%3D%3D&vvpl=1&l=2026013002051365D63EDF04DD5E038683&btag=e000b8000
social_media,tiktok,1970-01-01 00:00:01.746905122,telmopunina,LUTO NACIONAL 🇪🇨 😥 Jose Pinto 🇪🇨 Petro,26653,3024,3159,https://v16m.tiktokcdn-us.com/0a4c90a4d231615dad6eb6ca0d423d29/697c66a0/video/tos/useast2a/tos-useast2a-ve-0068c004/o4EVIJGf6DPQINERXqHoigFg2tEDmoQBA2swfB/?a=1233&bti=Ojs2NGYpQHM6OjZALjU2OmQvcCMxNDNg&ch=0&cr=13&dr=0&er=0&lr=all&net=0&cd=0%7C0%7C0%7C&cv=1&br=1714&bt=857&cs=0&ds=6&ft=H3YMyvShQBKUxsurIWl2K4yqYl1Z0SE1GbR_3Q7q8Z4ka&mime_type=video_mp4&qs=0&rc=Z2lkNTU1OjwzM2YzaWhlOUBpajprbnA5cjh0MzMzNzczM0BgLS8uNV5gNTYxYDAvMTMwYSNxamw1MmRzZGNhLS1kMTZzcw%3D%3D&vvpl=1&l=2026013002051365D63EDF04DD5E038683&btag=e00090000
social_media,tiktok,1970-01-01 00:00:01.744589694,bolivararmijos1,"Felicitaciones presidente Noboa por su reelección, ya que reafirma la confianza de la mayoría de ecuatorianos que creen en su liderazgo, Dios le dé sabiduría 🇪🇨 ",26513,1874,822,https://v16m.tiktokcdn-us.com/e2f54fd643de2a3828e80e3599ab5efc/697c665d/video/tos/useast2a/tos-useast2a-ve-0068c003/o0NvxiTSA4jIkB3oEsUgJ6rEXdiCfzOkoQA8Io/?a=1233&bti=Ojs2NGYpQHM6OjZALjU2OmQvcCMxNDNg&ch=0&cr=13&dr=0&er=0&lr=all&net=0&cd=0%7C0%7C0%7C&cv=1&br=6186&bt=3093&cs=0&ds=6&ft=H3YMyvShQBKUxsurIWl2K4yqYl1Z0SE1GbR_3Q7q8Z4ka&mime_type=video_mp4&qs=0&rc=OTNnOmg2Nzc7ODc7OWRmO0BpMztsZHE5cjw4eTMzNzczM0AyNC80MC4yNjYxMjNgYDAyYSNqNC1xMmRrM3JgLS1kMTZzcw%3D%3D&vvpl=1&l=2026013002051365D63EDF04DD5E038683&btag=e00088000
social_media,tiktok,1970-01-01 00:00:01.740118250,rataelcorrea,"FRAUDE ELECTORAL EN GUAYAS, MANABÍ, ESMERALDAS Y LOS RÍOS. SI SE ABRIESEN LAS URNAS, NO HABRÍA SEGUNDA VUELTA. ",26389,11517,4797,https://v16m.tiktokcdn-us.com/924214486f797c1b0b486918753fd7cb/697c66f6/video/tos/useast2a/tos-useast2a-ve-0068c002/o4QLEBAFEI93SVQQfdCu3iEBgsGGDfABJRCn04/?a=1233&bti=Ojs2NGYpQHM6OjZALjU2OmQvcCMxNDNg&ch=0&cr=13&dr=0&er=0&lr=all&net=0&cd=0%7C0%7C0%7C&cv=1&br=1032&bt=516&cs=0&ds=6&ft=H3YMyvShQBKUxsurIWl2K4yqYl1Z0SE1GbR_3Q7q8Z4ka&mime_type=video_mp4&qs=0&rc=OmlnODtkOjM7N2k4NWg8NUBpM3Ezd3U5cjQ0eDMzNzgzM0A0XjJeLi0zNmIxXmFhNTYtYSNqNi9zMmRrZXBgLS1kLzZzcw%3D%3D&vvpl=1&l=2026013002051365D63EDF04DD5E038683&btag=e00098000
social_media,tiktok,1970-01-01 00:00:01.739928101,radiodinamicaecu," || Ante las declaraciones vertidas por el presidente candidato Daniel Noboa, donde manifestó en una entrevista en TC Televisión: ""Estamos ahora hasta vendiéndole electricidad a Colombia"", el país cafetero desmiente dicha información. . . . . . . . . 🇪🇨 🇪🇨 🇪🇨 🇪🇨❤ 🇪🇨 ",26345,7091,4140,https://v16m.tiktokcdn-us.com/403d4f859bda11bc1f3ed9cf548195ed/697c66a5/video/tos/useast2a/tos-useast2a-pve-0068/oQM6ziMCiE2Iow2Ep1fkKKCAImc5zBkZgQ2jA3/?a=1233&bti=Ojs2NGYpQHM6OjZALjU2OmQvcCMxNDNg&ch=0&cr=13&dr=0&er=0&lr=all&net=0&cd=0%7C0%7C0%7C&cv=1&br=1602&bt=801&cs=0&ds=6&ft=H3YMyvShQBKUxsurIWl2K4yqYl1Z0SE1GbR_3Q7q8Z4ka&mime_type=video_mp4&qs=0&rc=NDU4aTg1NDk4NGU7PDRpNkBpM203OnQ5cjRteDMzNzczM0A1Y2NgLy8xXi8xYDEvNWA1YSMyNjAzMmRjMW5gLS1kMTZzcw%3D%3D&vvpl=1&l=2026013002051365D63EDF04DD5E038683&btag=e00090000
social_media,tiktok,1970-01-01 00:00:01.744143368,telmopunina,"Mi Cariño para , Sigan Facturando 💪 ",26210,1140,2831,https://v16m.tiktokcdn-us.com/fa446063eb118e21fc3aed635ac80851/697c6699/video/tos/useast2a/tos-useast2a-ve-0068c001/o4RBNFBzQI6fL29eBnOWAYJ1pJIEEGKbDYhaEQ/?a=1233&bti=Ojs2NGYpQHM6OjZALjU2OmQvcCMxNDNg&ch=0&cr=13&dr=0&er=0&lr=all&net=0&cd=0%7C0%7C0%7C&cv=1&br=1044&bt=522&cs=0&ds=6&ft=H3YMyvShQBKUxsurIWl2K4yqYl1Z0SE1GbR_3Q7q8Z4ka&mime_type=video_mp4&qs=0&rc=aTw6NjM3OWdmZTdoZzc8ZUBpM3RmNXU5cnhyeTMzNzczM0BgLzBjNDAzNWMxYjEzXy0yYSNgaDBjMmRrM25gLS1kMTZzcw%3D%3D&vvpl=1&l=2026013002051365D63EDF04DD5E038683&btag=e00090000
social_media,tiktok,1970-01-01 00:00:01.739206014,radiodinamicaecu," || Andrea González, con el 2,71% de votos, ya dio entender a quien apoyara en la segunda vuelta en la que se enfrentarán la derecha de Daniel Noboa y la izquierda de Luisa González, el 13 de abril. . . . . . . . . 🇪🇨 🇪🇨 🇪🇨 🇪🇨 🇪🇨❤ ",26079,1174,4129,https://v16m.tiktokcdn-us.com/1cb1a35f931d91265eb2047707e058db/697c6688/video/tos/useast2a/tos-useast2a-ve-0068c001/o0IitHE9EiZaQhSlALQohUBFqQB1KgEZq6BPD/?a=1233&bti=Ojs2NGYpQHM6OjZALjU2OmQvcCMxNDNg&ch=0&cr=13&dr=0&er=0&lr=all&net=0&cd=0%7C0%7C0%7C&cv=1&br=632&bt=316&cs=0&ds=6&ft=H3YMyvShQBKUxsurIWl2K4yqYl1Z0SE1GbR_3Q7q8Z4ka&mime_type=video_mp4&qs=0&rc=PDNlODs7OWk3Njo0Nzo3NkBpajM3bHc5cnQ1eDMzNzczM0AtMTIvMmEwXjQxLTQwYzA0YSNkX2gwMmQ0bmlgLS1kMTZzcw%3D%3D&vvpl=1&l=2026013002051365D63EDF04DD5E038683&btag=e00090000
social_media,tiktok,1970-01-01 00:00:01.739113148,telmopunina,ELECCIONES ECUADOR 2025 ,26044,1592,3676,https://v16m.tiktokcdn-us.com/624acd951260f820ffaa1ef2efb58424/697c6656/video/tos/useast2a/tos-useast2a-ve-0068c004/oI4eQSMVifYopRggChvgDQDaKyVfIAJewfgIJA/?a=1233&bti=Ojs2NGYpQHM6OjZALjU2OmQvcCMxNDNg&ch=0&cr=13&dr=0&er=0&lr=all&net=0&cd=0%7C0%7C0%7C&cv=1&br=5952&bt=2976&cs=0&ds=6&ft=H3YMyvShQBKUxsurIWl2K4yqYl1Z0SE1GbR_3Q7q8Z4ka&mime_type=video_mp4&qs=0&rc=NTY4aTs4OWQzZmc6NTNlM0Bpamk8bXk5cjNmeDMzNzczM0AuYTFeNTIyNV8xYWJfXy8tYSNwNnNsMmQ0MWhgLS1kMTZzcw%3D%3D&vvpl=1&l=2026013002051365D63EDF04DD5E038683&btag=e000b8000
social_media,tiktok,1970-01-01 00:00:01.739295149,wilopradoec,"😱🔴 Al fin, Daniel Noboa se pronuncia luego del proceso electoral 🇪🇨 ",25802,1912,3730,https://v16m.tiktokcdn-us.com/93c42b7961e548d5b03bc1afac97b241/697c6702/video/tos/useast2a/tos-useast2a-ve-0068c003/oYjFgEB2Q5RJNiBZ1fqKXI4MneBEUDWpqhEQAB/?a=1233&bti=Ojs2NGYpQHM6OjZALjU2OmQvcCMxNDNg&ch=0&cr=13&dr=0&er=0&lr=all&net=0&cd=0%7C0%7C0%7C&cv=1&br=2648&bt=1324&cs=0&ds=6&ft=H3YMyvShQBKUxsurIWl2K4yqYl1Z0SE1GbR_3Q7q8Z4ka&mime_type=video_mp4&qs=0&rc=PDY6NWYzZzQ1aTo5ZGRpaUBpM2tzbG85cjlyeDMzNzczM0A2MmMxMzVhX14xNGBfXmAzYSNsamQvMmRjZWlgLS1kMTZzcw%3D%3D&vvpl=1&l=2026013002051365D63EDF04DD5E038683&btag=e00098000
social_media,tiktok,1970-01-01 00:00:01.740102082,telmopunina,TRISTE 😥 😢 🇪🇨 @👑Runa Youtubers 👑 𝐆𝐎𝐍𝐙𝐀𝐋𝐄𝐒,25150,796,8838,https://v16m.tiktokcdn-us.com/d532b885a912f363653fa7fdf0e41cc3/697c66f9/video/tos/useast2a/tos-useast2a-ve-0068c002/okIh7ajIQCAefIdvgPBgaQ97SCLKvsbG7OXDwe/?a=1233&bti=Ojs2NGYpQHM6OjZALjU2OmQvcCMxNDNg&ch=0&cr=13&dr=0&er=0&lr=all&net=0&cd=0%7C0%7C0%7C&cv=1&br=1132&bt=566&cs=0&ds=6&ft=aEKfuqT0mv_PD12DFkDs3wUeFa-pMeF~O5&mime_type=video_mp4&qs=0&rc=NWUzO2g6ZDQzNWU2ZTY4ZUBpM3FxZXk5cmp3eDMzNzczM0AvNF5hMWAwNjYxMi1fYC8tYSNob19jMmRjZm9gLS1kMTZzcw%3D%3D&vvpl=1&l=20260130020517606E857185D6FD03EB76&btag=e00098000
social_media,tiktok,1970-01-01 00:00:01.739110758,kevinchooz,Xfa ,24935,737,288,https://v16m.tiktokcdn-us.com/c6dd216113142e9b3d2f8e71780e3393/697c6648/video/tos/useast2a/tos-useast2a-ve-0068c001/oQOIEEHdEFABBqQQERkDJxZ9LfuCisnoMBrfBX/?a=1233&bti=NXYpNDs8QGo6OjZAOm00NTAuYCMxNDNg&ch=0&cr=13&dr=0&er=0&lr=all&net=0&cd=0%7C0%7C0%7C&cv=1&br=2952&bt=1476&cs=0&ds=6&ft=aEKfuqT0mv_PD12DFkDs3wUeFa-pMeF~O5&mime_type=video_mp4&qs=0&rc=OzRpNzpmOTQ6NWY6ZTc6aEBpanltZ3A5cmZleDMzNzczM0AyMi81YjAzNTAxXzM1MWBfYSNicWEtMmRjZWhgLS1kMTZzcw%3D%3D&vvpl=1&l=20260130020517606E857185D6FD03EB76&btag=e000b0000
social_media,tiktok,1970-01-01 00:00:01.739159905,radiodinamicaecu, || Luisa González al país tras pasar a segunda vuelta con Daniel Noboa la noche del domingo 9 de febrero de 2025. . . . . .. .🇪🇨❤ 🇪🇨 🇪🇨 🇪🇨 🇪🇨,24912,1215,2887,https://v16m.tiktokcdn-us.com/00ce5c603b11b27415fd5e97d5661a0a/697c6686/video/tos/useast2a/tos-useast2a-pve-0068/oIXSRnKKqljEEejCBAIaBwjfynHQsFQDgZJBWX/?a=1233&bti=Ojs2NGYpQHM6OjZALjU2OmQvcCMxNDNg&ch=0&cr=13&dr=0&er=0&lr=all&net=0&cd=0%7C0%7C0%7C&cv=1&br=1158&bt=579&cs=0&ds=6&ft=aEKfuqT0mv_PD12DFkDs3wUeFa-pMeF~O5&mime_type=video_mp4&qs=0&rc=OGk7Zzo2MzQ5NTM7aDU0M0BpajNobnI5cnZxeDMzNzczM0AuLS1iNGEvNl4xYjBiMDFjYSNpbWIvMmRrZWhgLS1kMTZzcw%3D%3D&vvpl=1&l=20260130020517606E857185D6FD03EB76&btag=e00090000
social_media,tiktok,1970-01-01 00:00:01.742829712,ycaballeroy,"En efecto, es cine 🚬 ",24855,1666,1063,https://v16m.tiktokcdn-us.com/80d8c340c9ed39f5091a3a740a912725/697c6681/video/tos/useast2a/tos-useast2a-ve-0068c004/oQHEw8rTQavEJ94B3CrDfB6RhSAFgzXQEeanIl/?a=1233&bti=NXYpNDs8QGo6OjZAOm00NTAuYCMxNDNg&ch=0&cr=13&dr=0&er=0&lr=all&net=0&cd=0%7C0%7C0%7C&cv=1&br=572&bt=286&cs=0&ds=6&ft=aEKfuqT0mv_PD12DFkDs3wUeFa-pMeF~O5&mime_type=video_mp4&qs=0&rc=Mzg1PGc5OmY5ZGc7aDY0OUBpanU0bnE5cm5xeTMzNzczM0A2LS0wLWM1NjQxNC41MWMxYSNyX2tqMmRrZGRgLS1kMTZzcw%3D%3D&vvpl=1&l=20260130020517606E857185D6FD03EB76&btag=e00090000
social_media,tiktok,1970-01-01 00:00:01.739457655,elian1308,NOBOA CONTINÚA PELEANDO CON LAS FAMILIAS DE LOS NIÑOS DE LAS MALVINAS.🇪🇨 🇪🇨,24812,4277,1892,https://v16m.tiktokcdn-us.com/17363cfe08d2b3579d162a7f39241327/697c673e/video/tos/useast2a/tos-useast2a-ve-0068c003/oYFBKoDfFtc8rCccKRsWABEEuupQIJgfQng8PE/?a=1233&bti=NXYpNDs8QGo6OjZAOm00NTAuYCMxNDNg&ch=0&cr=13&dr=0&er=0&lr=all&net=0&cd=0%7C0%7C0%7C&cv=1&br=1436&bt=718&cs=0&ds=6&ft=aEKfuqT0mv_PD12DFkDs3wUeFa-pMeF~O5&mime_type=video_mp4&qs=0&rc=OGk2aTZoNTU3M2lpZzg5aEBpamhscXE5cmkzeDMzNzczM0AzYDJeXmNjX2ExNWMvYWEzYSMyMWZfMmQ0MmtgLS1kMTZzcw%3D%3D&vvpl=1&l=20260130020517606E857185D6FD03EB76&btag=e00098000
social_media,tiktok,1970-01-01 00:00:01.738792498,yaptvradio,"ANABELLA AZIN, MADRE DE DANIEL NOBOA, DICE QUE SE CONSTRUIRÁ HOSPITAL PARA ATENDER A MILES DE PACIENTES Con cánc3r, y tendrá tecnología de última generación, y personal altmemte capacitado, porque la salud es un derecho para los 18 millones de ecuatorianos. Anabella Azin es candidata a Asambleista Nacional por ADN, lista 7. /CALUMA/UNIDOS/POR/LA/DEM💜 PALESTINA OK Bolívar🇪🇨 Daniel Noboa NOBOA AZIN ",24806,2848,2939,https://v16m.tiktokcdn-us.com/125875135ff573d1a2c37d11c8d2fe82/697c668f/video/tos/useast2a/tos-useast2a-ve-0068c003/okVS39cPDIek6j72A7FgJzRxHBfFnKBQExQtEo/?a=1233&bti=NXYpNDs8QGo6OjZAOm00NTAuYCMxNDNg&ch=0&cr=13&dr=0&er=0&lr=all&net=0&cd=0%7C0%7C0%7C&cv=1&br=1024&bt=512&cs=0&ds=6&ft=aEKfuqT0mv_PD12DFkDs3wUeFa-pMeF~O5&mime_type=video_mp4&qs=0&rc=OTNoNThkODk0PDtnaGZnZ0BpajY4d3c5cmZ3eDMzNzczM0AyNTRhNV9fXy0xL2IzYF4vYSNyb2lnMmRjb2VgLS1kMTZzcw%3D%3D&vvpl=1&l=20260130020517606E857185D6FD03EB76&btag=e00090000
social_media,tiktok,1970-01-01 00:00:01.736522597,elian1308,SI ESTÁS ENTRE VOTAR POR NOBOA O NO MIRA ESTE VIDEO PODEMOS TERMINAR COMO VENEZUELA.🇪🇨 🇪🇨,24665,5346,1839,https://v16m.tiktokcdn-us.com/082017ce2b4977cc84b97cd487208b64/697c6813/video/tos/alisg/tos-alisg-pve-0037c001/ooePQnjoIgGA2EeI97L7lgAeCAudRgCmmrCSjA/?a=1233&bti=NXYpNDs8QGo6OjZAOm00NTAuYCMxNDNg&ch=0&cr=13&dr=0&er=0&lr=all&net=0&cd=0%7C0%7C0%7C&cv=1&br=1514&bt=757&cs=0&ds=6&ft=aEKfuqT0mv_PD12DFkDs3wUeFa-pMeF~O5&mime_type=video_mp4&qs=0&rc=OjZlNWdnNGdoM2RlaWhoNUBpM3RwZ3M5cnZteDMzNzczM0AuMF4uYmAwNTAxYDY2YTBiYSNsZ29oMmRrYi1gLS1kMTZzcw%3D%3D&vvpl=1&l=20260130020517606E857185D6FD03EB76&btag=e000a0000
social_media,tiktok,1970-01-01 00:00:01.736556397,wilopradoec,😱🔴 Daniel Noboa y su potente discurso. ,24493,1676,7339,https://v16m.tiktokcdn-us.com/2a2187a3ed27d76577d8695567831179/697c66d3/video/tos/alisg/tos-alisg-pve-0037c001/o8fn2LRGEEDgFBwE3vF7VIK5BGYNEQBybzQJeA/?a=1233&bti=NXYpNDs8QGo6OjZAOm00NTAuYCMxNDNg&ch=0&cr=13&dr=0&er=0&lr=all&net=0&cd=0%7C0%7C0%7C&cv=1&br=2632&bt=1316&cs=0&ds=6&ft=aEKfuqT0mv_PD12DFkDs3wUeFa-pMeF~O5&mime_type=video_mp4&qs=0&rc=ZWllZzRnZWVpNDtoZGdoN0BpM21uNnM5cm91eDMzNzczM0AyNTMyMDUzNmAxNDU1Y2M0YSMwazVjMmRjcS1gLS1kMTZzcw%3D%3D&vvpl=1&l=20260130020517606E857185D6FD03EB76&btag=e00090000
social_media,tiktok,1970-01-01 00:00:01.741804976,telmopunina,Mensaje de las Mujeres de la provincia del CHIMBORAZO al PAIS 🇪🇨🇪🇨🇪🇨🇪🇨🇪🇨🇪🇨 🌻😻 Iza Salazar CORREA,24295,3246,3014,https://v16m.tiktokcdn-us.com/b9fb3db906c896a81d9d79b9ca37e0c1/697c6770/video/tos/useast2a/tos-useast2a-ve-0068c002/oUUOEZRERJefhOLg1QQdGEv0IAynSzDoj0iBFB/?a=1233&bti=Ojs2NGYpQHM6OjZALjU2OmQvcCMxNDNg&ch=0&cr=13&dr=0&er=0&lr=all&net=0&cd=0%7C0%7C0%7C&cv=1&br=1372&bt=686&cs=0&ds=6&ft=aEKfuqT0mv_PD12DFkDs3wUeFa-pMeF~O5&mime_type=video_mp4&qs=0&rc=aGVoaTk6ZWY0OjVmOzs3PEBpM2hkcXM5cmd3eTMzNzczM0AuNjQzLjMwXzYxLTYuYC1gYSNkL2ZwMmQ0NDVgLS1kMTZzcw%3D%3D&vvpl=1&l=20260130020517606E857185D6FD03EB76&btag=e000a0000
social_media,tiktok,1970-01-01 00:00:01.744587044,jotacparati," , , , , , , 🤘 .Guevara . Henry Caliz Abogado González Correa Delgado Telecinco Belarra Urresta Base en Canal Red Palacios ciudadanos en Ecuador desafiando la tiranía 🇪🇨💙💪",24223,1996,1749,https://v16m.tiktokcdn-us.com/75b9ebd904c83e246cd236d69c49ccc6/697c672c/video/tos/useast2a/tos-useast2a-pve-0068/osG8vILdEJeeHII0VeMSi3fKg5mJIAywQmAVLf/?a=1233&bti=NXYpNDs8QGo6OjZAOm00NTAuYCMxNDNg&ch=0&cr=13&dr=0&er=0&lr=all&net=0&cd=0%7C0%7C0%7C&cv=1&br=1484&bt=742&cs=0&ds=6&ft=aEKfuqT0mv_PD12DFkDs3wUeFa-pMeF~O5&mime_type=video_mp4&qs=0&rc=NWRlZmdkO2U3Z2g6Omk2ZkBpamxpcHk5cmU3eTMzNzczM0BjMC9eYmJgX2ExMjExYC4wYSMxcS1tMmRrYnJgLS1kMTZzcw%3D%3D&vvpl=1&l=20260130020517606E857185D6FD03EB76&btag=e00098000
social_media,tiktok,1970-01-01 00:00:01.734733550,elian1308,ES VOMITIVO VER LA PUBLICIDAD DE NOBOA EN REDES SABIENDO QUE PAGO ESO EN LUGAR DE LA DIALISADORAS.🇪🇨 🇪🇨 ,24195,1769,2078,https://v16m.tiktokcdn-us.com/80b114e7d2e44ea757a2eb6bbd80d6f2/697c672e/video/tos/alisg/tos-alisg-pve-0037c001/o0i63OSbfACeg1DUIoIL17IgAFjDeyAz5SEQCg/?a=1233&bti=NXYpNDs8QGo6OjZAOm00NTAuYCMxNDNg&ch=0&cr=13&dr=0&er=0&lr=all&net=0&cd=0%7C0%7C0%7C&cv=1&br=1740&bt=870&cs=0&ds=6&ft=aEKfuqT0mv_PD12DFkDs3wUeFa-pMeF~O5&mime_type=video_mp4&qs=0&rc=Z2Q7OTk3ZzxkOmg3ZGQ6M0BpM2s0eHc5cm94dzMzNzczM0A2NGMxMi8wX18xYGIwLV5eYSM1bWhiMmQ0bmZgLS1kMTZzcw%3D%3D&vvpl=1&l=20260130020517606E857185D6FD03EB76&btag=e00098000
social_media,tiktok,1970-01-01 00:00:01.738162082,amartinezecu,"Si no pasa a segunda vuelta, a quién apoyaría, ¿Noboa o Luisa? Al igual que Luisa González cuando le preguntan sobre Maduro, Andrea González no respondió con certeza. ",23636,1546,2557,https://v16m.tiktokcdn-us.com/bccf7bd1755a390b7d2701ee2d42626b/697c66fc/video/tos/useast2a/tos-useast2a-ve-0068c002/oA5gSRfogA36CjxljLepHPGCBdNzEIINesATAo/?a=1233&bti=NXYpNDs8QGo6OjZAOm00NTAuYCMxNDNg&ch=0&cr=13&dr=0&er=0&lr=all&net=0&cd=0%7C0%7C0%7C&cv=1&br=634&bt=317&cs=0&ds=6&ft=aEKfuqT0mv_PD12DFkDs3wUeFa-pMeF~O5&mime_type=video_mp4&qs=0&rc=aDo5O2llO2lpZztpOzk6M0BpanMzaHY5cnQ2eDMzNzczM0AxMzI2LTUtNTYxMy8xMTAtYSM1M2ZgMmRjcWFgLS1kMTZzcw%3D%3D&vvpl=1&l=20260130020517606E857185D6FD03EB76&btag=e00098000
social_media,tiktok,1970-01-01 00:00:01.737387739,ww.ienews.com, 🚨 González Correa Delgado Quishpe OFICIAL Bukele Noticias .ec,23577,2205,3920,https://v16m.tiktokcdn-us.com/ce2eeff8e9739a7852962e6fc9d1ecab/697c6683/video/tos/useast2a/tos-useast2a-ve-0068c004/oomnBOqGE3uFUebA3QKQjcp6R3NiDBg6EfrI3J/?a=1233&bti=NXYpNDs8QGo6OjZAOm00NTAuYCMxNDNg&ch=0&cr=13&dr=0&er=0&lr=all&net=0&cd=0%7C0%7C0%7C&cv=1&br=800&bt=400&cs=0&ds=6&ft=aEKfuqT0mv_PD12DFkDs3wUeFa-pMeF~O5&mime_type=video_mp4&qs=0&rc=aWlnNzZmOGk8Zjg0NWVkaEBpM3U3PHc5cnc5eDMzNzczM0A2MzQ2NGA0XzYxYl8vXzNfYSNraGpeMmRzbzRgLS1kMTZzcw%3D%3D&vvpl=1&l=20260130020517606E857185D6FD03EB76&btag=e00090000
social_media,tiktok,1970-01-01 00:00:01.743474757,elian1308,ECUADOR REACCIONA POR DIOS 🇪🇨 Álvaro Pallares,23553,4325,2424,https://v16m.tiktokcdn-us.com/7a3049eedbe76ae1cde65fa167b375f1/697c672a/video/tos/useast2a/tos-useast2a-pve-0068/o4BmAoU6HFnlWE0gQnED4QfMIDfCQ7YpBJW3GR/?a=1233&bti=NXYpNDs8QGo6OjZAOm00NTAuYCMxNDNg&ch=0&cr=13&dr=0&er=0&lr=all&net=0&cd=0%7C0%7C0%7C&cv=1&br=1278&bt=639&cs=0&ds=6&ft=aEKfuqT0mv_PD12DFkDs3wUeFa-pMeF~O5&mime_type=video_mp4&qs=0&rc=OTYzMzo0Zzg7ZDM7aDszZEBpM2Rqb3Y5cndueTMzNzczM0A2MWEvLS9gXi4xY2EtNjBjYSMwMzIyMmRzcWlgLS1kMTZzcw%3D%3D&vvpl=1&l=20260130020517606E857185D6FD03EB76&btag=e00098000
social_media,tiktok,1970-01-01 00:00:01.744638723,elian1308,RESULTADO ELECTORAL 🇪🇨 ,23407,1688,2398,https://v16m.tiktokcdn-us.com/889ca105c0d1bbd35cd35ba76d7ac5de/697c67d6/video/tos/useast2a/tos-useast2a-ve-0068c002/okihscAeiEz1KOVfAYhpIJQ6ffiPRJKI1DuMeF/?a=1233&bti=NXYpNDs8QGo6OjZAOm00NTAuYCMxNDNg&ch=0&cr=13&dr=0&er=0&lr=all&net=0&cd=0%7C0%7C0%7C&cv=1&br=1578&bt=789&cs=0&ds=6&ft=aEKfuqT0mv_PD12DFkDs3wUeFa-pMeF~O5&mime_type=video_mp4&qs=0&rc=M2hpOmc4OmY5Z2Y2ZTloN0BpM3Q3bHE5cnJqeTMzNzczM0BhNTEyMDRhNTMxYjExYTFjYSNqcGovMmRrc3JgLS1kMTZzcw%3D%3D&vvpl=1&l=20260130020517606E857185D6FD03EB76&btag=e000a0000
social_media,tiktok,1970-01-01 00:00:01.742779618,andyx757,゚ ,23340,7668,155,https://sf19-sign.tiktokcdn-us.com/obj/tos-alisg-ve-2774/okUqoBYmldDCgsCFQDqtBfyVwQFpZSQEcrSDfb?lk3s=08d74b56&x-expires=1769760317&x-signature=KEQ0uzdtwulrCvejCjiYKxJ2sSg%3D
social_media,tiktok,1970-01-01 00:00:01.731593814,elian1308,"NOBOA ELIMINO VARIAS TERMO ELECTRICAS OARA GENERAR ESTA CRISIS, Y AHORA VA A COMPRAR A COLOMBIA ENERGIA TERMO ELECTRICA.🇪🇨 🇪🇨 ",22953,5692,963,https://v16m.tiktokcdn-us.com/25a89891324a4a6d982ea8fb035c28ca/697c6761/video/tos/alisg/tos-alisg-pve-0037c001/o85ozvDYYlhAi2kwTIQQZBtESBkEUm9BiB5VY/?a=1233&bti=NXYpNDs8QGo6OjZAOm00NTAuYCMxNDNg&ch=0&cr=13&dr=0&er=0&lr=all&net=0&cd=0%7C0%7C0%7C&cv=1&br=2722&bt=1361&cs=0&ds=6&ft=aEKfuqT0mv_PD12DFkDs3wUeFa-pMeF~O5&mime_type=video_mp4&qs=0&rc=Mzs7ZGllNjc7aDwzOjhoaUBpM3NoanM5cjkzdjMzNzczM0AvYjMwNTYtXy4xLWMwXmFeYSNgZV5kMmRrNG9gLS1kMTZzcw%3D%3D&vvpl=1&l=20260130020517606E857185D6FD03EB76&btag=e00098000
social_media,tiktok,1970-01-01 00:00:01.750805630,telmopunina,Obvio Pimpollo 😁🤦😁🤦🇪🇨🇪🇨🇪🇨 Jose Pinto Iza Salazar ,22542,1146,4764,https://v16m.tiktokcdn-us.com/96f06be362a16307e8d6c79254542dc6/697c6677/video/tos/useast2a/tos-useast2a-ve-0068c004/oAQFeRBoWW2WvF9F8WyDSQgEJ4BfAwzL8ITdEy/?a=1233&bti=Ojs2NGYpQHM6OjZALjU2OmQvcCMxNDNg&ch=0&cr=13&dr=0&er=0&lr=all&net=0&cd=0%7C0%7C0%7C&cv=1&br=2696&bt=1348&cs=0&ds=6&ft=aEKfuqT0mv_PD12DFkDs3wUeFa-pMeF~O5&mime_type=video_mp4&qs=0&rc=ZGZkNTs5NjRlOTUzNzU2Z0BpanZzdXg5cnZsNDMzNzczM0AxLjEwYzI2NTMxXzQ1LjQ2YSMycWtgMmQ0a2FhLS1kMTZzcw%3D%3D&vvpl=1&l=20260130020517606E857185D6FD03EB76&btag=e00088000
social_media,tiktok,1970-01-01 00:00:01.734814348,yaptvradio,GOBIERNO DE DANIEL NOBOA PAGÓ DEUDA DE 16 AÑOS A MÁS DE 6.000 EDUCADORES COMUNITARIOS En un evento donde el presidente llegó hasta las lágrimas hablo del. pago de USD $33.2 millones a 6.451 educadores. Veamos este emocionante video👇🏽 ,22395,4552,2482,https://v16m.tiktokcdn-us.com/ea1c1e99f6a966943b4f1f86dcea75f3/697c66b5/video/tos/alisg/tos-alisg-pve-0037c001/oEOxrS9ERI3AUJ0f9jQgJoDnOe8FEBuyBQsdVZ/?a=1233&bti=NXYpNDs8QGo6OjZAOm00NTAuYCMxNDNg&ch=0&cr=13&dr=0&er=0&lr=all&net=0&cd=0%7C0%7C0%7C&cv=1&br=1280&bt=640&cs=0&ds=6&ft=WgSBMN5TV6MwUiyrTaiG~Be5SBqmOKPXtOnwQ6oyqF_4&mime_type=video_mp4&qs=0&rc=PDRpOzRmNmhlZGVkNDhpM0BpM29rc3g5cnVsdzMzNzczM0A2NGM0Y2JhNjYxNTNeLy0zYSNzZTNxMmRrYmdgLS1kMTZzcw%3D%3D&vvpl=1&l=20260130020521F6A16CF2C55C8903AA29&btag=e00090000
social_media,tiktok,1970-01-01 00:00:01.739283312,elian1308,ALERTA 🤬NOBOA ATRAVEZ DE CARLOS VERA TILDA DE NARCOS Y DELINCUENTES A LA GENTE DE LA COSTA QUE NO VOTO POR EL 🇪🇨 🇪🇨,22300,1387,1427,https://v16m.tiktokcdn-us.com/05e200338f668a1b9a3a381ec50e33f6/697c6740/video/tos/useast2a/tos-useast2a-ve-0068c004/o0McIkAzgohE2GIuTiY7fQYArRFB1i61aktWKC/?a=1233&bti=NXYpNDs8QGo6OjZAOm00NTAuYCMxNDNg&ch=0&cr=13&dr=0&er=0&lr=all&net=0&cd=0%7C0%7C0%7C&cv=1&br=1252&bt=626&cs=0&ds=6&ft=WgSBMN5TV6MwUiyrTaiG~Be5SBqmOKPXtOnwQ6oyqF_4&mime_type=video_mp4&qs=0&rc=M2g7ZzU8aDc5Njs4ZTc7NkBpM3JkOnQ5cjtveDMzNzczM0A2Yy9iLi0tXzUxNC8yYTEwYSNrbi4zMmRzaWlgLS1kMTZzcw%3D%3D&vvpl=1&l=20260130020521F6A16CF2C55C8903AA29&btag=e00098000
social_media,tiktok,1970-01-01 00:00:01.740420971,telmopunina,BATY CHICA GUAYACA 😁 @👑Runa Youtubers 👑 Oligarca 🐰🇪🇨 LA MEDUSA 🇪🇨 ,22099,728,3205,https://v16m.tiktokcdn-us.com/2804398538c0e4c28301e6a4c25cb7d6/697c6693/video/tos/useast2a/tos-useast2a-ve-0068c002/ogDNgEoQaEtvRFsEeJHfSPp4zIKZBRQQ8nILAB/?a=1233&bti=Ojs2NGYpQHM6OjZALjU2OmQvcCMxNDNg&ch=0&cr=13&dr=0&er=0&lr=all&net=0&cd=0%7C0%7C0%7C&cv=1&br=2074&bt=1037&cs=0&ds=6&ft=WgSBMN5TV6MwUiyrTaiG~Be5SBqmOKPXtOnwQ6oyqF_4&mime_type=video_mp4&qs=0&rc=ZmZnNmg0MzNpZ2Y3aGg0N0Bpanh4NG45cjdleDMzNzczM0BgNF9jMi8xXzUxYjReNGI1YSNgNWgxMmRjYXJgLS1kMTZzcw%3D%3D&vvpl=1&l=20260130020521F6A16CF2C55C8903AA29&btag=e00090000
social_media,tiktok,1970-01-01 00:00:01.740683571,wilopradoec,"😱🔴 “No diré mi voto, pero habrá señales” ",22045,404,1217,https://v16m.tiktokcdn-us.com/0c0c90db466d1b61f9090f82ab1d4282/697c66d9/video/tos/useast2a/tos-useast2a-ve-0068c002/oIiKE5JRMETLg3DqBZQF7wW0IfusnzEBqQjfAA/?a=1233&bti=NXYpNDs8QGo6OjZAOm00NTAuYCMxNDNg&ch=0&cr=13&dr=0&er=0&lr=all&net=0&cd=0%7C0%7C0%7C&cv=1&br=2702&bt=1351&cs=0&ds=6&ft=WgSBMN5TV6MwUiyrTaiG~Be5SBqmOKPXtOnwQ6oyqF_4&mime_type=video_mp4&qs=0&rc=aDo0OTw2aDg6OGlpNzo5OEBpanVsZHk5cnZleTMzNzczM0AzLmBhNC1iNTAxLWBgNDUtYSNwaWlkMmRzZS1gLS1kMTZzcw%3D%3D&vvpl=1&l=20260130020521F6A16CF2C55C8903AA29&btag=e00090000
social_media,tiktok,1970-01-01 00:00:01.743466792,magdalenarobles441,"Mi abril empieza sin que me importe lo que piensen o digan de mí, porque mi voto ya está decidido. Este 13 de abril, voto por la Revolución Ciudadana, voto por la Lista 5. 😉✊🇪🇨 Porque Ecuador merece un gobierno con experiencia y compromiso con el pueblo. ¡Vamos juntos por la victoria! Correa Delgado ✅ Vota 🤚 5 🇪🇨 ✅ Vota por la Revolución Ciudadana ́nciudadana 😉🤚🇪🇨 ",21987,1101,1193,https://v16m.tiktokcdn-us.com/2555d4fb43596b91d1c9ac7888b5b14e/697c6655/video/tos/useast2a/tos-useast2a-ve-0068c003/oUOzD8u5DAx3QImboIiueMkBAPKJzTsigCAPrE/?a=1233&bti=NXYpNDs8QGo6OjZAOm00NTAuYCMxNDNg&ch=0&cr=13&dr=0&er=0&lr=all&net=0&cd=0%7C0%7C0%7C&cv=1&br=2962&bt=1481&cs=0&ds=6&ft=WgSBMN5TV6MwUiyrTaiG~Be5SBqmOKPXtOnwQ6oyqF_4&mime_type=video_mp4&qs=0&rc=aTc0ZDhlZjQ4ODU1aDo6aUBpMzw6NXE5cjNseTMzNzczM0BiY2IyXy8yNjQxNC9iYS41YSNrM2s0MmQ0cGlgLS1kMTZzcw%3D%3D&vvpl=1&l=20260130020521F6A16CF2C55C8903AA29&btag=e000b8000
social_media,tiktok,1970-01-01 00:00:01.737390264,ww.ienews.com, 🚨 ,21810,1133,1411,https://sf16.tiktokcdn-us.com/obj/tos-alisg-ve-2774/oofZItdxjntroGPjfkBDMjjpgMF3BnC6IEDQ7E
social_media,tiktok,1970-01-01 00:00:01.738935624,elbarondelasmollejas,"Si el domingo no sabes por quien votar, nosotros somos la mejor opción en sabor a la parrilla 😋🍽️ - ",21606,9312,691,https://v16m.tiktokcdn-us.com/dda8530aa96e2f84def051a4b8e36ee5/697c664e/video/tos/useast2a/tos-useast2a-pve-0068/o0BIgITQPsfDCNPedLBFIcIEmGOUe8AmjgCiKS/?a=1233&bti=Ojs2NGYpQHM6OjZALjU2OmQvcCMxNDNg&ch=0&cr=13&dr=0&er=0&lr=all&net=0&cd=0%7C0%7C0%7C&cv=1&br=3094&bt=1547&cs=0&ds=6&ft=WgSBMN5TV6MwUiyrTaiG~Be5SBqmOKPXtOnwQ6oyqF_4&mime_type=video_mp4&qs=0&rc=ZGg3NzppZmQ4ZDQ0aWQ4M0BpanNmd205cmozeDMzNzczM0AyLS8vX15iXmAxNS80Yi5fYSNrLW9lMmRrbGdgLS1kMTZzcw%3D%3D&vvpl=1&l=20260130020521F6A16CF2C55C8903AA29&btag=e000b0000
social_media,tiktok,1970-01-01 00:00:01.740181879,telmopunina,Al Parecer esto va para Largo @👑Runa Youtubers 👑 𝐆𝐎𝐍𝐙𝐀𝐋𝐄𝐒 🇪🇨 ,21584,961,4990,https://v16m.tiktokcdn-us.com/c3798e8c0cbaa9fe09e3ff1bd4c25137/697c66b6/video/tos/useast2a/tos-useast2a-ve-0068c004/oYASRFBSDIICZiy57tbdrUBEBEEt3QQKkiqvZ/?a=1233&bti=NXYpNDs8QGo6OjZAOm00NTAuYCMxNDNg&ch=0&cr=13&dr=0&er=0&lr=all&net=0&cd=0%7C0%7C0%7C&cv=1&br=1204&bt=602&cs=0&ds=6&ft=WgSBMN5TV6MwUiyrTaiG~Be5SBqmOKPXtOnwQ6oyqF_4&mime_type=video_mp4&qs=0&rc=PGk3Omg1aTUzZzhnOzloN0BpM2dvcWw5cjRreDMzNzczM0BiNmBeMy9gXmExNTY0YjEuYSMuazVvMmRrL3BgLS1kMTZzcw%3D%3D&vvpl=1&l=20260130020521F6A16CF2C55C8903AA29&btag=e00090000
social_media,tiktok,1970-01-01 00:00:01.739841223,telmopunina,🛑 OPINIÓN Respaldo de la comunidad de Maca Grande perteneciente a cotopaxi a 𝐆𝐎𝐍𝐙𝐀𝐋𝐄𝐒 Iza Salazar Tibán ? 🇪🇨 ,21562,1490,3562,https://v16m.tiktokcdn-us.com/3183b5203537ace4387f6d9111dbdaeb/697c66dc/video/tos/useast2a/tos-useast2a-pve-0068/o0F2uKSnsA1dBcmQEie92R3BJwzfENdSEAsQID/?a=1233&bti=Ojs2NGYpQHM6OjZALjU2OmQvcCMxNDNg&ch=0&cr=13&dr=0&er=0&lr=all&net=0&cd=0%7C0%7C0%7C&cv=1&br=1086&bt=543&cs=0&ds=6&ft=WgSBMN5TV6MwUiyrTaiG~Be5SBqmOKPXtOnwQ6oyqF_4&mime_type=video_mp4&qs=0&rc=ZTY2N2ZnNjU5ZzczZzU4aUBpM3ZvOms5cjx3eDMzNzczM0BeNDA1X2FfXjUxYjA1MC5hYSNqbmctMmRrb21gLS1kMTZzcw%3D%3D&vvpl=1&l=20260130020521F6A16CF2C55C8903AA29&btag=e00090000
social_media,tiktok,1970-01-01 00:00:01.731014466,elian1308,EN RESUMEN LOS CHATS DE VILLAVICENCIO DEMUESTRAN QUE DIANA SALAZAR ES LA CULPABLE DE LA PODREDUMBRE DEL PAIS.🇪🇨 🇪🇨 ,21313,4520,1586,https://v16m.tiktokcdn-us.com/3e26e02a159d6468670f73aa7f8459ae/697c6762/video/tos/alisg/tos-alisg-pve-0037c001/oo9XmIC5QHjSpk1Zl8eXaIleOyqXmMOeWgQgAC/?a=1233&bti=Ojs2NGYpQHM6OjZALjU2OmQvcCMxNDNg&ch=0&cr=13&dr=0&er=0&lr=all&net=0&cd=0%7C0%7C0%7C&cv=1&br=1516&bt=758&cs=0&ds=6&ft=WgSBMN5TV6MwUiyrTaiG~Be5SBqmOKPXtOnwQ6oyqF_4&mime_type=video_mp4&qs=0&rc=ZDZkZzc4ODc4OmhmZWY8ZUBpanh3eHk5cjZsdjMzNzczM0AxXzJfMDQ2Xy0xXzIxYmM2YSNtbWFmMmQ0bWpgLS1kMTZzcw%3D%3D&vvpl=1&l=20260130020521F6A16CF2C55C8903AA29&btag=e00098000
social_media,tiktok,1970-01-01 00:00:01.735574759,elian1308,NOBOA SE LARGA A EEUU SE TATÚA Y LA CAMPAÑA CONTRA LOS NIÑOS DE GUYAQUIL POR PARTE DEL GOBIERNO.🇪🇨 🇪🇨 ,20908,1442,1530,https://v16m.tiktokcdn-us.com/dda861c62892b809c7380149d7948ca6/697c6734/video/tos/alisg/tos-alisg-pve-0037c001/os7EwRFc0IDvG3QAK8cQfcEcnyEWRyeBJhTsxB/?a=1233&bti=NXYpNDs8QGo6OjZAOm00NTAuYCMxNDNg&ch=0&cr=13&dr=0&er=0&lr=all&net=0&cd=0%7C0%7C0%7C&cv=1&br=2248&bt=1124&cs=0&ds=6&ft=WgSBMN5TV6MwUiyrTaiG~Be5SBqmOKPXtOnwQ6oyqF_4&mime_type=video_mp4&qs=0&rc=Ozw7Omc4PGU7OjhoN2U4PEBpM251NnU5cjRmdzMzNzczM0BhMzYtXi81Xi8xMjIvXmMvYSNyLmdrMmRrMm1gLS1kMTZzcw%3D%3D&vvpl=1&l=20260130020521F6A16CF2C55C8903AA29&btag=e00098000
social_media,tiktok,1970-01-01 00:00:01.738625211,ramiroriveraec,¡Delincuentes como candidatos! ,20694,8431,2202,https://v16m.tiktokcdn-us.com/69e0d9bd4dc9d419a1003f38a50a8f05/697c6687/video/tos/useast2a/tos-useast2a-ve-0068c004/oYF64iKg0h6ZvQqBaE0YBnrAUQiQANYUS0FEI/?a=1233&bti=NXYpNDs8QGo6OjZAOm00NTAuYCMxNDNg&ch=0&cr=13&dr=0&er=0&lr=all&net=0&cd=0%7C0%7C0%7C&cv=1&br=2492&bt=1246&cs=0&ds=6&ft=WgSBMN5TV6MwUiyrTaiG~Be5SBqmOKPXtOnwQ6oyqF_4&mime_type=video_mp4&qs=0&rc=Zzw0ODZnM2c5ZDZpaDU1O0BpM3JtOW45cmVveDMzNzczM0BjYF4xNi80XjAxMDUuYGAxYSNkaDNuMmRrLmRgLS1kMTZzcw%3D%3D&vvpl=1&l=20260130020521F6A16CF2C55C8903AA29&btag=e00090000
social_media,tiktok,1970-01-01 00:00:01.742961261,libertariosecof,ASÍ O MÁS CLARO MANABÍ? VIVA LA LIBERTAD CARAJO! VOTA BIEN ECUADOR!! 🇪🇨 ,20509,110,32,https://v16m.tiktokcdn-us.com/30ba2ca06ce95e79f464b397b27d3197/697c6753/video/tos/useast2a/tos-useast2a-pve-0068/ooNFqEBcQZRJnmy7dfk5GI3invteYDcB4gEQAB/?a=1233&bti=NXYpNDs8QGo6OjZAOm00NTAuYCMxNDNg&ch=0&cr=13&dr=0&er=0&lr=all&net=0&cd=0%7C0%7C0%7C&cv=1&br=1514&bt=757&cs=0&ds=6&ft=WgSBMN5TV6MwUiyrTaiG~Be5SBqmOKPXtOnwQ6oyqF_4&mime_type=video_mp4&qs=0&rc=ODo2OWQ6Z2U3NGkzOjVnNUBpajk3ZWw5cmhxeTMzNzczM0AvMS8wYS02XjUxNGBhYjQxYSNucC9iMmRzZ2VgLS1kMTZzcw%3D%3D&vvpl=1&l=20260130020521F6A16CF2C55C8903AA29&btag=e00098000
social_media,tiktok,1970-01-01 00:00:01.731978263,ivanandresfarah,Ya que me suelte😭 ,20482,302,181,https://v16m.tiktokcdn-us.com/ffab3cd2bdf5916ff4436bf487ccfd68/697c664e/video/tos/alisg/tos-alisg-pve-0037c001/oIZm5QyDlI6EVyE6zUBiSQVvBvsBkBi7BHvAj/?a=1233&bti=NXYpNDs8QGo6OjZAOm00NTAuYCMxNDNg&ch=0&cr=13&dr=0&er=0&lr=all&net=0&cd=0%7C0%7C0%7C&cv=1&br=2402&bt=1201&cs=0&ds=6&ft=WgSBMN5TV6MwUiyrTaiG~Be5SBqmOKPXtOnwQ6oyqF_4&mime_type=video_mp4&qs=0&rc=Zzs8ZDY7Mzs4MzhoZTNkZ0BpM29uM2w5cjl4djMzNzczM0AtMmAvYmMyNTQxNWMtYzU0YSNqL25xMmRrNHFgLS1kMTZzcw%3D%3D&vvpl=1&l=20260130020521F6A16CF2C55C8903AA29&btag=e000b0000
social_media,tiktok,1970-01-01 00:00:01.745010186,donrrandom,Luisa González en la Escuelita de Maduro Ando 2.0 ,20266,9554,1486,https://v16m.tiktokcdn-us.com/99de45c3c088aaba25ffee23cfb3001b/697c66bc/video/tos/useast2a/tos-useast2a-ve-0068c001/o4AAeBErigDJR4Qj0B32FrCBfvJQIoEEvSIo0y/?a=1233&bti=NXYpNDs8QGo6OjZAOm00NTAuYCMxNDNg&ch=0&cr=13&dr=0&er=0&lr=all&net=0&cd=0%7C0%7C0%7C&cv=1&br=1310&bt=655&cs=0&ds=6&ft=WgSBMN5TV6MwUiyrTaiG~Be5SBqmOKPXtOnwQ6oyqF_4&mime_type=video_mp4&qs=0&rc=Ojg6MzQ1aTg7aDVnOTxkaEBpM2s4aHE5cmRlMzMzNzczM0A0Xy8vXjVeXi4xLl9hNGBfYSNzamVkMmQ0bi5hLS1kMTZzcw%3D%3D&vvpl=1&l=20260130020521F6A16CF2C55C8903AA29&btag=e00090000
social_media,tiktok,1970-01-01 00:00:01.744599983,conciencianews,"Luisa González, de Revolución Ciudadana, denuncia fraude electoral y no reconoce la Victoria de Daniel Noboa. 🇪🇨 ",20269,4088,1761,https://v16m.tiktokcdn-us.com/e8b01ddbe582f262d2a4f17711b856f8/697c67ab/video/tos/useast2a/tos-useast2a-pve-0068/oUQ14fniUJPxZAMricIAXXQKP9Mofegnc8e3fI/?a=1233&bti=Ojs2NGYpQHM6OjZALjU2OmQvcCMxNDNg&ch=0&cr=13&dr=0&er=0&lr=all&net=0&cd=0%7C0%7C0%7C&cv=1&br=1126&bt=563&cs=0&ds=6&ft=WgSBMN5TV6MwUiyrTaiG~Be5SBqmOKPXtOnwQ6oyqF_4&mime_type=video_mp4&qs=0&rc=Z2ZlZDs4aGg7Omc4Zmg0OEBpanloc3Y5cng6eTMzNzczM0A1YmNjYS40XmMxYDBhYi4vYSNzNl82MmRzZ3JgLS1kMTZzcw%3D%3D&vvpl=1&l=20260130020521F6A16CF2C55C8903AA29&btag=e000a0000
social_media,tiktok,1970-01-01 00:00:01.737849657,wilopradoec,😱🔴 Simpatizantes se avergüenzan de su candidato. ,20023,233,3139,https://v45.tiktokcdn-us.com/821961cd0fc2310d28e5d39b67654b67/697c6688/video/tos/useast2a/tos-useast2a-ve-0068c002/oYrIyevqrgqjG9UIgfXIALCS9CKLQte4PGUxgE/?a=1233&bti=NXYpNDs8QGo6OjZAOm00NTAuYCMxNDNg&&bt=1239&ft=aEKfuqT0m0LPD129FkDs3wU1P43FMeF~O5&mime_type=video_mp4&rc=ZDU1ZTk8OTo8NGU7Omk6OkBpajZ5Om85cjRxeDMzNzczM0AwXmAvMmJiNV8xMy0zNGNfYSNgX2VyMmRjaV5gLS1kMTZzcw%3D%3D&vvpl=1&l=20260130020524F58A46E94AC59703FD1F&btag=e0008d000
social_media,tiktok,1970-01-01 00:00:01.745283719,jvinicio.tv,Rafael Correa el mejor presidente de toda la historia de Ecuador 🇪🇨💙 ,19976,3360,296,https://v45.tiktokcdn-us.com/405e32c8d834d757f6df516f9fde15e4/697c6653/video/tos/useast2a/tos-useast2a-pve-0068/o0BuGovUQuK30iBCMSyAAfk0iAEg6IWoIKEc5X/?a=1233&bti=NXYpNDs8QGo6OjZAOm00NTAuYCMxNDNg&&bt=789&ft=aEKfuqT0m0LPD129FkDs3wU1P43FMeF~O5&mime_type=video_mp4&rc=PDU4aTw4aTQ1ZTM0aGU1ZEBpM2RyOGw5cnloMzMzNzczM0AxYjNiYDUyXmIxYTA2XmBeYSNuaGlrMmRraDBhLS1kMTZzcw%3D%3D&vvpl=1&l=20260130020524F58A46E94AC59703FD1F&btag=e0008d000
social_media,tiktok,1970-01-01 00:00:01.743304709,estiventaant,"❌🇪🇨 NO a Luisa No al falso socialismo🇪🇨❌ La Amazonía Rechazamos a Luisa, porque representa el regreso del correísmo, un modelo que nos dejó crisis económica, corrupción e inseguridad. ¡No podemos retroceder! 🚫 NO más impunidad 🚫 NO más autoritarismo 🚫 NO más corrupción disfrazada de ""progreso"" El país merece un futuro mejor, con oportunidades reales. Este 2025, votemos por Daniel Noboa, votemos por un Ecuador libre y Democrático 🇪🇨💪 Noticias Pichincha Ecuador ",19454,4047,2448,https://v45.tiktokcdn-us.com/d31e2c84cabdabef8efa644d34872674/697c66b1/video/tos/useast2a/tos-useast2a-pve-0068/okBCRSDu6fLfZjTCoLPrJyUEgYvFQEn7BIQABl/?a=1233&bti=NXYpNDs8QGo6OjZAOm00NTAuYCMxNDNg&&bt=1330&ft=aEKfuqT0m0LPD129FkDs3wU1P43FMeF~O5&mime_type=video_mp4&rc=OTxkZTU2ZjhpZzw1ZmY0Z0BpM2w4d3E5cm9leTMzNzczM0A1LjUyYmJfNTUxNTEzLzIwYSNqb2BmMmQ0YGhgLS1kMTZzcw%3D%3D&vvpl=1&l=20260130020524F58A46E94AC59703FD1F&btag=e0008d000
social_media,tiktok,1970-01-01 00:00:01.739164648,majocartagena,Que alguien me explique por favor 🤦🏽‍♀️😵‍💫 que tristeza! 💔 ,19403,2658,1054,https://v45.tiktokcdn-us.com/7aa083a47a2a125a3dd2782bfb99f23b/697c6654/video/tos/useast2a/tos-useast2a-pve-0068/oA3rQJwwEDAYGOFyVYFuBRnglEnQSB8qIpffTE/?a=1233&bti=NXYpNDs8QGo6OjZAOm00NTAuYCMxNDNg&&bt=1452&ft=aEKfuqT0m0LPD129FkDs3wU1P43FMeF~O5&mime_type=video_mp4&rc=Nzw4ZTs8OWlpZThpZDg5aEBpMzxtNHE5cmtyeDMzNzczM0AvMS1hM19eNTExMTBjMV8uYSNgNG5gMmQ0aWhgLS1kMTZzcw%3D%3D&vvpl=1&l=20260130020524F58A46E94AC59703FD1F&btag=e0008d000
social_media,tiktok,1970-01-01 00:00:01.742788587,aria_gy96, 🐸💚 ,19256,5275,270,https://v19.tiktokcdn-us.com/217aa90fff9af7b697de8e78db23fc7f/697cbc3f/video/tos/useast5/tos-useast5-ve-27dcd7c799-tx/ocLCWBDPtcnPJaQnNV7UeMZBbaJOJlYU5QQmSe/?a=1233&bti=NXYpNDs8QGo6OjZAOm00NTAuYCMxNDNg&ch=0&cr=0&dr=0&er=0&lr=default&cd=0%7C0%7C0%7C0&br=250&bt=125&ft=aEKfuqT0m0LPD129FkDs3wU1P43FMeF~O5&mime_type=audio_mpeg&qs=6&rc=OWQ2NWU2ZDgzN2c7NmRlNEBpam0zZGc6ZnNpbjMzNzU8M0BfX2JfYl4xXy0xL18wMDViYSNpaDYycjRnM2pgLS1kMTZzcw%3D%3D&vvpl=1&l=20260130020524F58A46E94AC59703FD1F&btag=e000b8000&shp=d05b14bd&shcp=-
social_media,tiktok,1970-01-01 00:00:01.734887384,elian1308,GRACIAS TONTOS ALEGRES QUE APOYAN A NOBOA POR USTEDES AHORA QUE 4 NIÑOS DESAPARECEN EN MANOS DE MILITARES ES NORMAL.🇪🇨 🇪🇨 ,18972,1973,1786,https://v45.tiktokcdn-us.com/aa4b5c0ec6b1c9aad3c3c5c6a3a2f143/697c66fa/video/tos/alisg/tos-alisg-pve-0037c001/ogXxIkyNhBABS9pmHBiygIzQtCRoDActEKfwoi/?a=1233&bti=NXYpNDs8QGo6OjZAOm00NTAuYCMxNDNg&&bt=1853&ft=aEKfuqT0m0LPD129FkDs3wU1P43FMeF~O5&mime_type=video_mp4&rc=O2g7NTo8aGc3Zjs5NGUzM0BpMzY8eWw5cmo2dzMzNzczM0A2MS1jMS0vNV4xXzFhNDY1YSNtLzYzMmRzZWhgLS1kMTZzcw%3D%3D&vvpl=1&l=20260130020524F58A46E94AC59703FD1F&btag=e0008d000
social_media,tiktok,1970-01-01 00:00:01.739750962,telmopunina,FLORINDO POR NO SER UN 🐏🐏 Films Valverde 🇪🇨 🇪🇨 ,18936,652,1936,https://v45.tiktokcdn-us.com/8068e3fdcfb8a28fa92690699217fa31/697c6665/video/tos/useast2a/tos-useast2a-ve-0068c002/oYBMPkQWjLgekTIQiMXfedAAM8AfXKBlXJE9fi/?a=1233&bti=NXYpNDs8QGo6OjZAOm00NTAuYCMxNDNg&&bt=2391&ft=aEKfuqT0m0LPD129FkDs3wU1P43FMeF~O5&mime_type=video_mp4&rc=ZjU1N2Y8ZjNkZWRpaTw1NUBpM3ZrM3M5cnk6eDMzNzczM0BiLTUvYV4vX14xMTEvNF5fYSNoaWByMmRzbm1gLS1kMTZzcw%3D%3D&vvpl=1&l=20260130020524F58A46E94AC59703FD1F&btag=e0008d000
social_media,tiktok,1970-01-01 00:00:01.744422760,kevinchooz, ,18851,423,39,https://v45.tiktokcdn-us.com/6ce8bba538383a4456ef3cf70e8bd392/697c664c/video/tos/useast2a/tos-useast2a-pve-0068/oUQd5PrIHCcf7gjG0tIAnFECdxDU9eYyEfsg2S/?a=1233&bti=NXYpNDs8QGo6OjZAOm00NTAuYCMxNDNg&&bt=847&ft=aEKfuqT0m0LPD129FkDs3wU1P43FMeF~O5&mime_type=video_mp4&rc=aTc7Zzg5aGg1OjtpaTlnN0BpM3h1M3Q5cnJ2eTMzNzczM0BiMC4uMjZiXi8xXi0zYWEyYSNvX24uMmQ0YnBgLS1kMTZzcw%3D%3D&vvpl=1&l=20260130020524F58A46E94AC59703FD1F&btag=e000bd000
social_media,tiktok,1970-01-01 00:00:01.733794362,amarusalas593,"🔴 Rafael Correa insulta al presidente Noboa en redes sociales y cuestiona los supuestos logros de su gobierno. ""Chiquitín, no seas ridículo"", le escribió en Twitter. ",18658,901,3382,https://v45.tiktokcdn-us.com/17c33e4287090877a5b330ac41a0bfc0/697c66a6/video/tos/alisg/tos-alisg-pve-0037c001/oYXsjFBRJDnNVZEkmQOaAolTQfJ0G8BE1kIf5g/?a=1233&bti=NXYpNDs8QGo6OjZAOm00NTAuYCMxNDNg&&bt=627&ft=aEKfuqT0m0LPD129FkDs3wU1P43FMeF~O5&mime_type=video_mp4&rc=ZGczZ2Q3ZjQ4OGc3Zzw1aUBpMzdsbWs5cmdzdzMzNzczM0BgNDI1NGM2Xy0xMDM2YTBjYSNvZzZlMmQ0Zl9gLS1kMTZzcw%3D%3D&vvpl=1&l=20260130020524F58A46E94AC59703FD1F&btag=e0008d000
social_media,tiktok,1970-01-01 00:00:01.736201865,elian1308,EL PENSAMINETO DE LOS VOTANTES MÁS RECALSITRANTES DE NOBOA ES UN PELIGRO NO LE IMPORTA ENTRAR EN UNA DICTADURA DE NOBOA.🇪🇨 🇪🇨 ,18676,1443,1563,https://v45.tiktokcdn-us.com/28cf2816c935c015adc98369eba75377/697c67c2/video/tos/alisg/tos-alisg-pve-0037c001/owNFm3d1EtGtQNJRXJAPfAiMiAQkeqrEZX8eeL/?a=1233&bti=NXYpNDs8QGo6OjZAOm00NTAuYCMxNDNg&&bt=723&ft=aEKfuqT0m0LPD129FkDs3wU1P43FMeF~O5&mime_type=video_mp4&rc=aGU6ODNpNDxpZTRpMzlmOkBpandtbXM5cnM3dzMzNzczM0AwLy9hNmIwX2AxNi5hXzBfYSNpXmlgMmRrcXJgLS1kMTZzcw%3D%3D&vvpl=1&l=20260130020524F58A46E94AC59703FD1F&btag=e0008d000
social_media,tiktok,1970-01-01 00:00:01.733263458,informatemijo0,"En el marco de la crisis energética que atraviesa Ecuador, el presidente Daniel Noboa enfrenta una caída significativa en su popularidad, especialmente entre los jóvenes. Según la última encuesta de Comunicaliza, Noboa ha perdido 3.5 puntos desde agosto, posicionándose con un 28.9% de intención de voto, apenas en un empate técnico con Luisa González (28.8%)【8】. Otros estudios, como los de Maluk Research, destacan que González ya supera a Noboa con un 39.8% frente al 31.3%, consolidando su ventaja como representante de la Revolución Ciudadana【9】. El descontento juvenil quedó evidenciado recientemente en un video viral donde dos jóvenes expresaron que la solución a la crisis energética sería que ""se vaya Noboa y regrese el Mashi"". Este tipo de comentarios refuerza la percepción de que el presidente está perdiendo terreno en un grupo demográfico clave que resulta determinante para las elecciones de 2025. Mientras la crisis eléctrica sigue impactando al país con cortes de hasta 12 horas, las campañas electorales están marcadas por un clima de incertidumbre y descontento. El papel de los jóvenes, cada vez más críticos del manejo gubernamental, podría ser decisivo en el resultado final. ",18656,1646,1183,https://v45.tiktokcdn-us.com/9be2f8eee8a23fbe4e1ea50256874a57/697c664f/video/tos/alisg/tos-alisg-pve-0037c001/ocABOGBPcynEfBuNnFD4fIUoJTgREAFQCDEEax/?a=1233&bti=NXYpNDs8QGo6OjZAOm00NTAuYCMxNDNg&&bt=720&ft=aEKfuqT0m0LPD129FkDs3wU1P43FMeF~O5&mime_type=video_mp4&rc=PGg7ZGZkaTU0M2g0Ozc0N0BpMzQ8cG05cjhydzMzNzczM0A1YF5iYDRjNTQxMDEyNTBjYSNhcjFwMmQ0LTRgLS1kMTZzcw%3D%3D&vvpl=1&l=20260130020524F58A46E94AC59703FD1F&btag=e0008d000
social_media,tiktok,1970-01-01 00:00:01.740240600,telmopunina,opinión sobre seguridad en Ecuador 🇪🇨 𝐆𝐎𝐍𝐙𝐀𝐋𝐄𝐒 Correa Delgado ,18607,1879,2241,https://v45.tiktokcdn-us.com/2cc6bc27a4f606078f869808da98d82d/697c66e1/video/tos/useast2a/tos-useast2a-ve-0068c003/oUeqIFDFMiKe3I1eWzEQRyJA7gVAnuR45efok1/?a=1233&bti=NXYpNDs8QGo6OjZAOm00NTAuYCMxNDNg&&bt=465&ft=aEKfuqT0m0LPD129FkDs3wU1P43FMeF~O5&mime_type=video_mp4&rc=OjM0Njg4PDQ8O2kzN2dmNUBpM2xqbHE5cnF5eDMzNzczM0BfYC41MzZeXmAxNGJeMjZeYSNeaTReMmRrYHBgLS1kMTZzcw%3D%3D&vvpl=1&l=20260130020524F58A46E94AC59703FD1F&btag=e00095000
social_media,tiktok,1970-01-01 00:00:01.740714267,radiodinamicaecu,"Las Damas de Oro clasificaron a la final de la competencia folclórica en Viña del Mar 2025 con su tema Canto de mi tierra. En su segunda presentación, el grupo ecuatoriano obtuvo una calificación de 6,0, superando a Argentina (5,2) y Bolivia (5,8). La puesta en escena destacó por su vestuario inspirado en la cultura ecuatoriana y un mensaje ambiental. Esta jornada fue reprogramada debido a los apagones en Chile. . . . . . . . . 🇪🇨 🇪🇨 🇪🇨 🇪🇨❤ 🇪🇨 # ",18532,384,199,https://v45.tiktokcdn-us.com/2042262cd6d39b1d220d959af49546a8/697c665a/video/tos/useast2a/tos-useast2a-ve-0068c004/oMBiASEV9gBdwMUQQI8x7JDSPsHaEwgBkBZEi/?a=1233&bti=Ojs2NGYpQHM6OjZALjU2OmQvcCMxNDNg&&bt=570&ft=aEKfuqT0m0LPD129FkDs3wU1P43FMeF~O5&mime_type=video_mp4&rc=PDc0NDhnaDVnOTplNjs2OEBpM29rNXc5cnVteTMzNzczM0A1NTY0MjAvNWIxYzJhYl8zYSNmbmFkMmQ0Li1gLS1kMTZzcw%3D%3D&vvpl=1&l=20260130020524F58A46E94AC59703FD1F&btag=e0008d000
social_media,tiktok,1970-01-01 00:00:01.744475024,telmopunina," Jose Pinto VICEPRESIDENTE, La esperanza de las Mujeres Ecuatorianas FUERZA 💪 Mancheno ",18221,860,1701,https://v45.tiktokcdn-us.com/7d6c171ccb97625a45a5912196778eee/697c66d5/video/tos/useast2a/tos-useast2a-ve-0068c003/oUyjfeEnvboOt6S8IpJkkHgIDfAIFCQPDCWPpE/?a=1233&bti=NXYpNDs8QGo6OjZAOm00NTAuYCMxNDNg&&bt=1553&ft=aEKfuqT0m0LPD129FkDs3wU1P43FMeF~O5&mime_type=video_mp4&rc=O2lnNzhnZ2hnZDM1NTU2aEBpM2l2ZHk5cnM8eTMzNzczM0BgMGE1MTUzXjUxYGM1XjNiYSNtM2FoMmQ0MXFgLS1kMTZzcw%3D%3D&vvpl=1&l=20260130020524F58A46E94AC59703FD1F&btag=e00095000
social_media,tiktok,1970-01-01 00:00:01.737647440,wilopradoec,😱🔴 Hoy Corte Constitucional decide futuro electoral de Daniel Noboa. 🇪🇨 ,18160,461,2331,https://v45.tiktokcdn-us.com/66681e185b5a7c2c4382af5829286819/697c66a9/video/tos/useast2a/tos-useast2a-pve-0068/o0SDXJsoE6iQEXFgPRrAfZMfPksjCeIJSIC2Fb/?a=1233&bti=NXYpNDs8QGo6OjZAOm00NTAuYCMxNDNg&&bt=784&ft=aEKfuqT0m0LPD129FkDs3wU1P43FMeF~O5&mime_type=video_mp4&rc=OjVpNGZmaTU7ZDs5Z2kzOEBpamV3cnA5cjo5eDMzNzczM0AvMzIuMF9gNmAxXzVeLl4uYSNfa2swMmRrNjZgLS1kMTZzcw%3D%3D&vvpl=1&l=20260130020524F58A46E94AC59703FD1F&btag=e0008d000
social_media,tiktok,1970-01-01 00:00:01.736664840,diarioexxtra_,"Usa falda escocesa o falda de cosaco ruso, lo cierto que el look del candidato Pedro Granja causa revuelo en redes aunque lo que debería causar intereses son las propuestas de los candidatos. ",18111,8349,3748,https://v45.tiktokcdn-us.com/60e615b96b59ae599a42c5172faac2c7/697c664e/video/tos/alisg/tos-alisg-pve-0037c001/ost7ujU2QIhry0OCsZPIDGwCBIkeSqwegA1Lej/?a=1233&bti=NXYpNDs8QGo6OjZAOm00NTAuYCMxNDNg&&bt=524&ft=aEKfuqT0m0LPD129FkDs3wU1P43FMeF~O5&mime_type=video_mp4&rc=MzY3ZWk0NTdmOWkzaTc1ZUBpampxcXI5cnFweDMzNzczM0A2XzM0Yl9hXzAxLjJgMC82YSNxXm5yMmRjXy5gLS1kMTZzcw%3D%3D&vvpl=1&l=20260130020524F58A46E94AC59703FD1F&btag=e0008d000
social_media,tiktok,1970-01-01 00:00:01.744599052,carloscantos9, 🇪🇨 ,17923,349,1511,https://sf19.tiktokcdn-us.com/obj/tos-alisg-ve-2774/0201cc496b784f968ae777ed87870d9a
social_media,tiktok,1970-01-01 00:00:01.763313267,mariuxi_avilaz,Así se viven las Elecciones en Ecuador 🇪🇨,17891,1638,156,https://v45.tiktokcdn-us.com/901613d3c914e0d183f50f44768eb2d6/697c6660/video/tos/alisg/tos-alisg-pve-0037c001/oYqHjRuIdI2lCBnAi0QwFLBxiUfQAAnF8EdaHT/?a=1233&bti=NXYpNDs8QGo6OjZAOm00NTAuYCMxNDNg&&bt=1509&ft=aEKfuqT0m0LPD129FkDs3wU1P43FMeF~O5&mime_type=video_mp4&rc=aWZlODg5Z2RkOTk3NWk2O0BpanduPGs5cmQzNzMzODczNEA1NF4tXy42Xi0xNTAtXjJiYSM1YnBvMmRjX2FhLS1kMTFzcw%3D%3D&vvpl=1&l=20260130020524F58A46E94AC59703FD1F&btag=e0008d000
social_media,tiktok,1970-01-01 00:00:01.740521626,elian1308,TE DOY LA MINUCIA DE LA CORRUPCIÓN DE PETRONOBOA. 🇪🇨 🇪🇨 ,17690,4176,1084,https://v16m.tiktokcdn-us.com/b782eada2bb8fb1dddc4018071725fd7/697c6862/video/tos/useast2a/tos-useast2a-pve-0068/oUjByAhfde1nFBA5Q8VcRQlDQEcEJdhVAHv4IP/?a=1233&bti=Ojs2NGYpQHM6OjZALjU2OmQvcCMxNDNg&ch=0&cr=13&dr=0&er=0&lr=all&net=0&cd=0%7C0%7C0%7C&cv=1&br=1736&bt=868&cs=0&ds=6&ft=H3YMyvShQBKUxsurIWl2K4yqYlNZ0SE1Gb3mVW7q8Z4ka&mime_type=video_mp4&qs=0&rc=ZDc7PDllOThpM2doZWU8aEBpM2xoNXY5cjs2eDMzNzczM0BiNjMwYjEwXl8xNS0xLy4wYSNrLWhkMmRjcnNgLS1kMTZzcw%3D%3D&vvpl=1&l=20260130020527E671C58CE97A55065889&btag=e000a0000
social_media,tiktok,1970-01-01 00:00:01.738606050,noticias_digitales_ec,CUANTO CARIÑO SE HA GANADO EL PRESIDENTE 🥺🥺🥺💜💜💜 ,17660,833,915,https://v16m.tiktokcdn-us.com/f03e505d34394b7f6234d3c4624a596f/697c6665/video/tos/useast2a/tos-useast2a-ve-0068c001/oEYQGe3ZII9SIfCJPgPgLCfCQ8jgAakodCBLSO/?a=1233&bti=NXYpNDs8QGo6OjZAOm00NTAuYCMxNDNg&ch=0&cr=13&dr=0&er=0&lr=all&net=0&cd=0%7C0%7C0%7C&cv=1&br=3194&bt=1597&cs=0&ds=6&ft=H3YMyvShQBKUxsurIWl2K4yqYlNZ0SE1Gb3mVW7q8Z4ka&mime_type=video_mp4&qs=0&rc=ZWk4aDg4ZGdmZDxpZjs7OEBpMzc4eXc5cjZqeDMzNzczM0BhMTMtYV9fNl4xNi0zLi02YSNuMXFtMmQ0M2RgLS1kMTZzcw%3D%3D&vvpl=1&l=20260130020527E671C58CE97A55065889&btag=e000b8000
social_media,tiktok,1970-01-01 00:00:01.727269560,telmopunina,SOS Quito ,17665,2399,3412,https://v16m.tiktokcdn-us.com/943a552a51ef9e6e390e9b29a99385aa/697c665f/video/tos/useast2a/tos-useast2a-pve-0068/oEIE0FmfABCdBODDEfovCJQQE5Cgb9wKqHoARs/?a=1233&bti=NXYpNDs8QGo6OjZAOm00NTAuYCMxNDNg&ch=0&cr=13&dr=0&er=0&lr=all&net=0&cd=0%7C0%7C0%7C&cv=1&br=1438&bt=719&cs=0&ds=6&ft=H3YMyvShQBKUxsurIWl2K4yqYlNZ0SE1Gb3mVW7q8Z4ka&mime_type=video_mp4&qs=0&rc=PDo3OmlkMzMzaTc0Z2c4ZUBpand0cnI5cjUzdTMzNzczM0AvLWNjM2AtNTIxYjIyYC0vYSNhaC5jMmRraG5gLS1kMTZzcw%3D%3D&vvpl=1&l=20260130020527E671C58CE97A55065889&btag=e000b8000
social_media,tiktok,1970-01-01 00:00:01.744244583,yosoydaxi,y tú? le vas al equipo morado o al azul? comenta un 💜 o un 💙 para ver a quien le vas!!! ,17604,750,1154,https://v16m.tiktokcdn-us.com/5d55b8cfe85c41799a1c13d631c3553a/697c6673/video/tos/useast2a/tos-useast2a-ve-0068c002/ok4WJiBnREBTnEIoQ3iIcaBADQCQ36EvenfqGj/?a=1233&bti=NXYpNDs8QGo6OjZAOm00NTAuYCMxNDNg&ch=0&cr=13&dr=0&er=0&lr=all&net=0&cd=0%7C0%7C0%7C&cv=1&br=1554&bt=777&cs=0&ds=6&ft=H3YMyvShQBKUxsurIWl2K4yqYlNZ0SE1Gb3mVW7q8Z4ka&mime_type=video_mp4&qs=0&rc=ZGk2NDY1ZDdmZDs3OjtkNEBpMzl2OnQ5cm5qeTMzNzczM0AxLmIxX181XmAxMmJjMS0xYSNpMTJfMmRjbm9gLS1kMTZzcw%3D%3D&vvpl=1&l=20260130020527E671C58CE97A55065889&btag=e00088000
social_media,tiktok,1970-01-01 00:00:01.739121537,adri__123,Me fui jajaja 🇪🇨 #😂😂,17527,2094,1276,https://v16m.tiktokcdn-us.com/5a431d59572da5cc5fe89183b713364e/697c6651/video/tos/useast2a/tos-useast2a-pve-0068/ok28WeHGGCePLbnIroI4cDQ4UCSIfIsgZWjuVA/?a=1233&bti=NXYpNDs8QGo6OjZAOm00NTAuYCMxNDNg&ch=0&cr=13&dr=0&er=0&lr=all&net=0&cd=0%7C0%7C0%7C&cv=1&br=1290&bt=645&cs=0&ds=2&ft=H3YMyvShQBKUxsurIWl2K4yqYlNZ0SE1Gb3mVW7q8Z4ka&mime_type=video_mp4&qs=0&rc=ZjU6Zmc7ZTQ2OTk8M2Q0ZkBpMzZpcnA5cmdoeDMzNzczM0BgLWExYzJiXi0xNGFjXmAtYSNmYG5jMmRjMmhgLS1kMTZzcw%3D%3D&vvpl=1&l=20260130020527E671C58CE97A55065889&btag=e000b0000
social_media,tiktok,1970-01-01 00:00:01.731168663,elian1308,YA SALIERON LOS TIK TOKERS LBERTARIOS A DEFENDER LOS CHATS DE LA PODREDUMBRE DE LA FISCAL🇪🇨 🇪🇨 ,17354,776,896,https://v16m.tiktokcdn-us.com/53f8fcb6458eeb0b74c506976744ea0f/697c677f/video/tos/alisg/tos-alisg-pve-0037c001/osUg9dBMibRclivBQIZ4AAaCH8IIEkQfoz7lii/?a=1233&bti=NXYpNDs8QGo6OjZAOm00NTAuYCMxNDNg&ch=0&cr=13&dr=0&er=0&lr=all&net=0&cd=0%7C0%7C0%7C&cv=1&br=1432&bt=716&cs=0&ds=6&ft=H3YMyvShQBKUxsurIWl2K4yqYlNZ0SE1Gb3mVW7q8Z4ka&mime_type=video_mp4&qs=0&rc=ZDpmMzM6OTs3ZzozZmU5aEBpM2s0c3Y5cmhxdjMzNzczM0BeLV4vMjA1XzQxMTAzYjE0YSNwaDYwMmRjcWtgLS1kMTZzcw%3D%3D&vvpl=1&l=20260130020527E671C58CE97A55065889&btag=e000a0000
social_media,tiktok,1970-01-01 00:00:01.743466225,jotacparati," , , , , , , , , , 🤣🤣🇪🇨🇪🇨💪💪💙💙",17318,8397,2357,https://v16m.tiktokcdn-us.com/90bc0a706e990fd9e30355ee9ddfe8d5/697c6679/video/tos/useast2a/tos-useast2a-ve-0068c002/osjEfLuwIZiEJi6BYrFDfBCRupAFQwyQC53nEu/?a=1233&bti=NXYpNDs8QGo6OjZAOm00NTAuYCMxNDNg&ch=0&cr=13&dr=0&er=0&lr=all&net=0&cd=0%7C0%7C0%7C&cv=1&br=910&bt=455&cs=0&ds=6&ft=H3YMyvShQBKUxsurIWl2K4yqYlNZ0SE1Gb3mVW7q8Z4ka&mime_type=video_mp4&qs=0&rc=OzU4ZzM5aGUzZDQ7ZmQ3OUBpM3J4Z2s5cmRseTMzNzczM0AtLjMwYS5gXjIxNDYwYzEwYSMucG8zMmRja2lgLS1kMTZzcw%3D%3D&vvpl=1&l=20260130020527E671C58CE97A55065889&btag=e00088000
social_media,tiktok,1970-01-01 00:00:01.744170413,jotacparati," , , , , , 🇪🇨💪💙 bienvenida a la lucha , gran mujer",17302,3339,868,https://v16m.tiktokcdn-us.com/f64bf1f7ec0ace042c630117822b89b8/697c6695/video/tos/useast2a/tos-useast2a-pve-0068/o4IyIcSj7Igea3DWCLgF364fQf29PIECkguvrA/?a=1233&bti=NXYpNDs8QGo6OjZAOm00NTAuYCMxNDNg&ch=0&cr=13&dr=0&er=0&lr=all&net=0&cd=0%7C0%7C0%7C&cv=1&br=1256&bt=628&cs=0&ds=6&ft=H3YMyvShQBKUxsurIWl2K4yqYlNZ0SE1Gb3mVW7q8Z4ka&mime_type=video_mp4&qs=0&rc=aGc7ZDk3NjlmZTtoZzY0PEBpM3V0bnE5cjV4eTMzNzczM0A1M2JgLmEvNjQxYjQyMmIyYSNramdqMmQ0a25gLS1kMTZzcw%3D%3D&vvpl=1&l=20260130020527E671C58CE97A55065889&btag=e00090000
social_media,tiktok,1970-01-01 00:00:01.739285924,radiodinamicaecu,"ASÍ EMPIEZA LA CAMPAÑA || Dos días después, este martes 11 de febrero de 2025, el presidente candidato Daniel Noboa habla de irregularidades en el conteo de votos y denuncia que ciudadanos recibieron 4m3nazas para que que voten por Luisa González; además, que un miembro de alto valor, capturado, de ""Los Lobos, tiene relación con miembros de la Revolución Ciudadana. . . . . . . 🇪🇨❤ 🇪🇨 🇪🇨 🇪🇨 🇪🇨 ",17217,1547,5020,https://v16m.tiktokcdn-us.com/5db681dfcf53bb29b47bcef3843c717d/697c66d3/video/tos/useast2a/tos-useast2a-pve-0068/o41jMQg2QPPgffI4ICW8fSWKAVQ4yC8sdkAPn1/?a=1233&bti=NXYpNDs8QGo6OjZAOm00NTAuYCMxNDNg&ch=0&cr=13&dr=0&er=0&lr=all&net=0&cd=0%7C0%7C0%7C&cv=1&br=642&bt=321&cs=0&ds=6&ft=H3YMyvShQBKUxsurIWl2K4yqYlNZ0SE1Gb3mVW7q8Z4ka&mime_type=video_mp4&qs=0&rc=ZDY8Ozk6M2Y2OzM2Z2U5OUBpM3l1eG05cnhweDMzNzczM0BfMi9jYzIxNjMxNjJiMy9gYSNoYy1oMmRrNmlgLS1kMTZzcw%3D%3D&vvpl=1&l=20260130020527E671C58CE97A55065889&btag=e00090000
social_media,tiktok,1970-01-01 00:00:01.738175452,yaptvradio,"DANIEL NOBOA RECIBIRÁ APOYO DE LUCIO GUTIÉRREZ SI LLEGA A SEGUNDA. VUELTA Asi lo dijo el candidato a Asambleista Nacional y lider del Partido Sociedad Patriótica, lista 3, en enttevista a La Posta Ecuador. nuevo ecuador Valbonesi Saraguro te apoya💜 Bolívar🇪🇨 Daniel Noboa NOBOA AZIN ",17170,2215,2275,https://v16m.tiktokcdn-us.com/996f3096c94a983683de575443f4937a/697c6692/video/tos/useast2a/tos-useast2a-pve-0068/owERckI0ssZ3H3DGBQfWFxAJgMQmeI4xBnmn5E/?a=1233&bti=NXYpNDs8QGo6OjZAOm00NTAuYCMxNDNg&ch=0&cr=13&dr=0&er=0&lr=all&net=0&cd=0%7C0%7C0%7C&cv=1&br=888&bt=444&cs=0&ds=6&ft=H3YMyvShQBKUxsurIWl2K4yqYlNZ0SE1Gb3mVW7q8Z4ka&mime_type=video_mp4&qs=0&rc=OmQ2O2Y2Ojg5NmU8ODM3OUBpam1yaHA5cmY6eDMzNzczM0AtYS5gLS02XzMxXzM2MzU2YSMyM3FgMmRjM2FgLS1kMTZzcw%3D%3D&vvpl=1&l=20260130020527E671C58CE97A55065889&btag=e00090000
social_media,tiktok,1970-01-01 00:00:01.739158738,diarioexxtra_,"Los votos más perruños no superaron ni el 0,36% que sacó Bolivar Armijos, Iván Saquicela es el gran perdedor en está contienda electoral. Ojalá que el CNE elimine tanto partido chimbo ",17169,2695,426,https://v16m.tiktokcdn-us.com/bcd459a46c0977ffe8f5af4875fa90bc/697cbcfc/video/tos/useast5/tos-useast5-ve-27dcd7c799-tx/oMFfbJgJOZ33yMHfEwH2MuISJPoAtAzTKtkSfg/?a=1233&bti=NXYpNDs8QGo6OjZAOm00NTAuYCMxNDNg&ch=0&cr=0&dr=0&er=0&lr=default&cd=0%7C0%7C0%7C0&br=124&bt=62&ft=H3YMyvShQBKUxsurIWl2K4yqYlHZ0SE1Gb3mVW7q8Z4ka&mime_type=audio_mpeg&qs=3&rc=PDloZTY7Zjo1Zjk7ODVpNEBpM2RyNDdwcDh2eTMzOjU8M0BgNi4tMDIwNTAxLjE1Li40YSNsZm1tLmExcnNfLS1iMTZzcw%3D%3D&vvpl=1&l=20260130020527E671C58CE97A55065889&btag=e00088000&shp=d05b14bd&shcp=-
social_media,tiktok,1970-01-01 00:00:01.738186445,wilopradoec,😱🔴 “Seguiré votando por Daniel Noboa” ,17018,437,4513,https://v16m.tiktokcdn-us.com/ed9221f46ffa6d1c8bcc72d522d5f819/697c6693/video/tos/useast2a/tos-useast2a-pve-0068/ogIZa5nRiv3iqEBEA2JpQEBycUvtQ0iTGvF8S/?a=1233&bti=NXYpNDs8QGo6OjZAOm00NTAuYCMxNDNg&ch=0&cr=13&dr=0&er=0&lr=all&net=0&cd=0%7C0%7C0%7C&cv=1&br=3896&bt=1948&cs=0&ds=6&ft=H3YMyvShQBKUxsurIWl2K4yqYlNZ0SE1Gb3mVW7q8Z4ka&mime_type=video_mp4&qs=0&rc=OTtpZDo6aTk2NDw7ZDw2OUBpamk3bnA5cm48eDMzNzczM0BeMDJhXzMuXy4xYmEtMWNeYSNoX21qMmRrbWFgLS1kMTZzcw%3D%3D&vvpl=1&l=20260130020527E671C58CE97A55065889&btag=e00090000
social_media,tiktok,1970-01-01 00:00:01.735182564,elian1308,"EL GOBIERNO ACTIVA TROLLS PARA TILDAR DE DELINCUENTES A LOS NIÑOS DE GUYAQUIL, Y JUEZA VERA DENUNCIA AMENAZAS DE NOBOA EN EL CASO DE ABAD.🇪🇨 🇪🇨 ",16941,1216,1264,https://v16m.tiktokcdn-us.com/05d3d29b13cc41217c3c7422ae09b9f7/697c6757/video/tos/alisg/tos-alisg-pve-0037c001/oAKIJ8ZzYgfjMsfiBkpQAVCSJC2XAMeoOZAgp2/?a=1233&bti=NXYpNDs8QGo6OjZAOm00NTAuYCMxNDNg&ch=0&cr=13&dr=0&er=0&lr=all&net=0&cd=0%7C0%7C0%7C&cv=1&br=960&bt=480&cs=0&ds=6&ft=H3YMyvShQBKUxsurIWl2K4yqYlNZ0SE1Gb3mVW7q8Z4ka&mime_type=video_mp4&qs=0&rc=O2U6M2k2NjhnZTk7aWg7OEBpajZsNHc5cjVmdzMzNzczM0AxYzMxYi4tXzExYC81YGMwYSMxMzUzMmRrZGpgLS1kMTZzcw%3D%3D&vvpl=1&l=20260130020527E671C58CE97A55065889&btag=e00098000
social_media,tiktok,1970-01-01 00:00:01.739208063,libertariaec,A ver ustedes saben que esos votos se van a dividir ,16930,5329,287,https://v16m.tiktokcdn-us.com/a8382fdfec777f8ec7612b2bb23b1171/697c667b/video/tos/useast2a/tos-useast2a-ve-0068c003/oQbI51iKIERwoqkZCNqTNjoIBfAAigQq7AxzRE/?a=1233&bti=Ojs2NGYpQHM6OjZALjU2OmQvcCMxNDNg&ch=0&cr=13&dr=0&er=0&lr=all&net=0&cd=0%7C0%7C0%7C&cv=1&br=1512&bt=756&cs=0&ds=6&ft=H3YMyvShQBKUxsurIWl2K4yqYlNZ0SE1Gb3mVW7q8Z4ka&mime_type=video_mp4&qs=0&rc=ZmU0OjZkZDQ5OzQ8OmczZEBpamQ2bXM5cjw2eDMzNzczM0AuMmNhYWMxX2AxYi8yLWIwYSNhazY1MmRzXmlgLS1kMTZzcw%3D%3D&vvpl=1&l=20260130020527E671C58CE97A55065889&btag=e00088000
social_media,tiktok,1970-01-01 00:00:01.744652593,ramiroriveraec,nan,16669,933,1249,https://v16m.tiktokcdn-us.com/10824ce37e7eabc8b674948002f57d3f/697c667f/video/tos/useast2a/tos-useast2a-pve-0068/oIAQ9imCJfIWBSSQRf8BqkE5QJi4BbXECn4rI5/?a=1233&bti=NXYpNDs8QGo6OjZAOm00NTAuYCMxNDNg&ch=0&cr=13&dr=0&er=0&lr=all&net=0&cd=0%7C0%7C0%7C&cv=1&br=4798&bt=2399&cs=0&ds=6&ft=H3YMyvShQBKUxsurIWl2K4yqYlNZ0SE1Gb3mVW7q8Z4ka&mime_type=video_mp4&qs=0&rc=aWhpPDdnZGk4PDo8Omc4NkBpajVoaXM5cjRueTMzNzczM0AtYjU1LjJiNV4xMWM2M14vYSNwYDIxMmRjNnJgLS1kMTZzcw%3D%3D&vvpl=1&l=20260130020527E671C58CE97A55065889&btag=e00088000
social_media,tiktok,1970-01-01 00:00:01.738709905,wilopradoec,"😱🔴 Luisa González: “Los niños llorando me dicen no queremos que nos m4ten, sálvennos”. ",16478,295,2707,https://v16m.tiktokcdn-us.com/ffa02dd0bea9874225984997f15d0ff8/697c666a/video/tos/useast2a/tos-useast2a-ve-0068c002/oQ5EffpipQvRDrCEQVyEALBJmBoFISGanRuicC/?a=1233&bti=NXYpNDs8QGo6OjZAOm00NTAuYCMxNDNg&ch=0&cr=13&dr=0&er=0&lr=all&net=0&cd=0%7C0%7C0%7C&cv=1&br=1146&bt=573&cs=0&ds=6&ft=H3YMyvShQBKUxsurIWl2K4yqYlNZ0SE1Gb3mVW7q8Z4ka&mime_type=video_mp4&qs=0&rc=aDZmaDVnZTtpOzNlZjpnPEBpajtlbXM5cjU8eDMzNzczM0BgNS01Y141X2IxMzM2MS9jYSNzNjY1MmRza2VgLS1kMTZzcw%3D%3D&vvpl=1&l=20260130020527E671C58CE97A55065889&btag=e00088000
social_media,tiktok,1970-01-01 00:00:01.737345798,portonoticiasec,El segundo bloque de candidatos también nos dejó frases célebres en el 🇪🇨,16363,2828,184,https://v16m.tiktokcdn-us.com/135c023dd3db5ad4e6433b29305fe2ba/697c665b/video/tos/useast2a/tos-useast2a-pve-0068/owMQPE45PqDBAQiyiTIIRNb3UEBZBSKOwh3qr/?a=1233&bti=NXYpNDs8QGo6OjZAOm00NTAuYCMxNDNg&ch=0&cr=13&dr=0&er=0&lr=all&net=0&cd=0%7C0%7C0%7C&cv=1&br=1426&bt=713&cs=0&ds=6&ft=H3YMyvShQBKUxsurIWl2K4yqYlNZ0SE1Gb3mVW7q8Z4ka&mime_type=video_mp4&qs=0&rc=NzdmPDxmZjRlZTg8NTY0NEBpM2k4cHM5cjZ2eDMzNzczM0BhMTQtYTJhNjAxMDIuLS9eYSNpM3A1MmQ0aDNgLS1kMTZzcw%3D%3D&vvpl=1&l=20260130020527E671C58CE97A55065889&btag=e000b8000
social_media,tiktok,1970-01-01 00:00:01.744421657,jvinicio.tv,🇪🇨 Luisa González PRESIDENTA 💙 Rafael Correa 💙 Hasta la victoria siempre ✊ ,16301,1200,1305,https://v16m.tiktokcdn-us.com/8c1cfbc66a310c73ed9a04af1fac89aa/697c6653/video/tos/useast2a/tos-useast2a-ve-0068c002/oEwIrEqDgfCC7KUFf5PjCQA0IN5lx8Ey4e9XsS/?a=1233&bti=NXYpNDs8QGo6OjZAOm00NTAuYCMxNDNg&ch=0&cr=13&dr=0&er=0&lr=all&net=0&cd=0%7C0%7C0%7C&cv=1&br=4194&bt=2097&cs=0&ds=6&ft=H3YMyvShQBKUxsurIWl2K4yqYlNZ0SE1Gb3mVW7q8Z4ka&mime_type=video_mp4&qs=0&rc=aGU4PDhkOGY7ZzNmZmQ7ZEBpM3lwZnQ5cnF2eTMzNzczM0AzXi8wYjUwXy0xLV82NjViYSNpaGswMmRrL3BgLS1kMTZzcw%3D%3D&vvpl=1&l=20260130020527E671C58CE97A55065889&btag=e000b0000
social_media,tiktok,1970-01-01 00:00:01.738974733,radiodinamicaecu, || Jueza Nubia Vera da 48 horas de plazo a Daniel Noboa para que restituya a la vicepresidenta Verónica Abad en la Vicepresidencia con todas las facultades constitucionales. . . . . . . . . . . 🇪🇨 🇪🇨 🇪🇨❤ 🇪🇨 🇪🇨 ,16267,1232,2445,https://v19.tiktokcdn-us.com/d720d21849c07fb2ea32ba0bede7fdb4/697c66d5/video/tos/useast2a/tos-useast2a-ve-0068c002/owjepnvGfABOQ1DSEjOmWkEQgFRnqpcQxJEIBJ/?a=1233&bti=NXYpNDs8QGo6OjZAOm00NTAuYCMxNDNg&ch=0&cr=13&dr=0&er=0&lr=all&net=0&cd=0%7C0%7C0%7C&cv=1&br=1982&bt=991&cs=0&ds=6&ft=aEKfuqT0m0LPD12CFkDs3wUEd2Y7MeF~O5&mime_type=video_mp4&qs=0&rc=Zmc7OWZoaDM7aDs6aGhoaUBpajY2Z3g5cjdkeDMzNzczM0A0LmMzMWFgNWExYi42MGNiYSMxMGBmMmRrX2dgLS1kMTZzcw%3D%3D&vvpl=1&l=20260130020530099B4EB49A9A3E03D51E&btag=e00090000
social_media,tiktok,1970-01-01 00:00:01.739405968,espososrevolucionarios,Necesito de tu ayuda Ecuatoriano juntos vamos ayudar a nuestra futura presidenta Luisa Gonzales. Telegram: t.me/ligaazul593ec González,16273,1659,1431,https://v19.tiktokcdn-us.com/533461e0fb644083be4ee39ebdf47613/697c66d6/video/tos/useast2a/tos-useast2a-pve-0068/oMfkcGJQWuLnCs3eIgdakSPZddjiWAh8IIgCgf/?a=1233&bti=NXYpNDs8QGo6OjZAOm00NTAuYCMxNDNg&ch=0&cr=13&dr=0&er=0&lr=all&net=0&cd=0%7C0%7C0%7C&cv=1&br=2726&bt=1363&cs=0&ds=6&ft=aEKfuqT0m0LPD12CFkDs3wUEd2Y7MeF~O5&mime_type=video_mp4&qs=0&rc=ODZkOWRpNzczN2c4NzlnOkBpamkzbHE5cmhteDMzNzczM0A1LS1gMTNeXjExYzNiNDEuYSNpZTZgMmRzZmpgLS1kMTZzcw%3D%3D&vvpl=1&l=20260130020530099B4EB49A9A3E03D51E&btag=e00090000
social_media,tiktok,1970-01-01 00:00:01.763298018,melina_andrade04,"Hombres siendo hombres hasta en el recinto electoral, nótese ninguno pego el sticker 🙂‍↔️🤣 ",16225,691,314,https://v19.tiktokcdn-us.com/ed081bf395ef5c97259cec142624141d/697c6658/video/tos/alisg/tos-alisg-pve-0037c001/owffZ3ZABQBEHagmqGDTcpEuGICrFyRJcFzEEH/?a=1233&bti=NXYpNDs8QGo6OjZAOm00NTAuYCMxNDNg&ch=0&cr=13&dr=0&er=0&lr=all&net=0&cd=0%7C0%7C0%7C&cv=1&br=2494&bt=1247&cs=0&ds=6&ft=aEKfuqT0m0LPD12CFkDs3wUEd2Y7MeF~O5&mime_type=video_mp4&qs=0&rc=PGU7ZDo2Mzg5ZTZnZmY7M0Bpam13am85cnB2NzMzODczNEBhMy9gMzAyNTMxLzAzMDQyYSNtaHM2MmRjaWBhLS1kMWBzcw%3D%3D&vvpl=1&l=20260130020530099B4EB49A9A3E03D51E&btag=e000b0000
social_media,tiktok,1970-01-01 00:00:01.741470105,katar284,"los elicópteros comprados por Correa CON SOBREPRECIO, VETUSTOS, INSEGUROS, CIN FALLAS. Los Elicópteros adquiridos por el Presidente Daniel Noboa PRINCIPAL CARACTERISTICA SEGURIDAD.. Dos nuevos helicópteros H225 llegan a Ecuador para reforzar la lucha contra el crimen organizado Los helicópteros H225 son una nueva y mejorada versión de las aeronaves SuperPuma Por sus característiscas técnicas, permitirán a los soldados llegar con rapidez a puntos y zonas calientes donde ocurran incidencias, además de que servirán para la vigilancia de sectores estratégicos y transporte de objetivos de alto valor y personas privadas de libertad. Ecuatoriano de Defensa Efrain Kaviedes LA MEDUSA 🇪🇨 Oligarca 🐰🇪🇨 Noboa 2025",15980,809,2444,https://v45.tiktokcdn-us.com/eabc5dbb6341efe7d9f7a3856328e281/697cbcb8/video/tos/useast2a/tos-useast2a-v-27dcd7/oYy4k7FhqAJIoBfEDgPMUtdDTQK3oGtW4FAzhL/?a=1233&bti=NXYpNDs8QGo6OjZAOm00NTAuYCMxNDNg&ch=0&cr=0&dr=0&er=0&lr=default&cd=0%7C0%7C0%7C0&br=250&bt=125&ft=aEKfuqT0m0LPD12aFkDs3wUEd2Y7MeF~O5&mime_type=audio_mpeg&qs=6&rc=OGQ2aTk0OmU4ODQ0aDpoO0Bpajx2bzY6Zm9qbDMzNzU8M0AyMS1iNS41NmIxM2MtYDNjYSMycjNkcjRfMi9gLS1kMTZzcw%3D%3D&vvpl=1&l=20260130020530099B4EB49A9A3E03D51E&btag=e000b5000&shp=d05b14bd&shcp=-
social_media,tiktok,1970-01-01 00:00:01.739061125,espososrevolucionarios,Esto es por lo que ya no están 💙 ,15834,410,1412,https://v19.tiktokcdn-us.com/5d0369ac13a4ab6457c43237e837a5c8/697c668d/video/tos/alisg/tos-alisg-v-37c810-sg/AACV0bK52QBxkTFZnbZtWQ5k0QmJTOpFEZ6d2Y3EEM6dXQzMTar9GAGVxXrCuYigxYfiLAFdJp79Cu16rqBQ6eeChkbYxt0MfeClfrv4akFe9irAQ1kIVCfeCVj6jDra6eeiBA/?a=1233&bti=NXYpNDs8QGo6OjZAOm00NTAuYCMxNDNg&ch=0&cr=13&dr=0&er=0&lr=all&net=0&cd=0%7C0%7C0%7C&cv=1&br=24418&bt=12209&ds=4&ft=aEKfuqT0m0LPD12CFkDs3wUEd2Y7MeF~O5&mime_type=video_mp4&qs=13&rc=am1nd3c5cnd5eDMzNzczM0Bpam1nd3c5cnd5eDMzNzczM0AxbWVnMmRrYmdgLS1kMTZzYSMxbWVnMmRrYmdgLS1kMTZzcw%3D%3D&vvpl=1&l=20260130020530099B4EB49A9A3E03D51E&btag=e00050000
social_media,tiktok,1970-01-01 00:00:01.748391145,telmopunina,"Aunque No tengamos los mismos Ideales Ni Pensamientos, pero Fue muy Grata su Visita estimada Dra Tibán Agradecido 🙏🇪🇨 🇪🇨🇪🇨 🇪🇨🌏💫 Oficial",15769,458,950,https://v19.tiktokcdn-us.com/ab6ce86567f360db305765b204e2a8a4/697c668b/video/tos/useast2a/tos-useast2a-pve-0068/oYinQLD0GAThgXUQi7GyMIVAkW2fERJlCRooIB/?a=1233&bti=Ojs2NGYpQHM6OjZALjU2OmQvcCMxNDNg&ch=0&cr=13&dr=0&er=0&lr=all&net=0&cd=0%7C0%7C0%7C&cv=1&br=2936&bt=1468&cs=0&ds=6&ft=aEKfuqT0m0LPD12CFkDs3wUEd2Y7MeF~O5&mime_type=video_mp4&qs=0&rc=OjNpaDZnZDRmOzM6aDU4Z0BpM3E5a3U5cmQ4MzMzNzczM0AwLS42YDYyXmExNF8tYTBeYSNoL2U1MmRjNG9hLS1kMTZzcw%3D%3D&vvpl=1&l=20260130020530099B4EB49A9A3E03D51E&btag=e00090000
social_media,tiktok,1970-01-01 00:00:01.738887136,jvinicio.tv,Luisa González PRESIDENTA 2025 🇪🇨 Rafael Correa ,15715,1429,470,https://v19.tiktokcdn-us.com/85680d60c265efbe97d6e03972b6c5d9/697c6692/video/tos/useast2a/tos-useast2a-ve-0068c003/ogjCeFCAgUpf90StfPIOAmSKrcQIIHd9DpnxEg/?a=1233&bti=NXYpNDs8QGo6OjZAOm00NTAuYCMxNDNg&ch=0&cr=13&dr=0&er=0&lr=all&net=0&cd=0%7C0%7C0%7C&cv=1&br=850&bt=425&cs=0&ds=6&ft=aEKfuqT0m0LPD12CFkDs3wUEd2Y7MeF~O5&mime_type=video_mp4&qs=0&rc=ZGU2OjdlMzxlZzpnNjtpN0BpanJ0ZHQ5cmRueDMzNzczM0A0MWAwLS0uXzAxLzQ1XzIvYSNtcWdfMmRjc2ZgLS1kMTZzcw%3D%3D&vvpl=1&l=20260130020530099B4EB49A9A3E03D51E&btag=e00090000
social_media,tiktok,1970-01-01 00:00:01.744559343,tuvoz.tv,"Daniel Noboa gana elecciones en Beijing, China 🇨🇳 Mientras en Ecuador recién empieza el sufragio en China ya finalizaron. 35 ecuatorianos votaron en Beijing de 159 empadronados. 20 votos González 14 Nulo 1 Cobertura especial Canizares ",15555,1205,464,https://v19.tiktokcdn-us.com/2c274c807cb7b2e467038dbb3dac21ad/697c6682/video/tos/useast2a/tos-useast2a-ve-0068c002/oIEEESMf9PwIVcIjV3ePfQFyazUDwjgCAos57C/?a=1233&bti=NXYpNDs8QGo6OjZAOm00NTAuYCMxNDNg&ch=0&cr=13&dr=0&er=0&lr=all&net=0&cd=0%7C0%7C0%7C&cv=1&br=1428&bt=714&cs=0&ds=6&ft=aEKfuqT0m0LPD12CFkDs3wUEd2Y7MeF~O5&mime_type=video_mp4&qs=0&rc=Z2lmZGg1ZjczODQ0ZmlpaUBpM2pwdnA5cjh3eTMzNzczM0BhY2NhYS0tX18xLTRgXjNeYSNhZS9jMmRjbXFgLS1kMTZzcw%3D%3D&vvpl=1&l=20260130020530099B4EB49A9A3E03D51E&btag=e00088000
social_media,tiktok,1970-01-01 00:00:01.738949259,andresceram, ,15532,8341,851,https://v45.tiktokcdn-us.com/761a886e2e4ca5b55d28f0da865ed927/697cbcd9/video/tos/useast5/tos-useast5-ve-27dcd7c799-tx/oIZFld367zBqit8IoqDA1Q7MCdBMAPiUuSdgc/?a=1233&bti=NXYpNDs8QGo6OjZAOm00NTAuYCMxNDNg&ch=0&cr=0&dr=0&er=0&lr=default&cd=0%7C0%7C0%7C0&br=124&bt=62&ft=aEKfuqT0m0LPD12aFkDs3wUEd2Y7MeF~O5&mime_type=audio_mpeg&qs=3&rc=NDY4ODozNGk8NDc8Ozg1ZkBpM3dvZnU5cjNodzMzNzU8M0BjMmAzM2IxNTQxYWBiNjAyYSMzbnItMmQ0aXNgLS1kMTZzcw%3D%3D&vvpl=1&l=20260130020530099B4EB49A9A3E03D51E&btag=e0008d000&shp=d05b14bd&shcp=-
social_media,tiktok,1970-01-01 00:00:01.737860878,kiaratex,💫Estamos ubicados en galería san pedro piso 15 int 1514 sucursal pasaje carabeli 107 aguas WhatsApp 📲+51969798772 🇪🇨 🇪🇨 ✨✨✨✨✨✨ 🇪🇨❤️ 🇪🇨 🇪🇨❤️,15470,2439,0,https://v19.tiktokcdn-us.com/6e9e61a005a9b2dce63f8f866655a526/697c6659/video/tos/useast2a/tos-useast2a-ve-0068c001/oMEzUiSiZPXElByFBBnxrAEUV85QIQWIBpiNW/?a=1233&bti=NXYpNDs8QGo6OjZAOm00NTAuYCMxNDNg&ch=0&cr=13&dr=0&er=0&lr=all&net=0&cd=0%7C0%7C0%7C&cv=1&br=1850&bt=925&cs=0&ds=6&ft=aEKfuqT0m0LPD12CFkDs3wUEd2Y7MeF~O5&mime_type=video_mp4&qs=0&rc=OGczNmVkZWRpODg7PGQ8aUBpam5mZnY5cjR0eDMzNzczM0AtYmNfYDE1XjUxLmIvMTRiYSMzXmovMmQ0Yl5gLS1kMTZzcw%3D%3D&vvpl=1&l=20260130020530099B4EB49A9A3E03D51E&btag=e000b0000
social_media,tiktok,1970-01-01 00:00:01.738942569,elian1308,MUJERES DE MI PAÍS CONFIRMEN SI LAS SEÑORAS QUE LES MUESTRO A CONTINUACIÓN LES REPRESENTAN. 🇪🇨 🇪🇨,15458,2626,2946,https://v19.tiktokcdn-us.com/38d310f26636939df53a760dfefcfcea/697c6769/video/tos/useast2a/tos-useast2a-ve-0068c003/o4N6xWQipUzSZB67OCQqY05SIQbxmEEnABviK/?a=1233&bti=NXYpNDs8QGo6OjZAOm00NTAuYCMxNDNg&ch=0&cr=13&dr=0&er=0&lr=all&net=0&cd=0%7C0%7C0%7C&cv=1&br=1080&bt=540&cs=0&ds=6&ft=aEKfuqT0m0LPD12CFkDs3wUEd2Y7MeF~O5&mime_type=video_mp4&qs=0&rc=OTNlMzhoZDNnOGVnaDs3aUBpM25kams5cmo1eDMzNzczM0AtXzNhYy0tNS8xNV9jYGA1YSNpZ2tsMmRrYmdgLS1kMTZzcw%3D%3D&vvpl=1&l=20260130020530099B4EB49A9A3E03D51E&btag=e00098000
social_media,tiktok,1970-01-01 00:00:01.738939351,estelazaruma,Ay ñooooo 🤚🏻 🇪🇨 ,15341,691,232,https://v19.tiktokcdn-us.com/61c38af56136e97cd488f5b91c610202/697c6653/video/tos/useast2a/tos-useast2a-ve-0068c002/ogMx7xXIjQEA7SueO9gwZQGPevcLICBDCgedNT/?a=1233&bti=NXYpNDs8QGo6OjZAOm00NTAuYCMxNDNg&ch=0&cr=13&dr=0&er=0&lr=all&net=0&cd=0%7C0%7C0%7C&cv=1&br=1484&bt=742&cs=0&ds=6&ft=aEKfuqT0m0LPD12CFkDs3wUEd2Y7MeF~O5&mime_type=video_mp4&qs=0&rc=OGRlZDc2OmY5NTRlZmc1OkBpanhqa205cjs0eDMzNzczM0BiYTJhNmExNmIxNWFfYzFiYSNvbGZkMmQ0a2dgLS1kMTZzcw%3D%3D&vvpl=1&l=20260130020530099B4EB49A9A3E03D51E&btag=e000b0000
social_media,tiktok,1970-01-01 00:00:01.744596572,gasoflow, 🇪🇨 ,15215,859,1249,https://v19.tiktokcdn-us.com/905e730f62609bf06e182cefe20d8d62/697c6669/video/tos/useast2a/tos-useast2a-ve-0068c001/o4rrIkiBI6PgF7MQbzx8C3REmBi5rIAfd2Auho/?a=1233&bti=NXYpNDs8QGo6OjZAOm00NTAuYCMxNDNg&ch=0&cr=13&dr=0&er=0&lr=all&net=0&cd=0%7C0%7C0%7C&cv=1&br=604&bt=302&cs=0&ds=6&ft=aEKfuqT0m0LPD12CFkDs3wUEd2Y7MeF~O5&mime_type=video_mp4&qs=0&rc=ZmVpOGY0Z2gzaWg3PGk4PEBpanFuZHU5cnA5eTMzNzczM0BgLTAyYV4zNi8xNC9gYF5hYSM1X29xMmQ0a3JgLS1kMTZzcw%3D%3D&vvpl=1&l=20260130020530099B4EB49A9A3E03D51E&btag=e00088000
social_media,tiktok,1970-01-01 00:00:01.740704433,radiodinamicaecu,"Un grupo de científicos ha logrado redescubrir una especie de ave terrestre endémica que se pensaba extinta desde hace casi dos siglos. Se trata de El pachay de Galápagos (Laterallus spilonota) que fue encontrado en la isla Floreana, en las Islas Galápagos. . . . . . . . . . 🇪🇨 🇪🇨 🇪🇨 🇪🇨❤ 🇪🇨 # ",15229,925,229,https://v19.tiktokcdn-us.com/bd6fc32fed72008cb289049ce88ad47a/697c66be/video/tos/useast2a/tos-useast2a-ve-0068c004/oMBgzFBRJDnPwYEqCQODAUsLQfwEuiBECLIfQg/?a=1233&bti=NXYpNDs8QGo6OjZAOm00NTAuYCMxNDNg&ch=0&cr=13&dr=0&er=0&lr=all&net=0&cd=0%7C0%7C0%7C&cv=1&br=1058&bt=529&cs=0&ds=6&ft=aEKfuqT0m0LPD12CFkDs3wUEd2Y7MeF~O5&mime_type=video_mp4&qs=0&rc=OThpM2c0NTk3Nmc1NDlpZEBpM3JqanM5cjRqeTMzNzczM0AyY2BhYWEyNl8xNC5hYDUvYSM1X2FvMmQ0aS1gLS1kMTZzcw%3D%3D&vvpl=1&l=20260130020530099B4EB49A9A3E03D51E&btag=e00090000
social_media,tiktok,1970-01-01 00:00:01.732540174,eldespertarecuatoriano, 🇪🇨,15172,2367,1439,https://v45.tiktokcdn-us.com/746f334c74233553acc12380e93c0b21/697cbeac/video/tos/useast5/tos-useast5-ve-27dcd7c799-tx/oQyIyEUQCiZ1BriubRl8DMtalQ26S4PYhAI4z/?a=1233&bti=NXYpNDs8QGo6OjZAOm00NTAuYCMxNDNg&ch=0&cr=0&dr=0&er=0&lr=default&cd=0%7C0%7C0%7C0&br=124&bt=62&ft=aEKfuqT0m0LPD12aFkDs3wUEd2Y7MeF~O5&mime_type=audio_mpeg&qs=3&rc=MzNnZWlkZjc1ZTg2OmdnNkBpamVsaW85cnA8djMzNzU8M0BjNTI1NTZjNTExYTEuNTUxYSM1cS1wMmQ0a29gLS1kMTZzcw%3D%3D&vvpl=1&l=20260130020530099B4EB49A9A3E03D51E&btag=e000a5000&shp=d05b14bd&shcp=-
social_media,tiktok,1970-01-01 00:00:01.742844534,informtivo593,"Dos versiones diferentes “Mira Daniel, mírame a la cara. No, no tienes la capacidad… y no voy a permitir que me faltes el respeto… deja de ser tan prepotente”. Aquí realmente indignada, interrumpiendo mi entrenamiento del día de hoy 🏃🏻‍♀️ para dedicarle unas palabras a mi “amiga” ",15084,2761,844,https://v19.tiktokcdn-us.com/ff7414c5104801530f675745ec466603/697c668d/video/tos/no1a/tos-no1a-ve-0068-no/o8NgXNskAfHEbmknRWpBFOwvpEEuIQFh1rG4fD/?a=1233&bti=NXYpNDs8QGo6OjZAOm00NTAuYCMxNDNg&ch=0&cr=13&dr=0&er=0&lr=all&net=0&cd=0%7C0%7C0%7C&cv=1&br=1678&bt=839&cs=0&ds=6&ft=aEKfuqT0m0LPD12CFkDs3wUEd2Y7MeF~O5&mime_type=video_mp4&qs=0&rc=PDk1ODg7Zmc8NjdoOjkzNkBpamczb205cnN1eTMzbzczNUAvMTRfXmM2XmExNjYwX2IxYSNocHJjMmQ0MGRgLS1kMTFzcw%3D%3D&vvpl=1&l=20260130020530099B4EB49A9A3E03D51E&btag=e00090000
social_media,tiktok,1970-01-01 00:00:01.737577538,elian1308,URGENTE 🚨 ESPOSA DE VILLA ACEOTA QUE CHATS SON REALES Y AHIRA TONTOS ALEGRES? 🇪🇨 🇪🇨,14816,1785,639,https://v16m.tiktokcdn-us.com/d7b91f192d70f8fa0b4cfce7d18ea291/697c6776/video/tos/useast2a/tos-useast2a-ve-0068c003/okORM8afi6egiVqTKAIfIew4fcEAIvQYhOIJ6n/?a=1233&bti=NXYpNDs8QGo6OjZAOm00NTAuYCMxNDNg&&bt=1256&ft=H3YMyvShQByUxsurIWl2K4yqYlOZ0SE1GbjKqH7q8Z4ka&mime_type=video_mp4&rc=PGU8NmdoaGY0Mzo3PDY2Z0BpajdyeXk5cjRueDMzNzczM0BiY18tNWIyXmIxLS8wXjY2YSNiYm1vMmRzczVgLS1kMTZzcw%3D%3D&vvpl=1&l=2026013002053379B4E5874BC25C0402CB&btag=e00090000
social_media,tiktok,1970-01-01 00:00:01.739156016,nonoticiasoficial,¿Qué les faltó a los demás candidatos para llegar a segunda vuelta? Tirar más fotos? Más bailes? ...A la final eran 16 candidatos 🤷🏻‍♂️..!! 🇪🇨 🇪🇨 ,14802,4598,288,https://v16m.tiktokcdn-us.com/23562623c83ea68066956dd461da323b/697c66cf/video/tos/useast2a/tos-useast2a-pve-0068/oERGPUABPX7sICEve97CqweAIVSISlrgXgeLj1/?a=1233&bti=NXYpNDs8QGo6OjZAOm00NTAuYCMxNDNg&&bt=696&ft=H3YMyvShQByUxsurIWl2K4yqYlOZ0SE1GbjKqH7q8Z4ka&mime_type=video_mp4&rc=MzU8aThnOzxkPDs2Zjk6NEBpajxxd2o5cnlweDMzNzczM0AzYV42NTEyXzIxNF8wYzIxYSM1bGJhMmRjYmhgLS1kMTZzcw%3D%3D&vvpl=1&l=2026013002053379B4E5874BC25C0402CB&btag=e000b0000
social_media,tiktok,1970-01-01 00:00:01.738509888,yaptvradio,"DANIEL NOBOA LE HA DADO UNA NUEVA ESPERANZA A ECUADOR, DICE JUAN JOSÉ REYES En entrevista en ""Cosas que Pasan"" el candidato a Asambleista Nacional, por ADN, la lista 7, Juan José Teyes (Toto Reyes) dice que Daniel Noboa ha dejado atrás una década negativa para Ecuador, y ahora necesita una Asamblea distinta para que continue el progreso. ▶️ ▶️ /CALUMA/UNIDOS/POR/LA/DEM💜 Saraguro te apoya💜 ",14764,1194,1789,https://v16m.tiktokcdn-us.com/18b33d2f45534723aecb2e4b821ce4e8/697c66aa/video/tos/useast2a/tos-useast2a-ve-0068c001/oYBxRRDjn84ftNJkftT1JXLEg4hFQEnRBIQAlO/?a=1233&bti=NXYpNDs8QGo6OjZAOm00NTAuYCMxNDNg&&bt=589&ft=H3YMyvShQByUxsurIWl2K4yqYlOZ0SE1GbjKqH7q8Z4ka&mime_type=video_mp4&rc=OWY1OzUzOzg0PDU6aDg0aEBpMzo7aGo5cmxyeDMzNzczM0AwYjUuMjNgNmIxNTIuXmIxYSNiZWpvMmRzamNgLS1kMTZzcw%3D%3D&vvpl=1&l=2026013002053379B4E5874BC25C0402CB&btag=e00090000
social_media,tiktok,1970-01-01 00:00:01.742256892,libertariaec,Listos para otra vez sufrir con el futuro de la patria? 🫠 ,14643,2759,461,https://v16m.tiktokcdn-us.com/975fe692c3e94a9fc597f4533e3f35f3/697cbbf9/video/tos/useast5/tos-useast5-ve-27dcd7c799-tx/okhMJelw0BTQRC8JeBBYnLdBzGU6QxbIOArnDG/?a=1233&bti=NXYpNDs8QGo6OjZAOm00NTAuYCMxNDNg&ch=0&cr=0&dr=0&er=0&lr=default&cd=0%7C0%7C0%7C0&br=124&bt=62&ft=H3YMyvShQByUxsurIWl2K4yqYlOZ0SE1GbjKqH7q8Z4ka&mime_type=audio_mpeg&qs=3&rc=ZWc0ODs4ZDhoOmk0ZDZmPEBpajxuN2k6ZmdrNzMzNzU8M0AvMzAxLy8xXl8xXmFjMjBgYSNlLnNgcjQwLWBgLS1kMTZzcw%3D%3D&vvpl=1&l=2026013002053379B4E5874BC25C0402CB&btag=e000b0000&shp=d05b14bd&shcp=-
social_media,tiktok,1970-01-01 00:00:01.738371888,adri__123,TODOS POR UN PAÍS 🇪🇨💙🇪🇨 💛💙❤️ Luis 🇪🇨 Pishko Francisco Revolucionarios🇪🇨💙 L. Cuenta Oficial 🇪🇨,14663,355,1178,https://v16m.tiktokcdn-us.com/f783cfd115c93090702b089b05603ea1/697c666a/video/tos/alisg/tos-alisg-pve-0037c001/oQIAIRggSZAXAQuKhXjD2O8frEMFCCORFAfP7f/?a=1233&bti=NXYpNDs8QGo6OjZAOm00NTAuYCMxNDNg&&bt=1068&ft=H3YMyvShQByUxsurIWl2K4yqYlOZ0SE1GbjKqH7q8Z4ka&mime_type=video_mp4&rc=OmY1aWloOTlmMzw5PDZkZEBpM2ozcXg5cjVxeDMzNzczM0AyMDBeMl5hXzExXi4wLTUxYSNsL3JvMmQ0LmJgLS1kMTZzcw%3D%3D&vvpl=1&l=2026013002053379B4E5874BC25C0402CB&btag=e00090000
social_media,tiktok,1970-01-01 00:00:01.738553621,jotacparati,"# González Correa Delgado , , , , , , , , , , , , 🇪🇨💪💙💙 ",14616,644,829,https://v16m.tiktokcdn-us.com/a208fce62dbcd3f21b82597f340872bf/697c6699/video/tos/useast2a/tos-useast2a-ve-0068c001/oEMicn7VfABCgQDnElfAjZIQiFREDorNDJEQBQ/?a=1233&bti=NXYpNDs8QGo6OjZAOm00NTAuYCMxNDNg&&bt=759&ft=H3YMyvShQByUxsurIWl2K4yqYlOZ0SE1GbjKqH7q8Z4ka&mime_type=video_mp4&rc=OTZkaDY7NDhnNmk7NjxoNkBpMzk3ZGs5cnM2eDMzNzczM0AyNS02Ml5iNTAxYzU0NWAzYSMxMC8zMmRzZWRgLS1kMTZzcw%3D%3D&vvpl=1&l=2026013002053379B4E5874BC25C0402CB&btag=e00090000
social_media,tiktok,1970-01-01 00:00:01.738557898,periodismo.de.inv,"🛑 ¿Vas a votar por ellos? 🛑 Corrupción, evasión de impuestos y procesos judiciales. Más de 200 candidatos a la Asamblea han enfrentado denuncias por peculado, estafa e incluso asesinato. 😱 Algunos usan su candidatura para evadir la justicia, otros simplemente no pagan impuestos, ¡pero quieren legislar por ti! 🤡 📊 Descubre qué partidos tienen más candidatos cuestionados y cómo algunas provincias están llenas de aspirantes con antecedentes. 🔍 La verdad está aquí. Mira el video y lee la investigación completa en nuestro portal. 📌 Que nadie vote a ciegas. Es hora de limpiar las papeletas. 🗳️ 🔗 Villavicencio",14612,6498,500,https://v16m.tiktokcdn-us.com/dcba20d1a2bbe82fd5fa9697b9a68270/697c66bb/video/tos/useast2a/tos-useast2a-ve-0068c003/osIfRSJeJfbgAMIjtkQPzALKsQ5G2NgCAuxRAC/?a=1233&bti=NXYpNDs8QGo6OjZAOm00NTAuYCMxNDNg&&bt=1173&ft=H3YMyvShQByUxsurIWl2K4yqYlOZ0SE1GbjKqH7q8Z4ka&mime_type=video_mp4&rc=NmVkNGUzaGk5OGk1NDY4O0BpajkzaXY5cm83eDMzNzczM0BeYjMxXjBeXmExYC0zLTUvYSNxa2BiMmRrZmRgLS1kMTZzcw%3D%3D&vvpl=1&l=2026013002053379B4E5874BC25C0402CB&btag=e00090000
social_media,tiktok,1970-01-01 00:00:01.739195686,radiodinamicaecu,"💙Luisa González agraece al Ecuador por la gran cantidad de votos (43,83%), que obtuvo y pasa a segunda vuelta con Daniel Noboa (44,31%). . . . . . . . . . # 🇪🇨 🇪🇨 🇪🇨 🇪🇨 🇪🇨❤ ",14495,857,1917,https://v16m.tiktokcdn-us.com/b94aaafa287b9896827a88dd33970f54/697c675b/video/tos/useast2a/tos-useast2a-ve-0068c002/oIzBkXqIsA1IQAiIxgkERW4QL1CgopfWKJBBiU/?a=1233&bti=NXYpNDs8QGo6OjZAOm00NTAuYCMxNDNg&&bt=335&ft=H3YMyvShQByUxsurIWl2K4yqYlOZ0SE1GbjKqH7q8Z4ka&mime_type=video_mp4&rc=ZTc2MzlnaGhoOjw3ZGU1ZUBpM281N2s5cnAzeDMzNzczM0AzMTMtYGA0NTQxMC1gLy8xYSNeNmAxMmRjNmlgLS1kMTZzcw%3D%3D&vvpl=1&l=2026013002053379B4E5874BC25C0402CB&btag=e000b0000
social_media,tiktok,1970-01-01 00:00:01.742913769,elian1308,LUISA GANÓ EL DEBATE TE EXPLICO. 🇪🇨 ñ,14307,1461,1111,https://v16m.tiktokcdn-us.com/a91fac12471b74dad46314318cc052b5/697c6792/video/tos/alisg/tos-alisg-pve-0037c001/oo7wYhQinfBSd1oiBiFEg9DrE4ARuyOIQbfHUr/?a=1233&bti=Ojs2NGYpQHM6OjZALjU2OmQvcCMxNDNg&&bt=1011&ft=H3YMyvShQByUxsurIWl2K4yqYlOZ0SE1GbjKqH7q8Z4ka&mime_type=video_mp4&rc=PDg5NWc8NWVmM2ZpaWU6PEBpanRqeWs5cnRleTMzODczNEAzYzUvLTEzXi0xYzFhLzRjYSNsNGIzMmRzcmVgLS1kMTFzcw%3D%3D&vvpl=1&l=2026013002053379B4E5874BC25C0402CB&btag=e00090000
social_media,tiktok,1970-01-01 00:00:01.738542099,camarada_pekin," González candidata de la Ciudadana se dirige a Miles de asistentes: ""Les ofrezco mi mano. Vamos a caminar hacia un nuevo país, un país de paz. Vamos a "" aseguró. ",14285,747,702,https://v16m.tiktokcdn-us.com/a5e98f26828b7e8620b4570ef9f70b22/697c6654/video/tos/useast2a/tos-useast2a-ve-0068c002/oMvg06tEBOREQEiIqBFnAD2DQCJsDBMBfAoEte/?a=1233&bti=NXYpNDs8QGo6OjZAOm00NTAuYCMxNDNg&&bt=3749&ft=H3YMyvShQByUxsurIWl2K4yqYlOZ0SE1GbjKqH7q8Z4ka&mime_type=video_mp4&rc=OGY3ZmZoOWc8Ozs3Z2k7OEBpM2lsNng5cnczeDMzNzczM0AvXl9hLjIwXzExLmFhLV82YSMub2RxMmQ0amRgLS1kMTZzcw%3D%3D&vvpl=1&l=2026013002053379B4E5874BC25C0402CB&btag=e000b0000
social_media,tiktok,1970-01-01 00:00:01.739037472,roddyespinales, nunca más.,14210,3396,545,https://v16m.tiktokcdn-us.com/d838adb7ca02138ca4870f4a1d171cbd/697cbc03/video/tos/useast5/tos-useast5-ve-27dcd7c799-tx/oASnQfzCGMkFfsF51JNBJwbrmGKLzrUbChBSVI/?a=1233&bti=NXYpNDs8QGo6OjZAOm00NTAuYCMxNDNg&ch=0&cr=0&dr=0&er=0&lr=default&cd=0%7C0%7C0%7C0&br=124&bt=62&ft=H3YMyvShQByUxsurIWl2K4yqYlOZ0SE1GbjKqH7q8Z4ka&mime_type=audio_mpeg&qs=3&rc=ZTRoOmY7PDU6M2g7Omc7OkBpM2RmPDk6ZmdxbTMzNzU8M0AxMDEzXi8tX2IxLzY1YWM1YSM2Xm9scjRnbXJgLS1kMTZzcw%3D%3D&vvpl=1&l=2026013002053379B4E5874BC25C0402CB&btag=e000b8000&shp=d05b14bd&shcp=-
social_media,tiktok,1970-01-01 00:00:01.729221608,pap.ironic,Respuesta a 🔵Recuerda: Es tu voto y no tienes que argumentárselo a nadie🔵 🇪🇨 ,14144,1753,2250,https://v16m.tiktokcdn-us.com/d75c58123c75b5baafca5e69ef55998e/697c66a9/video/tos/alisg/tos-alisg-v-37c810-sg/AAtFkUkJERPFURzI2QVNFTBNkaKZ0bnZWR15mbRJUSJVkZ6FUQz9GAqa7MEOe2efLiDdflaKuG85Xc0maJffH85XY4A92FO3e8L4fDcfeTe2zvwLdIqu7Re5XQacI6CqIf8LGA/?a=1233&bti=NXYpNDs8QGo6OjZAOm00NTAuYCMxNDNg&&bt=6770&ft=H3YMyvShQByUxsurIWl2K4yqYlOZ0SE1GbjKqH7q8Z4ka&mime_type=video_mp4&rc=anNwbm05cjx3djMzNzczM0BpanNwbm05cjx3djMzNzczM0BoXy4wMmRzLjVgLS1kMTZzYSNoXy4wMmRzLjVgLS1kMTZzcw%3D%3D&vvpl=1&l=2026013002053379B4E5874BC25C0402CB&btag=e00070000
social_media,tiktok,1970-01-01 00:00:01.728419653,telmopunina,Requisitos para ser Asambleista por la RC 5 ,14155,3829,1738,https://v16m.tiktokcdn-us.com/16bd62fa1e6659fc98e0b76e8640a3fe/697c6683/video/tos/useast2a/tos-useast2a-ve-0068c004/okQI1cftBDlBjJiFy7FUQbEERAp3Q6KfERBnNZ/?a=1233&bti=NXYpNDs8QGo6OjZAOm00NTAuYCMxNDNg&&bt=2653&ft=H3YMyvShQByUxsurIWl2K4yqYlOZ0SE1GbjKqH7q8Z4ka&mime_type=video_mp4&rc=OTQ3NTNnZ2k8O2lpNzllPEBpank6OG45cmxzdjMzNzczM0A1XjA2MjVjX2MxL2E0My0yYSNxL2poMmRrYS9gLS1kMTZzcw%3D%3D&vvpl=1&l=2026013002053379B4E5874BC25C0402CB&btag=e000d0000
social_media,tiktok,1970-01-01 00:00:01.739315405,radiodinamicaecu,"La misión de observación la Unión Europea (UE) en rueda de prensa este martes 11 de febrero de 2025, donde destacó que las elecciones fueron transparentes y bien organizadas, aunque con desafíos pendientes y una segunda vuelta en el horizonte. . . . . . . . . . 🇪🇨 🇪🇨❤ 🇪🇨 🇪🇨 🇪🇨 #",14088,3183,1722,https://v16m.tiktokcdn-us.com/b0e19f07b8c2247a8c0e57767fedb7fe/697c6669/video/tos/useast2a/tos-useast2a-ve-0068c004/oIbIse7XugIjGpCIgopIAPCSsCVLQ7fcPSCepV/?a=1233&bti=NXYpNDs8QGo6OjZAOm00NTAuYCMxNDNg&&bt=397&ft=H3YMyvShQByUxsurIWl2K4yqYlOZ0SE1GbjKqH7q8Z4ka&mime_type=video_mp4&rc=NWY8NTllOGg1MzdmNzQ8OkBpMzxrbXQ5cmt3eDMzNzczM0AxYy1eYV9eNjQxLi4zNTEtYSNfYmZjMmRzZGlgLS1kMTZzcw%3D%3D&vvpl=1&l=2026013002053379B4E5874BC25C0402CB&btag=e00090000
social_media,tiktok,1970-01-01 00:00:01.746197752,telmopunina,"CUMPLEAÑOS 🎂 parece que ayer no más Tenía 33 😥😏, el tiempo pasa Rápido 🇪🇨🌏💫 ",14030,495,3743,https://v16m.tiktokcdn-us.com/fc0b00ab449c7e9e18c6747035be26ab/697c66c2/video/tos/useast2a/tos-useast2a-ve-0068c001/osVQKgGcQCCI1Y09eIAgIVjLfbpvFKrgmfGjSu/?a=1233&bti=NXYpNDs8QGo6OjZAOm00NTAuYCMxNDNg&&bt=1891&ft=H3YMyvShQByUxsurIWl2K4yqYlOZ0SE1GbjKqH7q8Z4ka&mime_type=video_mp4&rc=PDdpZmQ7OztkZmRoPGU8ZUBpam94c3c5cjhnMzMzNzczM0BhYmM0MjJfXjMxMjAzLy1jYSNmcF8tMmRzbF5hLS1kMTZzcw%3D%3D&vvpl=1&l=2026013002053379B4E5874BC25C0402CB&btag=e00090000
social_media,tiktok,1970-01-01 00:00:01.739205765,elian1308,ANÁLISIS DE PRIMERA VUELTA 🇪🇨 🇪🇨 ,13855,781,1152,https://v16m.tiktokcdn-us.com/7960de326da40b124137c3d2f2e32ac0/697c67b9/video/tos/useast2a/tos-useast2a-ve-0068c002/o0SGouieI9NDRgLgPVWAjWFeLaEjC5IVUgCexo/?a=1233&bti=Ojs2NGYpQHM6OjZALjU2OmQvcCMxNDNg&ch=0&cr=13&dr=0&er=0&lr=all&net=0&cd=0%7C0%7C0%7C&cv=1&br=2722&bt=1361&cs=0&ds=6&ft=H3YMyvShQBGUxsurIWl2K4yqYl0Z0SE1GbZNJO7q8Z4ka&mime_type=video_mp4&qs=0&rc=OjtkODQ3MztkZDpmN2k1ZkBpMzg2aWs5cnE1eDMzNzczM0AzYmEtY15jNl4xMGNiLV5iYSNpaDAuMmQ0amlgLS1kMTZzcw%3D%3D&vvpl=1&l=20260130020537B2CF86576E22B903FDC8&btag=e000a0000
social_media,tiktok,1970-01-01 00:00:01.739135066,nonoticiasoficial,y bueno ya tenemos las primeras encuestas en las elecciones 2025 para presidente en el Ecuador 🇪🇨 🇪🇨 ,13751,3488,655,https://v16m.tiktokcdn-us.com/7ab93078426260ae4bbdbb22e04fa948/697c6716/video/tos/useast2a/tos-useast2a-ve-0068c003/o8I2Hg5VAxwEVQHz3Ikiivv1IA6f5OtpjoBGCZ/?a=1233&bti=Ojs2NGYpQHM6OjZALjU2OmQvcCMxNDNg&ch=0&cr=13&dr=0&er=0&lr=all&net=0&cd=0%7C0%7C0%7C&cv=1&br=1232&bt=616&cs=0&ds=6&ft=H3YMyvShQBGUxsurIWl2K4yqYl0Z0SE1GbZNJO7q8Z4ka&mime_type=video_mp4&qs=0&rc=Zmc8ODU0NDs7PDppOzg5OUBpam9weGs5cnZreDMzNzczM0A1MzIxMGIzXjUxMDFhLzY0YSNvcmZgMmRzY2hgLS1kMTZzcw%3D%3D&vvpl=1&l=20260130020537B2CF86576E22B903FDC8&btag=e00098000
social_media,tiktok,1970-01-01 00:00:01.739156505,wilopradoec,😱🔴 Ecuador tendrá segunda vuelta electoral entre Luisa González y Daniel Noboa el próximo domingo 13 de abril. ,13613,897,688,https://v16m.tiktokcdn-us.com/4e3b4dfc0daf21ad67b0e9089598c34a/697c66bc/video/tos/useast2a/tos-useast2a-ve-0068c004/oYSjipiEIgozMx1f4bikpZu2PDWO6CAnBALIQ8/?a=1233&bti=Ojs2NGYpQHM6OjZALjU2OmQvcCMxNDNg&ch=0&cr=13&dr=0&er=0&lr=all&net=0&cd=0%7C0%7C0%7C&cv=1&br=2846&bt=1423&cs=0&ds=6&ft=H3YMyvShQBGUxsurIWl2K4yqYl0Z0SE1GbZNJO7q8Z4ka&mime_type=video_mp4&qs=0&rc=NTQ1NzgzZGg7NDg6O2U4Z0BpajV1eHY5cjlweDMzNzczM0BjNjIwYl9fNjAxYGMuYy1eYSM0YS5nMmRjamhgLS1kMTZzcw%3D%3D&vvpl=1&l=20260130020537B2CF86576E22B903FDC8&btag=e00090000
social_media,tiktok,1970-01-01 00:00:01.739802036,elian1308,"SE SUMAN MÁS RAZONES PARA NO VOTAR POR NOBOA, UNA NENA DE 3 AÑOS Y 2 BEBÉS EN MANTA. 😭🥺 🇪🇨 🇪🇨",13517,1772,1226,https://v16m.tiktokcdn-us.com/ccec281fd48a064696e9cb347aaf7ca5/697c67a5/video/tos/useast2a/tos-useast2a-ve-0068c004/oYPsDf08EEhJIjRSsgnQFBwzQzR0A0XcaB0ezh/?a=1233&bti=Ojs2NGYpQHM6OjZALjU2OmQvcCMxNDNg&ch=0&cr=13&dr=0&er=0&lr=all&net=0&cd=0%7C0%7C0%7C&cv=1&br=1486&bt=743&cs=0&ds=6&ft=H3YMyvShQBGUxsurIWl2K4yqYl0Z0SE1GbZNJO7q8Z4ka&mime_type=video_mp4&qs=0&rc=MzU1OTM2ZDo3OjQ2ZDVoOUBpMzw5OXQ5cnlueDMzNzczM0AwX2IzXl4tX2ExYmJiLjBeYSM0azBfMmQ0NG1gLS1kMTZzcw%3D%3D&vvpl=1&l=20260130020537B2CF86576E22B903FDC8&btag=e000a0000
social_media,tiktok,1970-01-01 00:00:01.735920664,eldespertarecuatoriano, ,13248,1651,5209,https://v16m.tiktokcdn-us.com/d70558842a99edc9cc770841517afa69/697c68cc/video/tos/no1a/tos-no1a-ve-0068-no/okI74zZCuAArNwI2yaEAFiiCPDBEivQylfyhPy/?a=1233&bti=Ojs2NGYpQHM6OjZALjU2OmQvcCMxNDNg&ch=0&cr=13&dr=0&er=0&lr=all&net=0&cd=0%7C0%7C0%7C&cv=1&br=1132&bt=566&cs=0&ds=6&ft=H3YMyvShQBGUxsurIWl2K4yqYl0Z0SE1GbZNJO7q8Z4ka&mime_type=video_mp4&qs=0&rc=NTdoPDc8O2RpZzU8Ozg6Z0BpMzU8d2w5cmozdzMzbzczNUAxYDMyYy41XmAxX2MuMTQzYSNtZ2dmMmRzY3BgLS1kMTFzcw%3D%3D&vvpl=1&l=20260130020537B2CF86576E22B903FDC8&btag=e000a8000
social_media,tiktok,1970-01-01 00:00:01.739139997,eldespertarecuatoriano, 🇪🇨 ,13223,2641,1043,https://v16m.tiktokcdn-us.com/732183ab6480341e08dfb8ea9ee0fc64/697c66f4/video/tos/no1a/tos-no1a-ve-0068-no/okLL5UP8gKjsIPFILlAeqQIGpAJIUpVDehew7q/?a=1233&bti=Ojs2NGYpQHM6OjZALjU2OmQvcCMxNDNg&ch=0&cr=13&dr=0&er=0&lr=all&net=0&cd=0%7C0%7C0%7C&cv=1&br=586&bt=293&cs=0&ds=6&ft=H3YMyvShQBGUxsurIWl2K4yqYl0Z0SE1GbZNJO7q8Z4ka&mime_type=video_mp4&qs=0&rc=OGc0ZjQ7PGU3ZzU6aDQ7ZkBpanVzcXQ5cjRseDMzbzczNUAxLWEvNS02NmAxXzZjLzEtYSM0Xm1kMmRzaWhgLS1kMTFzcw%3D%3D&vvpl=1&l=20260130020537B2CF86576E22B903FDC8&btag=e00090000
social_media,tiktok,1970-01-01 00:00:01.733786969,elian1308,"ENTREVISTA DE VERA A EXPERTO DEMUESTRA QUE LOS CORTEZ SON CULPA DE NOBOA, LO HACE PREMEDITADO PARA PRIVATIZAR M.🇪🇨 🇪🇨 ",13143,1617,386,https://v16m.tiktokcdn-us.com/9394cc074e82e6dbdabfadb49071ea08/697c67d8/video/tos/alisg/tos-alisg-pve-0037c001/ooc8fXBfA8aMGMpfRAeKfQPJVCQiu6dIABJdgC/?a=1233&bti=NXYpNDs8QGo6OjZAOm00NTAuYCMxNDNg&ch=0&cr=13&dr=0&er=0&lr=all&net=0&cd=0%7C0%7C0%7C&cv=1&br=966&bt=483&cs=0&ds=6&ft=H3YMyvShQBGUxsurIWl2K4yqYl0Z0SE1GbZNJO7q8Z4ka&mime_type=video_mp4&qs=0&rc=Z2c1ZTVmMzZkZTo3M2Y3Z0BpM3E3M3c5cjpxdzMzNzczM0BfY2AxLmEyX2AxYmEwXmFhYSNsai8yMmRzbF9gLS1kMTZzcw%3D%3D&vvpl=1&l=20260130020537B2CF86576E22B903FDC8&btag=e000a0000
social_media,tiktok,1970-01-01 00:00:01.743617834,elian1308, TE DEMUESTRO QUE A NOBOA LE AVISARON EN FEBRERO DEL RIESGO DE LA ROTURA DE LA TUBERÍA EN ESMERALDAS Y NO HIZO NADA. 🇪🇨 ,13103,3710,1038,https://v16m.tiktokcdn-us.com/3fbad4e6d159d6ca017862114a66a64a/697c67c7/video/tos/useast2a/tos-useast2a-pve-0068/oogetjCP921fsLqrQ0uGwgCISrCeAJlqKRx5Iv/?a=1233&bti=Ojs2NGYpQHM6OjZALjU2OmQvcCMxNDNg&ch=0&cr=13&dr=0&er=0&lr=all&net=0&cd=0%7C0%7C0%7C&cv=1&br=1946&bt=973&cs=0&ds=6&ft=H3YMyvShQBGUxsurIWl2K4yqYl0Z0SE1GbZNJO7q8Z4ka&mime_type=video_mp4&qs=0&rc=OWVkZDZkZGk0NTc7OGc7NkBpamRkcW45cjRxeTMzNzczM0BiNi1gXy1gXzIxLWEtNDVgYSNyaWYxMmQ0b2pgLS1kMTZzcw%3D%3D&vvpl=1&l=20260130020537B2CF86576E22B903FDC8&btag=e000a0000
social_media,tiktok,1970-01-01 00:00:01.740753553,elian1308,CUESTA HACE UN CIRCO PARA LOS TINTOS ALEGRES PERO ES PARA DEVIAR LA ATENCIÓN DE LA PRIVATIZACIÓN DEL CAMPO SACHA. 🇪🇨 🇪🇨 ,13061,1031,601,https://v16m.tiktokcdn-us.com/c57c57790a6a60602e3b3fdef2b32e46/697c679b/video/tos/useast2a/tos-useast2a-v-0068/o8IARigNATBfD24RIz5WAtkBMAECEAI8BOywio/?a=1233&bti=Ojs2NGYpQHM6OjZALjU2OmQvcCMxNDNg&ch=0&cr=13&dr=0&er=0&lr=all&net=0&cd=0%7C0%7C0%7C&cv=1&br=23728&bt=11864&ds=4&ft=H3YMyvShQBGUxsurIWl2K4yqYl0Z0SE1GbZNJO7q8Z4ka&mime_type=video_mp4&qs=13&rc=ampqbnA5cjN2eTMzNzczM0BpampqbnA5cjN2eTMzNzczM0BqZXM1MmRzZS1gLS1kMTZzYSNqZXM1MmRzZS1gLS1kMTZzcw%3D%3D&vvpl=1&l=20260130020537B2CF86576E22B903FDC8&btag=e00060000
